{
  "type": "FeatureCollection",
  "generator": "overpass-turbo",
  "copyright": "The data included in this document is from www.openstreetmap.org. The data is made available under ODbL.",
  "timestamp": "2026-09-05T10:16:36Z",
  "features": [
    {
      "type": "Feature",
      "properties": {
        "@id": "way/31768891",
        "electrified": "contact_line",
        "frequency": "50",
        "gauge": "1676",
        "railway": "rail",
        "service": "siding",
        "voltage": "25000"
      },
      "geometry": {
        "type": "LineString",
        "coordinates": [
          [
            75.2518279,
            26.8742077
          ],
          [
            75.2514687,
            26.8741134
          ],
          [
            75.2513385,
            26.8740821
          ],
          [
            75.2509068,
            26.8740147
          ],
          [
            75.2457019,
            26.8732238
          ],
          [
            75.2425006,
            26.8727373
          ],
          [
            75.2423348,
            26.8727231
          ],
          [
            75.2419413,
            26.8727016
          ]
        ]
      },
      "id": "way/31768891"
    },
    {
      "type": "Feature",
      "properties": {
        "@id": "way/31768904",
        "electrified": "contact_line",
        "frequency": "50",
        "gauge": "1676",
        "passenger_lines": "2",
        "railway": "rail",
        "usage": "main",
        "voltage": "25000"
      },
      "geometry": {
        "type": "LineString",
        "coordinates": [
          [
            75.2529691,
            26.874426
          ],
          [
            75.2534249,
            26.8745052
          ],
          [
            75.2537896,
            26.8745603
          ],
          [
            75.2545107,
            26.8746691
          ],
          [
            75.2556965,
            26.8748482
          ],
          [
            75.2584959,
            26.875282
          ],
          [
            75.2641125,
            26.8761264
          ],
          [
            75.3226877,
            26.8850683
          ],
          [
            75.3228767,
            26.8850979
          ],
          [
            75.3318972,
            26.8864629
          ],
          [
            75.3320717,
            26.8864896
          ],
          [
            75.3333512,
            26.8866813
          ],
          [
            75.3622751,
            26.8910736
          ],
          [
            75.3674811,
            26.8918764
          ],
          [
            75.3790907,
            26.8936354
          ],
          [
            75.3907789,
            26.8953946
          ],
          [
            75.3981327,
            26.8965122
          ],
          [
            75.4046999,
            26.8975042
          ],
          [
            75.4055797,
            26.8976371
          ],
          [
            75.4074285,
            26.8979139
          ],
          [
            75.40936,
            26.8982233
          ],
          [
            75.4131947,
            26.8987832
          ],
          [
            75.4165743,
            26.8992349
          ],
          [
            75.4189431,
            26.8995447
          ],
          [
            75.4209265,
            26.8998412
          ],
          [
            75.4214786,
            26.8999243
          ],
          [
            75.4234227,
            26.9002171
          ],
          [
            75.428569,
            26.9009922
          ],
          [
            75.4304208,
            26.9012882
          ],
          [
            75.4314336,
            26.9014236
          ],
          [
            75.4328291,
            26.9015447
          ],
          [
            75.434687,
            26.9014775
          ],
          [
            75.4354773,
            26.9013776
          ],
          [
            75.4360922,
            26.9012691
          ],
          [
            75.4365758,
            26.9011777
          ],
          [
            75.437031,
            26.901078
          ],
          [
            75.4376283,
            26.900901
          ],
          [
            75.4391992,
            26.9004055
          ]
        ]
      },
      "id": "way/31768904"
    },
    {
      "type": "Feature",
      "properties": {
        "@id": "way/31768905",
        "electrified": "contact_line",
        "frequency": "50",
        "gauge": "1676",
        "name": "Ajmer Bypass",
        "passenger_lines": "1",
        "railway": "rail",
        "usage": "main",
        "voltage": "25000"
      },
      "geometry": {
        "type": "LineString",
        "coordinates": [
          [
            74.6496565,
            26.4269782
          ],
          [
            74.6579105,
            26.4300729
          ],
          [
            74.6587745,
            26.430406
          ],
          [
            74.6587997,
            26.4304161
          ],
          [
            74.6596323,
            26.430748
          ],
          [
            74.6601275,
            26.4309756
          ],
          [
            74.6605377,
            26.4312242
          ],
          [
            74.6614286,
            26.4319038
          ],
          [
            74.6615135,
            26.4319819
          ],
          [
            74.6639662,
            26.4343903
          ],
          [
            74.6708275,
            26.4407525
          ],
          [
            74.6721321,
            26.4423387
          ],
          [
            74.6726402,
            26.4430384
          ],
          [
            74.6729128,
            26.4435275
          ],
          [
            74.6732957,
            26.4442545
          ],
          [
            74.6738759,
            26.4455928
          ],
          [
            74.6748026,
            26.4479668
          ],
          [
            74.6766682,
            26.4522308
          ],
          [
            74.6767714,
            26.4524981
          ],
          [
            74.6777279,
            26.4547647
          ],
          [
            74.6778586,
            26.4550331
          ],
          [
            74.6780003,
            26.4552623
          ],
          [
            74.6781251,
            26.4554341
          ],
          [
            74.6782485,
            26.4555909
          ],
          [
            74.6783755,
            26.4557564
          ],
          [
            74.6788914,
            26.4563232
          ],
          [
            74.6796945,
            26.4571506
          ],
          [
            74.6797688,
            26.4572272
          ],
          [
            74.68087,
            26.458334
          ],
          [
            74.6820407,
            26.4595084
          ],
          [
            74.6821968,
            26.4596508
          ],
          [
            74.682316,
            26.4597595
          ],
          [
            74.6827599,
            26.4601401
          ],
          [
            74.6829799,
            26.4603424
          ],
          [
            74.6848508,
            26.4621484
          ],
          [
            74.685182,
            26.4624919
          ],
          [
            74.6856893,
            26.4629173
          ],
          [
            74.68867,
            26.4659375
          ],
          [
            74.6895744,
            26.4668561
          ]
        ]
      },
      "id": "way/31768905"
    },
    {
      "type": "Feature",
      "properties": {
        "@id": "way/31768912",
        "bridge": "yes",
        "electrified": "contact_line",
        "frequency": "50",
        "gauge": "1676",
        "layer": "1",
        "passenger_lines": "1",
        "railway": "rail",
        "usage": "main",
        "voltage": "25000"
      },
      "geometry": {
        "type": "LineString",
        "coordinates": [
          [
            74.6485549,
            26.426574
          ],
          [
            74.6488506,
            26.4266824
          ]
        ]
      },
      "id": "way/31768912"
    },
    {
      "type": "Feature",
      "properties": {
        "@id": "way/31768913",
        "electrified": "contact_line",
        "frequency": "50",
        "gauge": "1676",
        "name": "Ajmer Bypass",
        "passenger_lines": "1",
        "railway": "rail",
        "usage": "main",
        "voltage": "25000"
      },
      "geometry": {
        "type": "LineString",
        "coordinates": [
          [
            74.6488506,
            26.4266824
          ],
          [
            74.6491994,
            26.4268149
          ]
        ]
      },
      "id": "way/31768913"
    },
    {
      "type": "Feature",
      "properties": {
        "@id": "way/67188477",
        "electrified": "contact_line",
        "frequency": "50",
        "gauge": "1676",
        "passenger_lines": "2",
        "railway": "rail",
        "usage": "main",
        "voltage": "25000"
      },
      "geometry": {
        "type": "LineString",
        "coordinates": [
          [
            75.6212789,
            26.9200111
          ],
          [
            75.6243842,
            26.9203684
          ],
          [
            75.6281231,
            26.9207994
          ],
          [
            75.6306094,
            26.9210877
          ],
          [
            75.6331946,
            26.9213821
          ],
          [
            75.6386805,
            26.9220159
          ],
          [
            75.6441772,
            26.9226413
          ],
          [
            75.6478435,
            26.9230653
          ],
          [
            75.651561,
            26.9234921
          ],
          [
            75.6555197,
            26.923948
          ],
          [
            75.658088,
            26.9242365
          ],
          [
            75.6595884,
            26.924405
          ],
          [
            75.6648377,
            26.9250109
          ],
          [
            75.6701286,
            26.925624
          ],
          [
            75.6749529,
            26.9261766
          ],
          [
            75.6765698,
            26.9263602
          ],
          [
            75.6798513,
            26.9267329
          ],
          [
            75.6852193,
            26.9273557
          ],
          [
            75.6906786,
            26.9279764
          ],
          [
            75.6913745,
            26.928042
          ],
          [
            75.6931865,
            26.9282583
          ],
          [
            75.6937238,
            26.9283214
          ],
          [
            75.6944944,
            26.9284119
          ],
          [
            75.6957394,
            26.9285666
          ],
          [
            75.6982873,
            26.9288564
          ],
          [
            75.7008294,
            26.9291504
          ],
          [
            75.704607,
            26.9295751
          ],
          [
            75.7059779,
            26.9297293
          ],
          [
            75.7073047,
            26.9298635
          ],
          [
            75.7074711,
            26.9298822
          ],
          [
            75.7110282,
            26.9302827
          ],
          [
            75.7125856,
            26.9304776
          ],
          [
            75.7154564,
            26.9308
          ],
          [
            75.7182745,
            26.9311156
          ],
          [
            75.7183605,
            26.9311252
          ],
          [
            75.7195455,
            26.931258
          ],
          [
            75.7244417,
            26.9318411
          ],
          [
            75.7334494,
            26.9328713
          ],
          [
            75.7394277,
            26.9335483
          ],
          [
            75.7433834,
            26.9339998
          ],
          [
            75.7474661,
            26.9344674
          ],
          [
            75.7480204,
            26.9345206
          ],
          [
            75.7486155,
            26.9345573
          ],
          [
            75.7493206,
            26.9345859
          ],
          [
            75.7501074,
            26.9345792
          ],
          [
            75.7509725,
            26.9345402
          ],
          [
            75.7521673,
            26.934469
          ],
          [
            75.7573601,
            26.9341476
          ],
          [
            75.760461,
            26.933954
          ],
          [
            75.7618241,
            26.9338705
          ],
          [
            75.7631348,
            26.9337961
          ],
          [
            75.7639522,
            26.9337219
          ],
          [
            75.7646568,
            26.9336347
          ],
          [
            75.7653385,
            26.9335276
          ],
          [
            75.7660472,
            26.933379
          ],
          [
            75.7664056,
            26.9332833
          ],
          [
            75.766753,
            26.9331991
          ],
          [
            75.7673163,
            26.9330439
          ],
          [
            75.7679971,
            26.9328369
          ],
          [
            75.7684501,
            26.9326779
          ],
          [
            75.7688161,
            26.9325424
          ],
          [
            75.769439,
            26.9322901
          ],
          [
            75.7697591,
            26.9321511
          ],
          [
            75.7704499,
            26.931829
          ],
          [
            75.7712244,
            26.9314192
          ],
          [
            75.7716597,
            26.9311752
          ],
          [
            75.7719453,
            26.9310054
          ],
          [
            75.7731367,
            26.9302931
          ],
          [
            75.7744901,
            26.9294683
          ]
        ]
      },
      "id": "way/67188477"
    },
    {
      "type": "Feature",
      "properties": {
        "@id": "way/91602741",
        "electrified": "contact_line",
        "frequency": "50",
        "gauge": "1435",
        "layer": "-1",
        "name": "Pink Line (Jaipur Metro)",
        "name:hi": "पिंक लाइन (जयपुर मेट्रो)",
        "network": "Jaipur Metro",
        "note": "Contributors are requested to not edit the \"network\" and the \"operator\" tags. (2023/11/08)",
        "operator": "Jaipur Metro Rail Corporation Limited",
        "railway": "subway",
        "subway": "yes",
        "tracks": "2",
        "tunnel": "yes",
        "voltage": "25000"
      },
      "geometry": {
        "type": "LineString",
        "coordinates": [
          [
            75.8079145,
            26.9265583
          ],
          [
            75.8073199,
            26.9261624
          ],
          [
            75.8070942,
            26.926021
          ],
          [
            75.8061396,
            26.9252867
          ],
          [
            75.8054953,
            26.9249037
          ]
        ]
      },
      "id": "way/91602741"
    },
    {
      "type": "Feature",
      "properties": {
        "@id": "way/92002198",
        "electrified": "no",
        "gauge": "1676",
        "passenger_lines": "1",
        "railway": "rail",
        "usage": "branch"
      },
      "geometry": {
        "type": "LineString",
        "coordinates": [
          [
            74.6818141,
            26.4594976
          ],
          [
            74.6820681,
            26.4597427
          ],
          [
            74.6854261,
            26.4629832
          ],
          [
            74.6877616,
            26.4653427
          ],
          [
            74.6896233,
            26.4672054
          ],
          [
            74.6935225,
            26.4711576
          ],
          [
            74.6947197,
            26.4723629
          ],
          [
            74.6955419,
            26.4731833
          ],
          [
            74.6958674,
            26.4735273
          ],
          [
            74.6961506,
            26.4738637
          ],
          [
            74.6963292,
            26.4741025
          ],
          [
            74.6965282,
            26.4743943
          ],
          [
            74.6966913,
            26.4746571
          ],
          [
            74.6968617,
            26.4749602
          ],
          [
            74.6969983,
            26.4752241
          ],
          [
            74.6971657,
            26.4756439
          ],
          [
            74.6972948,
            26.4760184
          ],
          [
            74.6973977,
            26.4763552
          ],
          [
            74.6974925,
            26.4767767
          ],
          [
            74.6975496,
            26.4771828
          ],
          [
            74.6975946,
            26.4775521
          ],
          [
            74.6976086,
            26.4779871
          ],
          [
            74.6976007,
            26.4783763
          ],
          [
            74.6975606,
            26.4787853
          ],
          [
            74.6974848,
            26.4792116
          ],
          [
            74.6973726,
            26.4796533
          ],
          [
            74.6972791,
            26.4799797
          ],
          [
            74.6971765,
            26.4802926
          ],
          [
            74.6970914,
            26.4805009
          ],
          [
            74.6970571,
            26.4805849
          ],
          [
            74.6968576,
            26.4809714
          ],
          [
            74.6966902,
            26.4812795
          ],
          [
            74.6964338,
            26.4816916
          ],
          [
            74.6961506,
            26.4821164
          ],
          [
            74.6951203,
            26.4835391
          ]
        ]
      },
      "id": "way/92002198"
    },
    {
      "type": "Feature",
      "properties": {
        "@id": "way/101837604",
        "electrified": "contact_line",
        "frequency": "50",
        "gauge": "1676",
        "passenger_lines": "2",
        "railway": "rail",
        "usage": "main",
        "voltage": "25000"
      },
      "geometry": {
        "type": "LineString",
        "coordinates": [
          [
            74.7227317,
            26.4992648
          ],
          [
            74.7204101,
            26.4973153
          ],
          [
            74.7169206,
            26.4942974
          ],
          [
            74.7160462,
            26.4935556
          ],
          [
            74.715251,
            26.4928192
          ],
          [
            74.7140843,
            26.4916427
          ],
          [
            74.6956314,
            26.4731236
          ],
          [
            74.6936444,
            26.4711371
          ],
          [
            74.6934749,
            26.4709655
          ],
          [
            74.692894,
            26.4703816
          ],
          [
            74.6896976,
            26.4671418
          ],
          [
            74.6878615,
            26.4652823
          ],
          [
            74.6854877,
            26.4629243
          ],
          [
            74.6821552,
            26.4596795
          ],
          [
            74.6815241,
            26.459065
          ],
          [
            74.6808355,
            26.4583608
          ],
          [
            74.6797277,
            26.4572634
          ],
          [
            74.6796486,
            26.4571827
          ],
          [
            74.6788485,
            26.4563666
          ],
          [
            74.6776166,
            26.4551571
          ],
          [
            74.6769393,
            26.4544101
          ],
          [
            74.6765621,
            26.4540548
          ],
          [
            74.6762845,
            26.453825
          ],
          [
            74.6759581,
            26.4535726
          ],
          [
            74.6755677,
            26.4533012
          ],
          [
            74.6751752,
            26.4530572
          ],
          [
            74.6748431,
            26.4528737
          ],
          [
            74.6739227,
            26.452438
          ],
          [
            74.671547,
            26.4514643
          ],
          [
            74.6690262,
            26.4504039
          ],
          [
            74.6675343,
            26.4498002
          ],
          [
            74.6667502,
            26.4494729
          ],
          [
            74.666125,
            26.4492089
          ],
          [
            74.6655718,
            26.4489752
          ],
          [
            74.665004,
            26.4487849
          ],
          [
            74.6643603,
            26.448635
          ],
          [
            74.6638992,
            26.4485583
          ],
          [
            74.6633765,
            26.448494
          ],
          [
            74.6628414,
            26.4484824
          ],
          [
            74.6623775,
            26.4484886
          ],
          [
            74.6605853,
            26.4486495
          ],
          [
            74.6603141,
            26.4486766
          ],
          [
            74.6587511,
            26.448839
          ],
          [
            74.657844,
            26.4489308
          ],
          [
            74.6573176,
            26.4490263
          ],
          [
            74.6567842,
            26.4491572
          ],
          [
            74.6563313,
            26.449319
          ],
          [
            74.6556243,
            26.4496538
          ],
          [
            74.6552295,
            26.4498913
          ],
          [
            74.6549584,
            26.4500977
          ],
          [
            74.6546385,
            26.450354
          ],
          [
            74.6544003,
            26.4505844
          ],
          [
            74.6539566,
            26.4510713
          ],
          [
            74.6535381,
            26.4516878
          ],
          [
            74.6521634,
            26.4542801
          ],
          [
            74.65125,
            26.4559492
          ],
          [
            74.6511306,
            26.4561797
          ],
          [
            74.6501923,
            26.457967
          ],
          [
            74.6497792,
            26.4587584
          ],
          [
            74.649548,
            26.459104
          ],
          [
            74.6493753,
            26.459318
          ],
          [
            74.6492285,
            26.459487
          ],
          [
            74.648646,
            26.4599916
          ],
          [
            74.648242,
            26.4602622
          ],
          [
            74.647767,
            26.460524
          ],
          [
            74.6462699,
            26.4612602
          ],
          [
            74.6448315,
            26.4618938
          ],
          [
            74.6446285,
            26.4619642
          ]
        ]
      },
      "id": "way/101837604"
    },
    {
      "type": "Feature",
      "properties": {
        "@id": "way/163691419",
        "electrified": "contact_line",
        "frequency": "50",
        "gauge": "1676",
        "passenger_lines": "2",
        "railway": "rail",
        "usage": "main",
        "voltage": "25000"
      },
      "geometry": {
        "type": "LineString",
        "coordinates": [
          [
            75.8173787,
            26.8440869
          ],
          [
            75.8176359,
            26.8438168
          ]
        ]
      },
      "id": "way/163691419"
    },
    {
      "type": "Feature",
      "properties": {
        "@id": "way/163691420",
        "electrified": "contact_line",
        "frequency": "50",
        "gauge": "1676",
        "passenger_lines": "2",
        "railway": "rail",
        "usage": "main",
        "voltage": "25000"
      },
      "geometry": {
        "type": "LineString",
        "coordinates": [
          [
            75.8002381,
            26.8694796
          ],
          [
            75.8013735,
            26.8656391
          ],
          [
            75.8015442,
            26.8651374
          ],
          [
            75.8017399,
            26.8646887
          ],
          [
            75.8019861,
            26.8641824
          ],
          [
            75.802263,
            26.8637018
          ],
          [
            75.8025366,
            26.8633046
          ],
          [
            75.8032258,
            26.8623878
          ],
          [
            75.8048883,
            26.8601905
          ]
        ]
      },
      "id": "way/163691420"
    },
    {
      "type": "Feature",
      "properties": {
        "@id": "way/184239711",
        "electrified": "contact_line",
        "frequency": "50",
        "gauge": "1676",
        "passenger_lines": "1",
        "railway": "rail",
        "usage": "main",
        "voltage": "25000"
      },
      "geometry": {
        "type": "LineString",
        "coordinates": [
          [
            75.781177,
            26.8324396
          ],
          [
            75.7808812,
            26.8321215
          ],
          [
            75.7788708,
            26.829098
          ],
          [
            75.7762028,
            26.8250574
          ],
          [
            75.7750343,
            26.8233204
          ],
          [
            75.7738396,
            26.8215146
          ],
          [
            75.7734447,
            26.8207563
          ],
          [
            75.7732044,
            26.8199903
          ],
          [
            75.7730928,
            26.8190712
          ],
          [
            75.7730851,
            26.8186128
          ],
          [
            75.7730585,
            26.817026
          ],
          [
            75.7730585,
            26.8145922
          ],
          [
            75.7730585,
            26.8117788
          ],
          [
            75.7730921,
            26.8112699
          ],
          [
            75.7732104,
            26.8106653
          ],
          [
            75.7733417,
            26.8101931
          ],
          [
            75.7737537,
            26.8094883
          ],
          [
            75.7741486,
            26.808975
          ],
          [
            75.7764494,
            26.8066645
          ]
        ]
      },
      "id": "way/184239711"
    },
    {
      "type": "Feature",
      "properties": {
        "@id": "way/184239712",
        "bridge": "yes",
        "bridge:structure": "beam",
        "electrified": "contact_line",
        "frequency": "50",
        "gauge": "1676",
        "layer": "1",
        "name": "Jaipur to Sawai Madhopur Line",
        "railway": "rail",
        "source": "Esri World Imagery (2024-09-15)",
        "usage": "main",
        "voltage": "25000"
      },
      "geometry": {
        "type": "LineString",
        "coordinates": [
          [
            75.7817273,
            26.8332712
          ],
          [
            75.781177,
            26.8324396
          ]
        ]
      },
      "id": "way/184239712"
    },
    {
      "type": "Feature",
      "properties": {
        "@id": "way/184239713",
        "bridge": "yes",
        "bridge:structure": "beam",
        "electrified": "contact_line",
        "frequency": "50",
        "gauge": "1676",
        "layer": "1",
        "name": "Jaipur to Sawai Madhopur Line",
        "railway": "rail",
        "source": "Esri World Imagery (2024-09-15)",
        "usage": "main",
        "voltage": "25000"
      },
      "geometry": {
        "type": "LineString",
        "coordinates": [
          [
            75.7891132,
            26.8920581
          ],
          [
            75.7890871,
            26.8916166
          ]
        ]
      },
      "id": "way/184239713"
    },
    {
      "type": "Feature",
      "properties": {
        "@id": "way/184239715",
        "bridge": "yes",
        "electrified": "contact_line",
        "frequency": "50",
        "gauge": "1676",
        "layer": "1",
        "passenger_lines": "1",
        "railway": "rail",
        "usage": "main",
        "voltage": "25000"
      },
      "geometry": {
        "type": "LineString",
        "coordinates": [
          [
            75.7764494,
            26.8066645
          ],
          [
            75.7765439,
            26.8065705
          ]
        ]
      },
      "id": "way/184239715"
    },
    {
      "type": "Feature",
      "properties": {
        "@id": "way/184239716",
        "electrified": "contact_line",
        "frequency": "50",
        "gauge": "1676",
        "name": "Jaipur to Sawai Madhopur Line",
        "railway": "rail",
        "source": "Esri World Imagery (2024-09-15)",
        "usage": "main",
        "voltage": "25000"
      },
      "geometry": {
        "type": "LineString",
        "coordinates": [
          [
            75.7890871,
            26.8916166
          ],
          [
            75.7887907,
            26.8871647
          ],
          [
            75.7883176,
            26.8796903
          ],
          [
            75.7871579,
            26.8614794
          ]
        ]
      },
      "id": "way/184239716"
    },
    {
      "type": "Feature",
      "properties": {
        "@id": "way/184239718",
        "electrified": "contact_line",
        "frequency": "50",
        "gauge": "1676",
        "passenger_lines": "1",
        "railway": "rail",
        "usage": "main",
        "voltage": "25000"
      },
      "geometry": {
        "type": "LineString",
        "coordinates": [
          [
            75.8551365,
            26.7624451
          ],
          [
            75.8578077,
            26.7605272
          ],
          [
            75.8587863,
            26.759827
          ],
          [
            75.8662762,
            26.7544307
          ],
          [
            75.8666225,
            26.7541814
          ],
          [
            75.8686396,
            26.7527559
          ],
          [
            75.8695078,
            26.7519055
          ],
          [
            75.8697745,
            26.7515558
          ],
          [
            75.8700558,
            26.751131
          ],
          [
            75.8701878,
            26.7508854
          ],
          [
            75.8703321,
            26.7505809
          ],
          [
            75.8704736,
            26.7501904
          ],
          [
            75.8705902,
            26.7497687
          ],
          [
            75.8706716,
            26.7493775
          ],
          [
            75.8707761,
            26.748805
          ],
          [
            75.8708821,
            26.7482088
          ],
          [
            75.8718163,
            26.7428128
          ],
          [
            75.8721844,
            26.7406699
          ],
          [
            75.8723901,
            26.7395644
          ],
          [
            75.8726078,
            26.7385732
          ],
          [
            75.8727908,
            26.7379624
          ],
          [
            75.8730602,
            26.737212
          ],
          [
            75.8739719,
            26.7350155
          ],
          [
            75.8750282,
            26.7324876
          ],
          [
            75.8773976,
            26.7267814
          ],
          [
            75.8783921,
            26.7244984
          ],
          [
            75.8826244,
            26.7142686
          ],
          [
            75.883102,
            26.7131399
          ],
          [
            75.883264,
            26.7127572
          ],
          [
            75.8860663,
            26.7060197
          ],
          [
            75.8862348,
            26.7056114
          ],
          [
            75.8876503,
            26.7021817
          ],
          [
            75.8886122,
            26.6999026
          ],
          [
            75.8890108,
            26.6989357
          ],
          [
            75.8900477,
            26.6964198
          ],
          [
            75.8911041,
            26.6939144
          ],
          [
            75.8915507,
            26.6926536
          ],
          [
            75.8917294,
            26.6919832
          ],
          [
            75.8918876,
            26.6912307
          ],
          [
            75.8919846,
            26.6905832
          ],
          [
            75.8920739,
            26.6898604
          ],
          [
            75.8922423,
            26.6883919
          ],
          [
            75.89328,
            26.6779226
          ],
          [
            75.8943711,
            26.6672591
          ],
          [
            75.8949619,
            26.6619496
          ],
          [
            75.8958351,
            26.6568777
          ],
          [
            75.89603,
            26.6557809
          ],
          [
            75.8962249,
            26.6546519
          ],
          [
            75.8964126,
            26.6535391
          ],
          [
            75.8966327,
            26.6524488
          ],
          [
            75.8976137,
            26.6482149
          ],
          [
            75.8994183,
            26.640332
          ],
          [
            75.8995235,
            26.6398726
          ],
          [
            75.903435,
            26.6229855
          ],
          [
            75.9054655,
            26.6142631
          ],
          [
            75.9074729,
            26.6055381
          ],
          [
            75.9085551,
            26.6008369
          ],
          [
            75.9096482,
            26.596137
          ],
          [
            75.9104991,
            26.5926948
          ],
          [
            75.9107499,
            26.5915884
          ],
          [
            75.9111443,
            26.5897815
          ],
          [
            75.9117539,
            26.586989
          ],
          [
            75.9121391,
            26.5853571
          ],
          [
            75.9123268,
            26.584526
          ],
          [
            75.9124658,
            26.5836836
          ],
          [
            75.9127728,
            26.5803628
          ],
          [
            75.9134117,
            26.5736479
          ],
          [
            75.9137148,
            26.5701659
          ],
          [
            75.9140375,
            26.5666312
          ],
          [
            75.914549,
            26.5611486
          ],
          [
            75.9146982,
            26.5595494
          ],
          [
            75.9159986,
            26.5453859
          ],
          [
            75.9171004,
            26.5334326
          ],
          [
            75.9179611,
            26.5240947
          ],
          [
            75.9186099,
            26.5170543
          ],
          [
            75.9191221,
            26.5114272
          ],
          [
            75.9196414,
            26.5058061
          ],
          [
            75.9202497,
            26.4993118
          ],
          [
            75.9206955,
            26.4945519
          ],
          [
            75.9225654,
            26.4743996
          ],
          [
            75.9227841,
            26.4720423
          ],
          [
            75.9230817,
            26.4689287
          ],
          [
            75.9233757,
            26.4657444
          ],
          [
            75.9239528,
            26.459388
          ],
          [
            75.925008,
            26.448036
          ],
          [
            75.9251384,
            26.446633
          ],
          [
            75.9275066,
            26.421153
          ],
          [
            75.9280578,
            26.4151849
          ],
          [
            75.9283275,
            26.4121784
          ],
          [
            75.9285843,
            26.4107066
          ],
          [
            75.9289494,
            26.4092724
          ],
          [
            75.9319073,
            26.3977979
          ],
          [
            75.9326649,
            26.394656
          ],
          [
            75.9335433,
            26.391401
          ],
          [
            75.9344161,
            26.3880178
          ]
        ]
      },
      "id": "way/184239718"
    },
    {
      "type": "Feature",
      "properties": {
        "@id": "way/208486664",
        "electrified": "contact_line",
        "frequency": "50",
        "gauge": "1676",
        "passenger_lines": "2",
        "railway": "rail",
        "usage": "main",
        "voltage": "25000"
      },
      "geometry": {
        "type": "LineString",
        "coordinates": [
          [
            75.7904047,
            26.9108085
          ],
          [
            75.7903961,
            26.9106678
          ],
          [
            75.7903372,
            26.9095962
          ],
          [
            75.7902794,
            26.9088611
          ],
          [
            75.7902761,
            26.9088106
          ],
          [
            75.7901083,
            26.9064812
          ],
          [
            75.7900802,
            26.9060174
          ],
          [
            75.7900742,
            26.905632
          ],
          [
            75.7900799,
            26.9050666
          ],
          [
            75.7901088,
            26.904427
          ],
          [
            75.7901394,
            26.9040125
          ],
          [
            75.7901819,
            26.9035971
          ],
          [
            75.7902336,
            26.9032339
          ],
          [
            75.7903165,
            26.9027233
          ],
          [
            75.7904293,
            26.9022138
          ],
          [
            75.7906734,
            26.9012106
          ],
          [
            75.7916151,
            26.8981773
          ],
          [
            75.7925987,
            26.8947934
          ]
        ]
      },
      "id": "way/208486664"
    },
    {
      "type": "Feature",
      "properties": {
        "@id": "way/208486667",
        "bridge": "yes",
        "electrified": "contact_line",
        "frequency": "50",
        "gauge": "1676",
        "layer": "1",
        "passenger_lines": "2",
        "railway": "rail",
        "usage": "main",
        "voltage": "25000"
      },
      "geometry": {
        "type": "LineString",
        "coordinates": [
          [
            75.7925987,
            26.8947934
          ],
          [
            75.7927248,
            26.8944014
          ]
        ]
      },
      "id": "way/208486667"
    },
    {
      "type": "Feature",
      "properties": {
        "@id": "way/208486676",
        "bridge": "yes",
        "electrified": "contact_line",
        "frequency": "50",
        "gauge": "1676",
        "layer": "1",
        "passenger_lines": "2",
        "railway": "rail",
        "usage": "main",
        "voltage": "25000"
      },
      "geometry": {
        "type": "LineString",
        "coordinates": [
          [
            75.7926259,
            26.8944006
          ],
          [
            75.7925069,
            26.8947844
          ]
        ]
      },
      "id": "way/208486676"
    },
    {
      "type": "Feature",
      "properties": {
        "@id": "way/208486680",
        "electrified": "contact_line",
        "frequency": "50",
        "gauge": "1676",
        "passenger_lines": "1",
        "railway": "rail",
        "usage": "main",
        "voltage": "25000"
      },
      "geometry": {
        "type": "LineString",
        "coordinates": [
          [
            75.7903342,
            26.9112831
          ],
          [
            75.7902326,
            26.9096041
          ],
          [
            75.7901773,
            26.9088742
          ],
          [
            75.7901704,
            26.9088213
          ],
          [
            75.7899798,
            26.9060325
          ],
          [
            75.789949,
            26.905639
          ],
          [
            75.7898423,
            26.9046716
          ],
          [
            75.7898168,
            26.9043007
          ],
          [
            75.7897865,
            26.9038635
          ],
          [
            75.7897465,
            26.903112
          ],
          [
            75.7897493,
            26.9028127
          ],
          [
            75.7898398,
            26.9013461
          ],
          [
            75.7898354,
            26.9009883
          ],
          [
            75.7898264,
            26.9006453
          ],
          [
            75.7895109,
            26.8956379
          ],
          [
            75.7894662,
            26.8952171
          ],
          [
            75.7894152,
            26.8948033
          ],
          [
            75.7892114,
            26.8934231
          ],
          [
            75.7891417,
            26.8928442
          ],
          [
            75.7891132,
            26.8920581
          ]
        ]
      },
      "id": "way/208486680"
    },
    {
      "type": "Feature",
      "properties": {
        "@id": "way/208486681",
        "electrified": "contact_line",
        "frequency": "50",
        "gauge": "1676",
        "passenger_lines": "2",
        "railway": "rail",
        "usage": "main",
        "voltage": "25000"
      },
      "geometry": {
        "type": "LineString",
        "coordinates": [
          [
            75.7925069,
            26.8947844
          ],
          [
            75.792386,
            26.8951977
          ],
          [
            75.792278,
            26.8955896
          ],
          [
            75.7920897,
            26.8962647
          ],
          [
            75.7918113,
            26.8972251
          ],
          [
            75.7915036,
            26.8983144
          ],
          [
            75.791196,
            26.8993221
          ],
          [
            75.7908828,
            26.9003494
          ],
          [
            75.7906044,
            26.9012574
          ],
          [
            75.7903752,
            26.902208
          ],
          [
            75.7902722,
            26.9027197
          ],
          [
            75.7901748,
            26.9032258
          ],
          [
            75.7901293,
            26.9035937
          ],
          [
            75.7900831,
            26.9040137
          ],
          [
            75.7900533,
            26.9044309
          ],
          [
            75.7900206,
            26.9050711
          ],
          [
            75.7900182,
            26.9056318
          ],
          [
            75.7900314,
            26.9060231
          ],
          [
            75.7900585,
            26.906489
          ],
          [
            75.7902314,
            26.9088158
          ],
          [
            75.7902341,
            26.9088638
          ],
          [
            75.790301,
            26.909868
          ],
          [
            75.7903363,
            26.9104205
          ]
        ]
      },
      "id": "way/208486681"
    },
    {
      "type": "Feature",
      "properties": {
        "@id": "way/208486683",
        "electrified": "contact_line",
        "frequency": "50",
        "gauge": "1676",
        "passenger_lines": "2",
        "railway": "rail",
        "usage": "main",
        "voltage": "25000"
      },
      "geometry": {
        "type": "LineString",
        "coordinates": [
          [
            75.8176359,
            26.8438168
          ],
          [
            75.8181583,
            26.8433785
          ],
          [
            75.8185889,
            26.8430468
          ],
          [
            75.8191203,
            26.8427101
          ],
          [
            75.8195357,
            26.8424991
          ],
          [
            75.8199913,
            26.8422617
          ],
          [
            75.8207393,
            26.8418947
          ],
          [
            75.8227072,
            26.8409936
          ],
          [
            75.8255321,
            26.839797
          ],
          [
            75.8315808,
            26.837024
          ],
          [
            75.8338975,
            26.8359619
          ],
          [
            75.8349574,
            26.8354763
          ],
          [
            75.8350237,
            26.8354469
          ],
          [
            75.8354007,
            26.8352829
          ],
          [
            75.8358786,
            26.8351011
          ],
          [
            75.8363333,
            26.8349897
          ],
          [
            75.8368699,
            26.8349168
          ],
          [
            75.8373902,
            26.8348949
          ],
          [
            75.8506635,
            26.8350929
          ],
          [
            75.8507562,
            26.8350951
          ],
          [
            75.8574173,
            26.8352542
          ],
          [
            75.868307,
            26.8354796
          ],
          [
            75.8788119,
            26.835714
          ],
          [
            75.8854103,
            26.8358676
          ],
          [
            75.8864616,
            26.8358862
          ]
        ]
      },
      "id": "way/208486683"
    },
    {
      "type": "Feature",
      "properties": {
        "@id": "way/208486688",
        "electrified": "contact_line",
        "frequency": "50",
        "gauge": "1676",
        "passenger_lines": "2",
        "railway": "rail",
        "usage": "main",
        "voltage": "25000"
      },
      "geometry": {
        "type": "LineString",
        "coordinates": [
          [
            75.8865299,
            26.8358405
          ],
          [
            75.8863597,
            26.8358367
          ],
          [
            75.8788138,
            26.8356622
          ],
          [
            75.8683085,
            26.8354406
          ],
          [
            75.857384,
            26.8352031
          ],
          [
            75.8507577,
            26.835037
          ],
          [
            75.8506644,
            26.8350347
          ],
          [
            75.8461252,
            26.8349636
          ],
          [
            75.8373973,
            26.8348448
          ],
          [
            75.836874,
            26.8348687
          ],
          [
            75.8363373,
            26.8349392
          ],
          [
            75.8358661,
            26.8350604
          ],
          [
            75.8353803,
            26.8352414
          ],
          [
            75.8350035,
            26.8354058
          ],
          [
            75.8349348,
            26.8354357
          ],
          [
            75.8338702,
            26.8359184
          ],
          [
            75.8315703,
            26.8369742
          ],
          [
            75.8255149,
            26.8397538
          ],
          [
            75.8226885,
            26.8409513
          ],
          [
            75.8207131,
            26.8418541
          ],
          [
            75.8199522,
            26.8422326
          ],
          [
            75.8195034,
            26.8424518
          ],
          [
            75.8190958,
            26.8426641
          ],
          [
            75.8185591,
            26.8430079
          ],
          [
            75.8181252,
            26.8433361
          ],
          [
            75.8176092,
            26.8437882
          ]
        ]
      },
      "id": "way/208486688"
    },
    {
      "type": "Feature",
      "properties": {
        "@id": "way/208488194",
        "electrified": "contact_line",
        "frequency": "50",
        "gauge": "1676",
        "railway": "rail",
        "voltage": "25000"
      },
      "geometry": {
        "type": "LineString",
        "coordinates": [
          [
            75.7863643,
            26.9202441
          ],
          [
            75.7872214,
            26.9195529
          ],
          [
            75.7877401,
            26.9191228
          ],
          [
            75.787867,
            26.9190306
          ],
          [
            75.7880809,
            26.9188882
          ],
          [
            75.78857,
            26.9186338
          ],
          [
            75.7887498,
            26.9185239
          ],
          [
            75.788916,
            26.9184099
          ],
          [
            75.789186,
            26.9182044
          ],
          [
            75.7896392,
            26.9178259
          ],
          [
            75.7898349,
            26.9176424
          ],
          [
            75.7900044,
            26.9174502
          ],
          [
            75.7901645,
            26.9172165
          ],
          [
            75.7903082,
            26.9169541
          ],
          [
            75.7904151,
            26.916688
          ],
          [
            75.790484,
            26.9164414
          ],
          [
            75.7905198,
            26.9162095
          ],
          [
            75.7905339,
            26.9159702
          ],
          [
            75.7905209,
            26.9155485
          ],
          [
            75.7905277,
            26.9151937
          ],
          [
            75.7905224,
            26.9150015
          ],
          [
            75.7905124,
            26.914849
          ]
        ]
      },
      "id": "way/208488194"
    },
    {
      "type": "Feature",
      "properties": {
        "@id": "way/208488195",
        "electrified": "no",
        "gauge": "1676",
        "railway": "rail",
        "service": "yard"
      },
      "geometry": {
        "type": "LineString",
        "coordinates": [
          [
            75.7749896,
            26.9290024
          ],
          [
            75.7754455,
            26.9287874
          ],
          [
            75.7757112,
            26.9286368
          ],
          [
            75.7759916,
            26.9284755
          ],
          [
            75.7772647,
            26.9277021
          ],
          [
            75.7778524,
            26.9273516
          ],
          [
            75.7782533,
            26.9271001
          ],
          [
            75.7786339,
            26.926848
          ],
          [
            75.7789291,
            26.9266307
          ],
          [
            75.7791309,
            26.9264655
          ],
          [
            75.7794895,
            26.9261745
          ]
        ]
      },
      "id": "way/208488195"
    },
    {
      "type": "Feature",
      "properties": {
        "@id": "way/208488196",
        "electrified": "no",
        "gauge": "1676",
        "railway": "rail",
        "service": "yard"
      },
      "geometry": {
        "type": "LineString",
        "coordinates": [
          [
            75.7791309,
            26.9264655
          ],
          [
            75.7795418,
            26.9260436
          ],
          [
            75.7795959,
            26.9259846
          ],
          [
            75.7799568,
            26.9256185
          ],
          [
            75.7806797,
            26.924868
          ],
          [
            75.7808337,
            26.9247077
          ],
          [
            75.7810082,
            26.924547
          ],
          [
            75.7811883,
            26.9243935
          ],
          [
            75.7815252,
            26.9241213
          ],
          [
            75.781704,
            26.9239759
          ],
          [
            75.7818769,
            26.9238195
          ],
          [
            75.7822343,
            26.9234662
          ],
          [
            75.782437,
            26.9232692
          ],
          [
            75.7827547,
            26.9229698
          ],
          [
            75.7834159,
            26.9224448
          ],
          [
            75.7835956,
            26.9222894
          ],
          [
            75.7875586,
            26.9183744
          ]
        ]
      },
      "id": "way/208488196"
    },
    {
      "type": "Feature",
      "properties": {
        "@id": "way/208488197",
        "electrified": "contact_line",
        "frequency": "50",
        "gauge": "1676",
        "passenger_lines": "2",
        "railway": "rail",
        "usage": "main",
        "voltage": "25000"
      },
      "geometry": {
        "type": "LineString",
        "coordinates": [
          [
            75.7799096,
            26.9258874
          ],
          [
            75.7796466,
            26.9261044
          ],
          [
            75.7795123,
            26.9262141
          ],
          [
            75.7791952,
            26.9264698
          ],
          [
            75.7789519,
            26.9266577
          ],
          [
            75.7786648,
            26.9268742
          ],
          [
            75.7782735,
            26.9271366
          ],
          [
            75.777873,
            26.9273884
          ],
          [
            75.7770235,
            26.9278946
          ],
          [
            75.7768744,
            26.927986
          ],
          [
            75.7750781,
            26.929065
          ]
        ]
      },
      "id": "way/208488197"
    },
    {
      "type": "Feature",
      "properties": {
        "@id": "way/208491213",
        "railway": "rail"
      },
      "geometry": {
        "type": "LineString",
        "coordinates": [
          [
            75.696716,
            26.9285714
          ],
          [
            75.6973858,
            26.9285953
          ],
          [
            75.6979957,
            26.9286704
          ],
          [
            75.6990798,
            26.9287929
          ],
          [
            75.7003434,
            26.92893
          ],
          [
            75.701629,
            26.9290852
          ],
          [
            75.7028908,
            26.9292305
          ],
          [
            75.7041471,
            26.9293807
          ],
          [
            75.7048101,
            26.9294509
          ],
          [
            75.7058472,
            26.9296057
          ]
        ]
      },
      "id": "way/208491213"
    },
    {
      "type": "Feature",
      "properties": {
        "@id": "way/208491214",
        "railway": "rail"
      },
      "geometry": {
        "type": "LineString",
        "coordinates": [
          [
            75.7036391,
            26.929506
          ],
          [
            75.7030996,
            26.9294917
          ],
          [
            75.7022883,
            26.9294101
          ],
          [
            75.7017665,
            26.9293486
          ],
          [
            75.7011108,
            26.9292713
          ],
          [
            75.6996402,
            26.9291031
          ],
          [
            75.6983766,
            26.9289594
          ],
          [
            75.6969427,
            26.9287945
          ],
          [
            75.6957944,
            26.928659
          ],
          [
            75.6953036,
            26.9285888
          ],
          [
            75.6950571,
            26.9285312
          ]
        ]
      },
      "id": "way/208491214"
    },
    {
      "type": "Feature",
      "properties": {
        "@id": "way/208491215",
        "electrified": "contact_line",
        "frequency": "50",
        "gauge": "1676",
        "railway": "rail",
        "service": "crossover",
        "voltage": "25000"
      },
      "geometry": {
        "type": "LineString",
        "coordinates": [
          [
            75.2383035,
            26.8716154
          ],
          [
            75.2385776,
            26.8718405
          ],
          [
            75.2387413,
            26.8719599
          ],
          [
            75.2389991,
            26.872112
          ],
          [
            75.2392872,
            26.8722575
          ],
          [
            75.2396073,
            26.8723825
          ],
          [
            75.2399233,
            26.8724728
          ],
          [
            75.2402737,
            26.8725496
          ],
          [
            75.2405228,
            26.8725985
          ],
          [
            75.2407451,
            26.8726433
          ]
        ]
      },
      "id": "way/208491215"
    },
    {
      "type": "Feature",
      "properties": {
        "@id": "way/208491216",
        "electrified": "contact_line",
        "frequency": "50",
        "gauge": "1676",
        "passenger_lines": "2",
        "railway": "rail",
        "usage": "main",
        "voltage": "25000"
      },
      "geometry": {
        "type": "LineString",
        "coordinates": [
          [
            75.6212154,
            26.9199686
          ],
          [
            75.6206075,
            26.9198994
          ],
          [
            75.6169404,
            26.9194732
          ],
          [
            75.6132865,
            26.9190571
          ],
          [
            75.6101046,
            26.9186882
          ],
          [
            75.6094512,
            26.9186124
          ],
          [
            75.6055234,
            26.9181592
          ],
          [
            75.6010061,
            26.9176185
          ],
          [
            75.5988038,
            26.9173721
          ],
          [
            75.5965498,
            26.9171148
          ],
          [
            75.5920611,
            26.9166026
          ],
          [
            75.5876914,
            26.9160931
          ],
          [
            75.581104,
            26.915337
          ],
          [
            75.57453,
            26.9145779
          ],
          [
            75.5679973,
            26.9138185
          ],
          [
            75.5619599,
            26.9131244
          ],
          [
            75.5613871,
            26.9130585
          ],
          [
            75.5548277,
            26.912308
          ],
          [
            75.5514237,
            26.9119149
          ],
          [
            75.5513029,
            26.9119009
          ],
          [
            75.5487492,
            26.9116052
          ],
          [
            75.5460025,
            26.9112859
          ],
          [
            75.5433173,
            26.9109786
          ],
          [
            75.5344601,
            26.9099517
          ],
          [
            75.5256535,
            26.9089493
          ],
          [
            75.5215716,
            26.9084625
          ],
          [
            75.5054335,
            26.9065943
          ],
          [
            75.5050246,
            26.9065469
          ],
          [
            75.5031432,
            26.9063289
          ],
          [
            75.5021846,
            26.9062178
          ],
          [
            75.4989677,
            26.9058533
          ],
          [
            75.4944163,
            26.9053177
          ],
          [
            75.4922853,
            26.905067
          ],
          [
            75.4750669,
            26.9030611
          ],
          [
            75.4664513,
            26.9020448
          ],
          [
            75.4621812,
            26.9015635
          ],
          [
            75.4579553,
            26.9010775
          ],
          [
            75.4564151,
            26.9008888
          ],
          [
            75.4536829,
            26.9005785
          ],
          [
            75.450265,
            26.9001753
          ],
          [
            75.4494959,
            26.9000401
          ],
          [
            75.4488812,
            26.8999123
          ],
          [
            75.4481094,
            26.8997378
          ],
          [
            75.4473707,
            26.899551
          ],
          [
            75.4465355,
            26.8993371
          ],
          [
            75.4461469,
            26.8992486
          ],
          [
            75.4456728,
            26.8991675
          ],
          [
            75.4449092,
            26.8990864
          ],
          [
            75.4444351,
            26.8990544
          ],
          [
            75.4439225,
            26.899047
          ],
          [
            75.4432775,
            26.899079
          ],
          [
            75.4425222,
            26.8991601
          ],
          [
            75.4416319,
            26.8993396
          ],
          [
            75.4408187,
            26.8995731
          ],
          [
            75.4398816,
            26.8998681
          ]
        ]
      },
      "id": "way/208491216"
    },
    {
      "type": "Feature",
      "properties": {
        "@id": "way/208491217",
        "railway": "rail"
      },
      "geometry": {
        "type": "LineString",
        "coordinates": [
          [
            75.704607,
            26.9295751
          ],
          [
            75.7040464,
            26.9295554
          ],
          [
            75.7036391,
            26.929506
          ],
          [
            75.7030776,
            26.9294378
          ],
          [
            75.7018689,
            26.9293072
          ],
          [
            75.7005614,
            26.9291619
          ],
          [
            75.6988802,
            26.9289676
          ],
          [
            75.6973767,
            26.9287929
          ],
          [
            75.6959025,
            26.9286264
          ],
          [
            75.695234,
            26.9285496
          ],
          [
            75.6950571,
            26.9285312
          ],
          [
            75.6945106,
            26.9284745
          ],
          [
            75.6937238,
            26.9283214
          ]
        ]
      },
      "id": "way/208491217"
    },
    {
      "type": "Feature",
      "properties": {
        "@id": "way/208491218",
        "electrified": "contact_line",
        "frequency": "50",
        "gauge": "1676",
        "railway": "rail",
        "service": "siding",
        "voltage": "25000"
      },
      "geometry": {
        "type": "LineString",
        "coordinates": [
          [
            75.2391025,
            26.8719455
          ],
          [
            75.2394219,
            26.8720434
          ],
          [
            75.239621,
            26.8720937
          ],
          [
            75.2398702,
            26.8721435
          ],
          [
            75.2404156,
            26.8722316
          ],
          [
            75.2485661,
            26.8734889
          ]
        ]
      },
      "id": "way/208491218"
    },
    {
      "type": "Feature",
      "properties": {
        "@id": "way/208491220",
        "railway": "rail"
      },
      "geometry": {
        "type": "LineString",
        "coordinates": [
          [
            75.7065651,
            26.9297412
          ],
          [
            75.7059335,
            26.929622
          ],
          [
            75.7058472,
            26.9296057
          ],
          [
            75.7046269,
            26.9294754
          ],
          [
            75.7034219,
            26.9293399
          ],
          [
            75.7019935,
            26.9291766
          ],
          [
            75.7002812,
            26.9289807
          ],
          [
            75.6988051,
            26.9288125
          ],
          [
            75.6976184,
            26.9286802
          ],
          [
            75.696787,
            26.928579
          ],
          [
            75.696716,
            26.9285714
          ],
          [
            75.6959446,
            26.9284892
          ],
          [
            75.6957468,
            26.9284827
          ],
          [
            75.6955116,
            26.9284913
          ]
        ]
      },
      "id": "way/208491220"
    },
    {
      "type": "Feature",
      "properties": {
        "@id": "way/208491222",
        "electrified": "contact_line",
        "frequency": "50",
        "gauge": "1676",
        "passenger_lines": "2",
        "railway": "rail",
        "usage": "main",
        "voltage": "25000"
      },
      "geometry": {
        "type": "LineString",
        "coordinates": [
          [
            75.4400092,
            26.9001184
          ],
          [
            75.4411626,
            26.8997651
          ],
          [
            75.4419369,
            26.8996148
          ],
          [
            75.4425641,
            26.8995365
          ],
          [
            75.4433066,
            26.8995088
          ],
          [
            75.4438489,
            26.8995235
          ],
          [
            75.4444665,
            26.8995653
          ],
          [
            75.4451384,
            26.8996359
          ],
          [
            75.4463076,
            26.8997767
          ],
          [
            75.4474626,
            26.8999168
          ],
          [
            75.4497258,
            26.9001789
          ],
          [
            75.4536821,
            26.9006318
          ],
          [
            75.4564005,
            26.9009484
          ],
          [
            75.4579574,
            26.9011272
          ],
          [
            75.4621873,
            26.9016277
          ],
          [
            75.4664628,
            26.902114
          ],
          [
            75.4750789,
            26.9031126
          ],
          [
            75.492292,
            26.9051136
          ]
        ]
      },
      "id": "way/208491222"
    },
    {
      "type": "Feature",
      "properties": {
        "@id": "way/208491223",
        "electrified": "contact_line",
        "frequency": "50",
        "gauge": "1676",
        "railway": "rail",
        "service": "siding",
        "voltage": "25000"
      },
      "geometry": {
        "type": "LineString",
        "coordinates": [
          [
            75.25158,
            26.8743583
          ],
          [
            75.2512343,
            26.874394
          ],
          [
            75.2509228,
            26.874431
          ],
          [
            75.2505903,
            26.8744555
          ],
          [
            75.2503188,
            26.8744649
          ],
          [
            75.2501343,
            26.8744639
          ],
          [
            75.2498751,
            26.8744502
          ],
          [
            75.2495908,
            26.8744058
          ],
          [
            75.2493268,
            26.8743681
          ],
          [
            75.2455898,
            26.8737971
          ],
          [
            75.2435503,
            26.8734855
          ],
          [
            75.2432539,
            26.8734304
          ],
          [
            75.2430671,
            26.8733927
          ],
          [
            75.2428525,
            26.873327
          ],
          [
            75.2426113,
            26.873227
          ]
        ]
      },
      "id": "way/208491223"
    },
    {
      "type": "Feature",
      "properties": {
        "@id": "way/208491224",
        "electrified": "contact_line",
        "frequency": "50",
        "gauge": "1676",
        "railway": "rail",
        "service": "crossover",
        "voltage": "25000"
      },
      "geometry": {
        "type": "LineString",
        "coordinates": [
          [
            75.3218321,
            26.8848781
          ],
          [
            75.3226877,
            26.8850683
          ]
        ]
      },
      "id": "way/208491224"
    },
    {
      "type": "Feature",
      "properties": {
        "@id": "way/208491225",
        "bridge": "yes",
        "electrified": "contact_line",
        "frequency": "50",
        "gauge": "1676",
        "layer": "1",
        "passenger_lines": "2",
        "railway": "rail",
        "usage": "main",
        "voltage": "25000"
      },
      "geometry": {
        "type": "LineString",
        "coordinates": [
          [
            75.4391992,
            26.9004055
          ],
          [
            75.4400092,
            26.9001184
          ]
        ]
      },
      "id": "way/208491225"
    },
    {
      "type": "Feature",
      "properties": {
        "@id": "way/208491226",
        "railway": "rail"
      },
      "geometry": {
        "type": "LineString",
        "coordinates": [
          [
            75.6101046,
            26.9186882
          ],
          [
            75.6105359,
            26.9187772
          ]
        ]
      },
      "id": "way/208491226"
    },
    {
      "type": "Feature",
      "properties": {
        "@id": "way/208491227",
        "bridge": "yes",
        "electrified": "contact_line",
        "frequency": "50",
        "gauge": "1676",
        "layer": "1",
        "passenger_lines": "2",
        "railway": "rail",
        "usage": "main",
        "voltage": "25000"
      },
      "geometry": {
        "type": "LineString",
        "coordinates": [
          [
            75.4398816,
            26.8998681
          ],
          [
            75.4390381,
            26.9001385
          ]
        ]
      },
      "id": "way/208491227"
    },
    {
      "type": "Feature",
      "properties": {
        "@id": "way/208491228",
        "electrified": "contact_line",
        "frequency": "50",
        "gauge": "1676",
        "passenger_lines": "2",
        "railway": "rail",
        "usage": "main",
        "voltage": "25000"
      },
      "geometry": {
        "type": "LineString",
        "coordinates": [
          [
            75.4390381,
            26.9001385
          ],
          [
            75.4375055,
            26.9006153
          ],
          [
            75.4366951,
            26.9008513
          ],
          [
            75.4359702,
            26.9010209
          ],
          [
            75.4351019,
            26.9011635
          ],
          [
            75.4344652,
            26.9012495
          ],
          [
            75.4336162,
            26.901311
          ],
          [
            75.432872,
            26.901338
          ],
          [
            75.4320285,
            26.9013282
          ],
          [
            75.4313009,
            26.9012643
          ],
          [
            75.4299668,
            26.9010799
          ],
          [
            75.4293948,
            26.9009937
          ],
          [
            75.4291244,
            26.9009529
          ],
          [
            75.4288091,
            26.9009054
          ],
          [
            75.4274336,
            26.9006817
          ],
          [
            75.425358,
            26.9003671
          ],
          [
            75.423525,
            26.9000967
          ],
          [
            75.4217499,
            26.8998214
          ],
          [
            75.4209471,
            26.8997043
          ],
          [
            75.4201815,
            26.8995927
          ],
          [
            75.418773,
            26.899374
          ],
          [
            75.4183601,
            26.899314
          ],
          [
            75.4169455,
            26.8991085
          ],
          [
            75.4160028,
            26.8990052
          ],
          [
            75.4150739,
            26.8989217
          ],
          [
            75.4141119,
            26.8988135
          ],
          [
            75.4132166,
            26.89872
          ],
          [
            75.4093521,
            26.8981497
          ],
          [
            75.4074392,
            26.8978596
          ],
          [
            75.4055814,
            26.8975745
          ],
          [
            75.4047013,
            26.8974421
          ],
          [
            75.3907926,
            26.89535
          ],
          [
            75.3790847,
            26.8935819
          ],
          [
            75.3674947,
            26.8918291
          ],
          [
            75.3622815,
            26.891015
          ],
          [
            75.3333518,
            26.886632
          ],
          [
            75.3330442,
            26.8865847
          ],
          [
            75.3325034,
            26.8865029
          ],
          [
            75.3235658,
            26.8851516
          ],
          [
            75.3218321,
            26.8848781
          ],
          [
            75.3216098,
            26.8848471
          ],
          [
            75.2641211,
            26.8760814
          ],
          [
            75.2630542,
            26.8759209
          ],
          [
            75.2585015,
            26.8752387
          ],
          [
            75.2556734,
            26.8748011
          ],
          [
            75.2545229,
            26.8746247
          ],
          [
            75.2524027,
            26.8742997
          ],
          [
            75.2518279,
            26.8742077
          ],
          [
            75.2462353,
            26.8733557
          ]
        ]
      },
      "id": "way/208491228"
    },
    {
      "type": "Feature",
      "properties": {
        "@id": "way/208491229",
        "electrified": "contact_line",
        "frequency": "50",
        "gauge": "1676",
        "passenger_lines": "2",
        "railway": "rail",
        "usage": "main",
        "voltage": "25000"
      },
      "geometry": {
        "type": "LineString",
        "coordinates": [
          [
            74.6387157,
            26.4617922
          ],
          [
            74.6392978,
            26.4620801
          ],
          [
            74.6395043,
            26.4621705
          ],
          [
            74.639744,
            26.4622628
          ],
          [
            74.639963,
            26.4623305
          ],
          [
            74.6400328,
            26.4623501
          ],
          [
            74.6403274,
            26.4624177
          ],
          [
            74.6405634,
            26.4624527
          ],
          [
            74.6409437,
            26.4624933
          ],
          [
            74.6412835,
            26.4625146
          ],
          [
            74.6415894,
            26.4625305
          ],
          [
            74.6419013,
            26.4625259
          ],
          [
            74.6422166,
            26.4625052
          ],
          [
            74.6429041,
            26.4624268
          ],
          [
            74.6432973,
            26.4623523
          ],
          [
            74.643783,
            26.4622488
          ],
          [
            74.6441669,
            26.4621618
          ],
          [
            74.6444781,
            26.4620659
          ],
          [
            74.644848,
            26.4619323
          ],
          [
            74.6462771,
            26.4613012
          ],
          [
            74.6478082,
            26.4605682
          ],
          [
            74.6482738,
            26.4603308
          ],
          [
            74.6487055,
            26.4600202
          ],
          [
            74.6492637,
            26.4595108
          ],
          [
            74.6495952,
            26.4591326
          ],
          [
            74.6498207,
            26.4587708
          ],
          [
            74.6502363,
            26.457977
          ],
          [
            74.651225,
            26.4561466
          ],
          [
            74.6513158,
            26.4559782
          ],
          [
            74.6522088,
            26.4543009
          ],
          [
            74.6535699,
            26.4517278
          ],
          [
            74.6540031,
            26.4511066
          ],
          [
            74.6544364,
            26.4506165
          ],
          [
            74.6546908,
            26.450386
          ],
          [
            74.6549838,
            26.4501347
          ],
          [
            74.655269,
            26.4499304
          ],
          [
            74.6556499,
            26.449693
          ],
          [
            74.6563453,
            26.4493631
          ],
          [
            74.6567955,
            26.4492098
          ],
          [
            74.6573151,
            26.4490704
          ],
          [
            74.6578548,
            26.448982
          ],
          [
            74.6587414,
            26.4488799
          ],
          [
            74.6603033,
            26.4487239
          ],
          [
            74.6606412,
            26.4486937
          ],
          [
            74.6623926,
            26.4485347
          ],
          [
            74.6628428,
            26.4485334
          ],
          [
            74.66331,
            26.4485375
          ],
          [
            74.6639144,
            26.4486024
          ],
          [
            74.6643446,
            26.4486673
          ],
          [
            74.6649938,
            26.4488233
          ],
          [
            74.6655226,
            26.4490027
          ],
          [
            74.6675035,
            26.4498333
          ],
          [
            74.6686534,
            26.450315
          ],
          [
            74.6691065,
            26.4505048
          ],
          [
            74.6715162,
            26.4514994
          ],
          [
            74.6747865,
            26.4529033
          ],
          [
            74.6751442,
            26.4530869
          ],
          [
            74.6755498,
            26.4533437
          ],
          [
            74.6762344,
            26.4538476
          ],
          [
            74.6768927,
            26.4544301
          ],
          [
            74.6775806,
            26.4551867
          ],
          [
            74.6788163,
            26.4564079
          ],
          [
            74.679615,
            26.4572152
          ],
          [
            74.6796878,
            26.4572889
          ],
          [
            74.6807899,
            26.4583896
          ],
          [
            74.6812024,
            26.4588207
          ],
          [
            74.6821156,
            26.4597063
          ],
          [
            74.6854596,
            26.4629495
          ],
          [
            74.6878068,
            26.4653108
          ],
          [
            74.6896603,
            26.4671651
          ],
          [
            74.6932628,
            26.4708223
          ],
          [
            74.6940264,
            26.4715923
          ],
          [
            74.6941544,
            26.4717215
          ],
          [
            74.6955874,
            26.4731635
          ],
          [
            74.7140459,
            26.4916894
          ],
          [
            74.7152175,
            26.4928441
          ],
          [
            74.7160006,
            26.4935797
          ],
          [
            74.7168696,
            26.494331
          ],
          [
            74.7203457,
            26.4973391
          ],
          [
            74.7226773,
            26.4993103
          ]
        ]
      },
      "id": "way/208491229"
    },
    {
      "type": "Feature",
      "properties": {
        "@id": "way/208491230",
        "electrified": "contact_line",
        "frequency": "50",
        "gauge": "1676",
        "railway": "rail",
        "voltage": "25000"
      },
      "geometry": {
        "type": "LineString",
        "coordinates": [
          [
            75.2363368,
            26.8686434
          ],
          [
            75.2366714,
            26.8691529
          ],
          [
            75.2372187,
            26.8701522
          ],
          [
            75.2373629,
            26.8703858
          ],
          [
            75.2375605,
            26.870706
          ],
          [
            75.2379547,
            26.8711535
          ],
          [
            75.2383543,
            26.8715002
          ],
          [
            75.2385619,
            26.8716466
          ],
          [
            75.2388765,
            26.8718361
          ],
          [
            75.2391025,
            26.8719455
          ],
          [
            75.2393163,
            26.8720407
          ],
          [
            75.2395712,
            26.8721229
          ],
          [
            75.239789,
            26.8721787
          ],
          [
            75.240419,
            26.8722816
          ],
          [
            75.2457334,
            26.8730982
          ],
          [
            75.2479387,
            26.873437
          ],
          [
            75.2481375,
            26.8734627
          ],
          [
            75.2485661,
            26.8734889
          ],
          [
            75.2492042,
            26.8735793
          ],
          [
            75.2494245,
            26.8736171
          ],
          [
            75.2498281,
            26.8736916
          ],
          [
            75.2500099,
            26.8737412
          ],
          [
            75.2503792,
            26.8738608
          ],
          [
            75.250546,
            26.8739291
          ],
          [
            75.2506353,
            26.8739546
          ],
          [
            75.2509068,
            26.8740147
          ]
        ]
      },
      "id": "way/208491230"
    },
    {
      "type": "Feature",
      "properties": {
        "@id": "way/208491231",
        "railway": "rail"
      },
      "geometry": {
        "type": "LineString",
        "coordinates": [
          [
            75.6091019,
            26.9186615
          ],
          [
            75.6099768,
            26.9187548
          ],
          [
            75.6110535,
            26.9188894
          ]
        ]
      },
      "id": "way/208491231"
    },
    {
      "type": "Feature",
      "properties": {
        "@id": "way/208491232",
        "electrified": "contact_line",
        "frequency": "50",
        "gauge": "1676",
        "railway": "rail",
        "service": "crossover",
        "voltage": "25000"
      },
      "geometry": {
        "type": "LineString",
        "coordinates": [
          [
            75.2421567,
            26.8728697
          ],
          [
            75.2430846,
            26.8729214
          ]
        ]
      },
      "id": "way/208491232"
    },
    {
      "type": "Feature",
      "properties": {
        "@id": "way/208491233",
        "electrified": "contact_line",
        "frequency": "50",
        "gauge": "1676",
        "railway": "rail",
        "service": "crossover",
        "voltage": "25000"
      },
      "geometry": {
        "type": "LineString",
        "coordinates": [
          [
            75.3330442,
            26.8865847
          ],
          [
            75.3320717,
            26.8864896
          ]
        ]
      },
      "id": "way/208491233"
    },
    {
      "type": "Feature",
      "properties": {
        "@id": "way/208491234",
        "electrified": "contact_line",
        "frequency": "50",
        "gauge": "1676",
        "railway": "rail",
        "service": "crossover",
        "voltage": "25000"
      },
      "geometry": {
        "type": "LineString",
        "coordinates": [
          [
            75.2407519,
            26.8725686
          ],
          [
            75.2414122,
            26.8727253
          ],
          [
            75.2417785,
            26.8728033
          ]
        ]
      },
      "id": "way/208491234"
    },
    {
      "type": "Feature",
      "properties": {
        "@id": "way/208491236",
        "railway": "rail"
      },
      "geometry": {
        "type": "LineString",
        "coordinates": [
          [
            75.4293948,
            26.9009937
          ],
          [
            75.4297984,
            26.9010956
          ],
          [
            75.429961,
            26.9011497
          ],
          [
            75.4304208,
            26.9012882
          ]
        ]
      },
      "id": "way/208491236"
    },
    {
      "type": "Feature",
      "properties": {
        "@id": "way/208491237",
        "railway": "rail"
      },
      "geometry": {
        "type": "LineString",
        "coordinates": [
          [
            75.6010061,
            26.9176185
          ],
          [
            75.6025823,
            26.9177629
          ],
          [
            75.6048155,
            26.9180156
          ],
          [
            75.6073622,
            26.9183256
          ],
          [
            75.6089681,
            26.9185041
          ],
          [
            75.6093211,
            26.9185671
          ],
          [
            75.6094512,
            26.9186124
          ]
        ]
      },
      "id": "way/208491237"
    },
    {
      "type": "Feature",
      "properties": {
        "@id": "way/208491238",
        "railway": "rail"
      },
      "geometry": {
        "type": "LineString",
        "coordinates": [
          [
            75.4944163,
            26.9053177
          ],
          [
            75.4951202,
            26.9053505
          ],
          [
            75.4960046,
            26.905453
          ],
          [
            75.4978161,
            26.905665
          ],
          [
            75.4989917,
            26.9058056
          ],
          [
            75.5022059,
            26.9061773
          ],
          [
            75.5027884,
            26.9062535
          ],
          [
            75.5031432,
            26.9063289
          ]
        ]
      },
      "id": "way/208491238"
    },
    {
      "type": "Feature",
      "properties": {
        "@id": "way/208491239",
        "electrified": "contact_line",
        "frequency": "50",
        "gauge": "1676",
        "railway": "rail",
        "usage": "main",
        "voltage": "25000"
      },
      "geometry": {
        "type": "LineString",
        "coordinates": [
          [
            75.3325034,
            26.8865029
          ],
          [
            75.3315722,
            26.8863201
          ],
          [
            75.3244677,
            26.8852394
          ]
        ]
      },
      "id": "way/208491239"
    },
    {
      "type": "Feature",
      "properties": {
        "@id": "way/208491240",
        "railway": "rail"
      },
      "geometry": {
        "type": "LineString",
        "coordinates": [
          [
            75.428569,
            26.9009922
          ],
          [
            75.4280511,
            26.9009563
          ],
          [
            75.4272476,
            26.9008383
          ],
          [
            75.4260789,
            26.9006674
          ],
          [
            75.4249253,
            26.900488
          ],
          [
            75.4237911,
            26.9003233
          ],
          [
            75.4228346,
            26.9001709
          ],
          [
            75.4220132,
            26.9000381
          ],
          [
            75.4214907,
            26.8999686
          ],
          [
            75.4209214,
            26.899888
          ],
          [
            75.4195668,
            26.8996962
          ],
          [
            75.4189431,
            26.8995447
          ]
        ]
      },
      "id": "way/208491240"
    },
    {
      "type": "Feature",
      "properties": {
        "@id": "way/208491241",
        "railway": "rail"
      },
      "geometry": {
        "type": "LineString",
        "coordinates": [
          [
            75.6095544,
            26.9186654
          ],
          [
            75.6091019,
            26.9186615
          ],
          [
            75.6081101,
            26.9185452
          ],
          [
            75.6064154,
            26.9183498
          ],
          [
            75.605501,
            26.918242
          ],
          [
            75.6038459,
            26.91805
          ],
          [
            75.6026576,
            26.9179169
          ],
          [
            75.6015127,
            26.9177754
          ],
          [
            75.6010119,
            26.9176613
          ]
        ]
      },
      "id": "way/208491241"
    },
    {
      "type": "Feature",
      "properties": {
        "@id": "way/208517162",
        "electrified": "contact_line",
        "frequency": "50",
        "gauge": "1676",
        "passenger_lines": "2",
        "railway": "rail",
        "usage": "main",
        "voltage": "25000"
      },
      "geometry": {
        "type": "LineString",
        "coordinates": [
          [
            75.166478,
            26.7815258
          ],
          [
            75.1495007,
            26.7720121
          ],
          [
            75.1482865,
            26.7712601
          ],
          [
            75.1470072,
            26.7703898
          ],
          [
            75.1461776,
            26.7698053
          ],
          [
            75.1453264,
            26.7691364
          ],
          [
            75.1443084,
            26.7682964
          ],
          [
            75.1434103,
            26.7674889
          ],
          [
            75.1420983,
            26.766238
          ]
        ]
      },
      "id": "way/208517162"
    },
    {
      "type": "Feature",
      "properties": {
        "@id": "way/208517163",
        "electrified": "contact_line",
        "frequency": "50",
        "gauge": "1676",
        "passenger_lines": "2",
        "railway": "rail",
        "usage": "main",
        "voltage": "25000"
      },
      "geometry": {
        "type": "LineString",
        "coordinates": [
          [
            75.1419791,
            26.7662848
          ],
          [
            75.1433167,
            26.7675564
          ],
          [
            75.144195,
            26.7683509
          ],
          [
            75.1452465,
            26.7691866
          ],
          [
            75.1460872,
            26.7698418
          ],
          [
            75.1469857,
            26.7704763
          ],
          [
            75.1482337,
            26.7713094
          ],
          [
            75.1495063,
            26.772066
          ],
          [
            75.1664549,
            26.7815662
          ]
        ]
      },
      "id": "way/208517163"
    },
    {
      "type": "Feature",
      "properties": {
        "@id": "way/208517166",
        "bridge": "yes",
        "electrified": "contact_line",
        "frequency": "50",
        "gauge": "1676",
        "layer": "1",
        "passenger_lines": "2",
        "railway": "rail",
        "usage": "main",
        "voltage": "25000"
      },
      "geometry": {
        "type": "LineString",
        "coordinates": [
          [
            75.1664549,
            26.7815662
          ],
          [
            75.1665833,
            26.7816368
          ]
        ]
      },
      "id": "way/208517166"
    },
    {
      "type": "Feature",
      "properties": {
        "@id": "way/208517167",
        "bridge": "yes",
        "electrified": "contact_line",
        "frequency": "50",
        "gauge": "1676",
        "layer": "1",
        "passenger_lines": "2",
        "railway": "rail",
        "usage": "main",
        "voltage": "25000"
      },
      "geometry": {
        "type": "LineString",
        "coordinates": [
          [
            75.1415544,
            26.7658798
          ],
          [
            75.1419791,
            26.7662848
          ]
        ]
      },
      "id": "way/208517167"
    },
    {
      "type": "Feature",
      "properties": {
        "@id": "way/208517168",
        "bridge": "yes",
        "electrified": "contact_line",
        "frequency": "50",
        "gauge": "1676",
        "layer": "1",
        "passenger_lines": "2",
        "railway": "rail",
        "usage": "main",
        "voltage": "25000"
      },
      "geometry": {
        "type": "LineString",
        "coordinates": [
          [
            75.1666193,
            26.7816018
          ],
          [
            75.166478,
            26.7815258
          ]
        ]
      },
      "id": "way/208517168"
    },
    {
      "type": "Feature",
      "properties": {
        "@id": "way/208517169",
        "bridge": "yes",
        "electrified": "contact_line",
        "frequency": "50",
        "gauge": "1676",
        "layer": "1",
        "passenger_lines": "2",
        "railway": "rail",
        "usage": "main",
        "voltage": "25000"
      },
      "geometry": {
        "type": "LineString",
        "coordinates": [
          [
            75.1420983,
            26.766238
          ],
          [
            75.1416312,
            26.7658071
          ]
        ]
      },
      "id": "way/208517169"
    },
    {
      "type": "Feature",
      "properties": {
        "@id": "way/208517170",
        "electrified": "contact_line",
        "frequency": "50",
        "gauge": "1676",
        "passenger_lines": "2",
        "railway": "rail",
        "usage": "main",
        "voltage": "25000"
      },
      "geometry": {
        "type": "LineString",
        "coordinates": [
          [
            75.2462353,
            26.8733557
          ],
          [
            75.2419413,
            26.8727016
          ],
          [
            75.240464,
            26.8724692
          ],
          [
            75.2399763,
            26.8723676
          ],
          [
            75.2396737,
            26.8722681
          ],
          [
            75.2393693,
            26.8721574
          ],
          [
            75.2390663,
            26.872017
          ],
          [
            75.2388384,
            26.8718928
          ],
          [
            75.2386022,
            26.8717531
          ],
          [
            75.2383413,
            26.8715682
          ],
          [
            75.2380623,
            26.8713279
          ],
          [
            75.2377317,
            26.8709971
          ],
          [
            75.2374913,
            26.870702
          ],
          [
            75.2371694,
            26.8701792
          ],
          [
            75.2363368,
            26.8686434
          ],
          [
            75.2357654,
            26.8676027
          ],
          [
            75.2323949,
            26.8614312
          ],
          [
            75.223826,
            26.8457024
          ],
          [
            75.2193456,
            26.8373693
          ],
          [
            75.2191479,
            26.8370015
          ],
          [
            75.2148105,
            26.8290711
          ],
          [
            75.2147383,
            26.828938
          ],
          [
            75.2140071,
            26.827589
          ],
          [
            75.2133622,
            26.8264986
          ],
          [
            75.201965,
            26.8056327
          ],
          [
            75.1993359,
            26.8008005
          ],
          [
            75.199071,
            26.8003763
          ],
          [
            75.1989292,
            26.8001773
          ],
          [
            75.1986483,
            26.7998234
          ],
          [
            75.198267,
            26.7994072
          ],
          [
            75.1978154,
            26.7990206
          ],
          [
            75.1972854,
            26.7986647
          ],
          [
            75.1969108,
            26.7984433
          ],
          [
            75.1957085,
            26.7977645
          ],
          [
            75.1880833,
            26.7934869
          ]
        ]
      },
      "id": "way/208517170"
    },
    {
      "type": "Feature",
      "properties": {
        "@id": "way/208522428",
        "electrified": "contact_line",
        "frequency": "50",
        "gauge": "1676",
        "passenger_lines": "1",
        "railway": "rail",
        "usage": "main",
        "voltage": "25000"
      },
      "geometry": {
        "type": "LineString",
        "coordinates": [
          [
            74.6507451,
            26.4207472
          ],
          [
            74.6507807,
            26.4206543
          ],
          [
            74.6514582,
            26.418638
          ],
          [
            74.6515627,
            26.4182825
          ],
          [
            74.6521885,
            26.4157032
          ],
          [
            74.6523288,
            26.4151136
          ],
          [
            74.6523651,
            26.4149473
          ],
          [
            74.6525752,
            26.4143197
          ],
          [
            74.6535266,
            26.4104388
          ],
          [
            74.6539718,
            26.4086245
          ],
          [
            74.6540378,
            26.4082925
          ],
          [
            74.6540886,
            26.4079529
          ],
          [
            74.6541703,
            26.4071616
          ],
          [
            74.6541783,
            26.4069694
          ],
          [
            74.6541917,
            26.4065994
          ],
          [
            74.6543152,
            26.4055941
          ],
          [
            74.6545185,
            26.4037895
          ],
          [
            74.6559611,
            26.3909818
          ],
          [
            74.6560642,
            26.389973
          ],
          [
            74.6560288,
            26.3893156
          ],
          [
            74.655955,
            26.3886804
          ],
          [
            74.6556705,
            26.3874065
          ],
          [
            74.6553085,
            26.3861284
          ],
          [
            74.6535201,
            26.3792565
          ],
          [
            74.6513208,
            26.3709487
          ],
          [
            74.6509267,
            26.3696891
          ],
          [
            74.6508585,
            26.369458
          ],
          [
            74.6507608,
            26.3689756
          ],
          [
            74.6504359,
            26.3682718
          ],
          [
            74.6491827,
            26.3658142
          ],
          [
            74.6481686,
            26.3638247
          ],
          [
            74.6476045,
            26.3626665
          ],
          [
            74.6473466,
            26.362117
          ],
          [
            74.6470925,
            26.3615218
          ],
          [
            74.646899,
            26.3610408
          ],
          [
            74.6465947,
            26.3602106
          ],
          [
            74.6463796,
            26.3596057
          ],
          [
            74.6457888,
            26.35787
          ],
          [
            74.6450792,
            26.3558364
          ],
          [
            74.6445072,
            26.3541972
          ],
          [
            74.6435838,
            26.3517798
          ],
          [
            74.6431198,
            26.350434
          ],
          [
            74.6425892,
            26.3495308
          ],
          [
            74.6422954,
            26.3491151
          ],
          [
            74.6418761,
            26.3485218
          ],
          [
            74.6415915,
            26.347887
          ],
          [
            74.6413821,
            26.3473676
          ],
          [
            74.6411773,
            26.3465807
          ],
          [
            74.6411192,
            26.3459906
          ],
          [
            74.6411339,
            26.3452227
          ],
          [
            74.6412453,
            26.3446278
          ],
          [
            74.6414112,
            26.3440569
          ],
          [
            74.6415755,
            26.3436683
          ],
          [
            74.6418432,
            26.3431162
          ],
          [
            74.6422643,
            26.3424866
          ],
          [
            74.6430876,
            26.3413546
          ],
          [
            74.6447262,
            26.3390305
          ],
          [
            74.6474565,
            26.3352074
          ],
          [
            74.6479499,
            26.334563
          ],
          [
            74.6483788,
            26.3337839
          ],
          [
            74.6486586,
            26.3330734
          ],
          [
            74.6487883,
            26.3322764
          ],
          [
            74.6488624,
            26.3316962
          ],
          [
            74.6488186,
            26.3309525
          ],
          [
            74.6486657,
            26.3301713
          ],
          [
            74.6484727,
            26.3293157
          ],
          [
            74.648394,
            26.328556
          ],
          [
            74.6483903,
            26.3278541
          ],
          [
            74.6485424,
            26.3270995
          ],
          [
            74.6486741,
            26.3265665
          ],
          [
            74.6489056,
            26.3260023
          ],
          [
            74.6491484,
            26.3255809
          ],
          [
            74.6495802,
            26.3249316
          ],
          [
            74.6500824,
            26.3243868
          ],
          [
            74.6506918,
            26.3238878
          ],
          [
            74.6514629,
            26.3233739
          ],
          [
            74.6522621,
            26.3230205
          ],
          [
            74.6531095,
            26.3227681
          ],
          [
            74.6543297,
            26.3225687
          ],
          [
            74.6553782,
            26.322398
          ],
          [
            74.6562036,
            26.3221704
          ],
          [
            74.6568426,
            26.3219292
          ],
          [
            74.6573682,
            26.3216684
          ],
          [
            74.657808,
            26.3214076
          ],
          [
            74.6588755,
            26.3206716
          ],
          [
            74.6602719,
            26.3197149
          ],
          [
            74.6621126,
            26.3184193
          ],
          [
            74.6635122,
            26.3174153
          ],
          [
            74.6646356,
            26.316657
          ],
          [
            74.6661233,
            26.3158279
          ],
          [
            74.6685121,
            26.3146912
          ],
          [
            74.6712273,
            26.3134753
          ]
        ]
      },
      "id": "way/208522428"
    },
    {
      "type": "Feature",
      "properties": {
        "@id": "way/208522429",
        "electrified": "contact_line",
        "frequency": "50",
        "gauge": "1676",
        "railway": "rail",
        "service": "siding",
        "voltage": "25000"
      },
      "geometry": {
        "type": "LineString",
        "coordinates": [
          [
            74.6388099,
            26.4515946
          ],
          [
            74.6386096,
            26.4520759
          ],
          [
            74.6384437,
            26.4524822
          ],
          [
            74.6383495,
            26.4527796
          ],
          [
            74.6383023,
            26.4529614
          ],
          [
            74.6382595,
            26.4531106
          ],
          [
            74.6382098,
            26.4533168
          ],
          [
            74.638179,
            26.4534883
          ],
          [
            74.6380742,
            26.4541844
          ],
          [
            74.6375647,
            26.4573765
          ],
          [
            74.6374265,
            26.4581999
          ],
          [
            74.6373582,
            26.4584607
          ],
          [
            74.6372536,
            26.4587846
          ],
          [
            74.6371973,
            26.4589827
          ],
          [
            74.6371758,
            26.4591244
          ],
          [
            74.6371636,
            26.4593195
          ],
          [
            74.6371664,
            26.4595422
          ],
          [
            74.6371847,
            26.4597526
          ],
          [
            74.6372407,
            26.4599917
          ],
          [
            74.637306,
            26.460203
          ],
          [
            74.6373984,
            26.4604163
          ],
          [
            74.6374921,
            26.4605978
          ],
          [
            74.637603,
            26.4607826
          ],
          [
            74.637695,
            26.4609064
          ],
          [
            74.6378498,
            26.4610844
          ],
          [
            74.6380207,
            26.4612591
          ],
          [
            74.6382666,
            26.4614598
          ]
        ]
      },
      "id": "way/208522429"
    },
    {
      "type": "Feature",
      "properties": {
        "@id": "way/208588147",
        "electrified": "contact_line",
        "frequency": "50",
        "gauge": "1676",
        "name": "Jaipur to Sawai Madhopur Line",
        "railway": "rail",
        "source": "Esri World Imagery (2024-09-15)",
        "usage": "main",
        "voltage": "25000"
      },
      "geometry": {
        "type": "LineString",
        "coordinates": [
          [
            75.7862647,
            26.8469823
          ],
          [
            75.7860206,
            26.8428903
          ],
          [
            75.7859683,
            26.842262
          ],
          [
            75.7859216,
            26.8418588
          ],
          [
            75.7858666,
            26.841456
          ],
          [
            75.7857846,
            26.8410135
          ],
          [
            75.7856967,
            26.840618
          ],
          [
            75.7855939,
            26.840223
          ],
          [
            75.7854671,
            26.8397951
          ],
          [
            75.7853378,
            26.8394048
          ],
          [
            75.7851919,
            26.839016
          ],
          [
            75.7851617,
            26.8389445
          ]
        ]
      },
      "id": "way/208588147"
    },
    {
      "type": "Feature",
      "properties": {
        "@id": "way/256330986",
        "electrified": "no",
        "gauge": "1676",
        "railway": "rail",
        "service": "yard"
      },
      "geometry": {
        "type": "LineString",
        "coordinates": [
          [
            75.2509228,
            26.874431
          ],
          [
            75.2512003,
            26.8744349
          ],
          [
            75.2514529,
            26.8744566
          ],
          [
            75.2516375,
            26.8745115
          ],
          [
            75.2518738,
            26.8746198
          ],
          [
            75.2520471,
            26.8747599
          ],
          [
            75.2522365,
            26.8749534
          ],
          [
            75.2524016,
            26.8751455
          ],
          [
            75.2525652,
            26.8753693
          ],
          [
            75.252638,
            26.8755325
          ],
          [
            75.2528339,
            26.8760553
          ],
          [
            75.2535771,
            26.878002
          ]
        ]
      },
      "id": "way/256330986"
    },
    {
      "type": "Feature",
      "properties": {
        "@id": "way/256330987",
        "electrified": "contact_line",
        "frequency": "50",
        "gauge": "1676",
        "railway": "rail",
        "service": "siding",
        "voltage": "25000"
      },
      "geometry": {
        "type": "LineString",
        "coordinates": [
          [
            75.251033,
            26.8743787
          ],
          [
            75.2509722,
            26.8743792
          ],
          [
            75.2507076,
            26.8743792
          ],
          [
            75.2505312,
            26.8743743
          ],
          [
            75.2503435,
            26.8743765
          ],
          [
            75.2501357,
            26.8743732
          ],
          [
            75.2499206,
            26.8743657
          ],
          [
            75.2497484,
            26.8743448
          ],
          [
            75.2495265,
            26.8743128
          ],
          [
            75.2490303,
            26.8742366
          ],
          [
            75.2464296,
            26.8738346
          ],
          [
            75.2456021,
            26.8737111
          ],
          [
            75.2441473,
            26.8734941
          ],
          [
            75.2438235,
            26.87344
          ],
          [
            75.2434761,
            26.8733656
          ],
          [
            75.2432267,
            26.8732974
          ],
          [
            75.2428367,
            26.8731708
          ],
          [
            75.2425652,
            26.8730933
          ],
          [
            75.242324,
            26.8730404
          ],
          [
            75.2419519,
            26.8729433
          ],
          [
            75.2417799,
            26.8728902
          ]
        ]
      },
      "id": "way/256330987"
    },
    {
      "type": "Feature",
      "properties": {
        "@id": "way/256330989",
        "electrified": "contact_line",
        "frequency": "50",
        "gauge": "1676",
        "railway": "rail",
        "service": "crossover",
        "voltage": "25000"
      },
      "geometry": {
        "type": "LineString",
        "coordinates": [
          [
            75.2524027,
            26.8742997
          ],
          [
            75.2529691,
            26.874426
          ]
        ]
      },
      "id": "way/256330989"
    },
    {
      "type": "Feature",
      "properties": {
        "@id": "way/256330991",
        "electrified": "no",
        "gauge": "1676",
        "railway": "rail",
        "service": "yard"
      },
      "geometry": {
        "type": "LineString",
        "coordinates": [
          [
            75.2505312,
            26.8743743
          ],
          [
            75.2507779,
            26.8743438
          ],
          [
            75.2510108,
            26.874321
          ],
          [
            75.2513256,
            26.8743095
          ],
          [
            75.2515431,
            26.8743095
          ]
        ]
      },
      "id": "way/256330991"
    },
    {
      "type": "Feature",
      "properties": {
        "@id": "way/256330992",
        "electrified": "no",
        "gauge": "1676",
        "railway": "rail",
        "service": "yard"
      },
      "geometry": {
        "type": "LineString",
        "coordinates": [
          [
            75.2421611,
            26.8731356
          ],
          [
            75.2423812,
            26.8732257
          ],
          [
            75.2425553,
            26.873284
          ],
          [
            75.2427511,
            26.8733353
          ],
          [
            75.2430671,
            26.8733927
          ]
        ]
      },
      "id": "way/256330992"
    },
    {
      "type": "Feature",
      "properties": {
        "@id": "way/280598222",
        "electrified": "contact_line",
        "frequency": "50",
        "gauge": "1676",
        "passenger_lines": "2",
        "railway": "rail",
        "usage": "main",
        "voltage": "25000"
      },
      "geometry": {
        "type": "LineString",
        "coordinates": [
          [
            75.8176092,
            26.8437882
          ],
          [
            75.8173382,
            26.8440618
          ]
        ]
      },
      "id": "way/280598222"
    },
    {
      "type": "Feature",
      "properties": {
        "@id": "way/280598225",
        "electrified": "contact_line",
        "frequency": "50",
        "gauge": "1676",
        "passenger_lines": "2",
        "railway": "rail",
        "usage": "main",
        "voltage": "25000"
      },
      "geometry": {
        "type": "LineString",
        "coordinates": [
          [
            75.797619,
            26.878068
          ],
          [
            75.7975377,
            26.8783426
          ],
          [
            75.7971546,
            26.8794553
          ],
          [
            75.7966936,
            26.8809314
          ],
          [
            75.7963413,
            26.8821257
          ],
          [
            75.7956733,
            26.8844438
          ],
          [
            75.7953326,
            26.8855072
          ],
          [
            75.7947631,
            26.8874215
          ],
          [
            75.7943217,
            26.8889046
          ],
          [
            75.7939997,
            26.8899968
          ],
          [
            75.7939721,
            26.8900885
          ],
          [
            75.7938053,
            26.8906424
          ],
          [
            75.7934885,
            26.8917074
          ],
          [
            75.7931717,
            26.8927396
          ],
          [
            75.7928402,
            26.8937081
          ],
          [
            75.7926259,
            26.8944006
          ]
        ]
      },
      "id": "way/280598225"
    },
    {
      "type": "Feature",
      "properties": {
        "@id": "way/307393141",
        "bridge": "yes",
        "electrified": "no",
        "gauge": "1676",
        "layer": "1",
        "passenger_lines": "1",
        "railway": "rail",
        "usage": "branch"
      },
      "geometry": {
        "type": "LineString",
        "coordinates": [
          [
            74.6463575,
            26.5441167
          ],
          [
            74.6461232,
            26.5443299
          ]
        ]
      },
      "id": "way/307393141"
    },
    {
      "type": "Feature",
      "properties": {
        "@id": "way/307393142",
        "bridge": "yes",
        "electrified": "no",
        "gauge": "1676",
        "layer": "1",
        "passenger_lines": "1",
        "railway": "rail",
        "usage": "branch"
      },
      "geometry": {
        "type": "LineString",
        "coordinates": [
          [
            74.6633937,
            26.5280901
          ],
          [
            74.6631715,
            26.5283106
          ]
        ]
      },
      "id": "way/307393142"
    },
    {
      "type": "Feature",
      "properties": {
        "@id": "way/307393144",
        "electrified": "no",
        "gauge": "1676",
        "passenger_lines": "1",
        "railway": "rail",
        "usage": "branch"
      },
      "geometry": {
        "type": "LineString",
        "coordinates": [
          [
            74.6631715,
            26.5283106
          ],
          [
            74.6624135,
            26.5289974
          ]
        ]
      },
      "id": "way/307393144"
    },
    {
      "type": "Feature",
      "properties": {
        "@id": "way/307393145",
        "electrified": "no",
        "gauge": "1676",
        "passenger_lines": "1",
        "railway": "rail",
        "usage": "branch"
      },
      "geometry": {
        "type": "LineString",
        "coordinates": [
          [
            74.6461232,
            26.5443299
          ],
          [
            74.6441664,
            26.5462048
          ],
          [
            74.6421486,
            26.548077
          ],
          [
            74.6411822,
            26.5489127
          ]
        ]
      },
      "id": "way/307393145"
    },
    {
      "type": "Feature",
      "properties": {
        "@id": "way/308729586",
        "bridge": "yes",
        "electrified": "contact_line",
        "frequency": "50",
        "gauge": "1435",
        "image": "https://upload.wikimedia.org/wikipedia/commons/c/c5/Jaipur_03-2016_34_Jaipur_Metro.jpg",
        "layer": "2",
        "name": "Pink Line (Jaipur Metro)",
        "name:hi": "पिंक लाइन (जयपुर मेट्रो)",
        "network": "Jaipur Metro",
        "note": "Contributors are requested to not edit the \"network\" and the \"operator\" tags. (2023/11/08)",
        "operator": "Jaipur Metro Rail Corporation Limited",
        "railway": "subway",
        "subway": "yes",
        "tracks": "2",
        "voltage": "25000"
      },
      "geometry": {
        "type": "LineString",
        "coordinates": [
          [
            75.7616914,
            26.8795316
          ],
          [
            75.7613911,
            26.8794746
          ],
          [
            75.7612236,
            26.8794604
          ],
          [
            75.7610211,
            26.8794586
          ],
          [
            75.7608195,
            26.8794844
          ],
          [
            75.7604249,
            26.879604
          ],
          [
            75.7595729,
            26.8800411
          ],
          [
            75.7592558,
            26.8801615
          ],
          [
            75.7589891,
            26.880234
          ],
          [
            75.7586925,
            26.8802799
          ],
          [
            75.7583829,
            26.8802888
          ],
          [
            75.7580684,
            26.8802488
          ],
          [
            75.7547327,
            26.8793264
          ],
          [
            75.7545427,
            26.8792924
          ],
          [
            75.7543087,
            26.8792609
          ],
          [
            75.7540063,
            26.8792765
          ],
          [
            75.7513909,
            26.879476
          ],
          [
            75.7509957,
            26.8794698
          ],
          [
            75.7507769,
            26.8794713
          ],
          [
            75.7502129,
            26.8794602
          ]
        ]
      },
      "id": "way/308729586"
    },
    {
      "type": "Feature",
      "properties": {
        "@id": "way/311476256",
        "bridge": "yes",
        "electrified": "contact_line",
        "frequency": "50",
        "gauge": "1676",
        "layer": "1",
        "name": "Ajmer Bypass",
        "passenger_lines": "1",
        "railway": "rail",
        "source": "bridge to west on the railway line placed by another mapper",
        "usage": "main",
        "voltage": "25000"
      },
      "geometry": {
        "type": "LineString",
        "coordinates": [
          [
            74.649526,
            26.4269288
          ],
          [
            74.6496565,
            26.4269782
          ]
        ]
      },
      "id": "way/311476256"
    },
    {
      "type": "Feature",
      "properties": {
        "@id": "way/311476260",
        "electrified": "no",
        "gauge": "1676",
        "passenger_lines": "1",
        "railway": "rail",
        "usage": "branch"
      },
      "geometry": {
        "type": "LineString",
        "coordinates": [
          [
            74.6826391,
            26.4971609
          ],
          [
            74.680639,
            26.4985322
          ],
          [
            74.6797343,
            26.499465
          ],
          [
            74.6792654,
            26.5000889
          ],
          [
            74.6788614,
            26.5007397
          ],
          [
            74.6784816,
            26.5014882
          ],
          [
            74.6781818,
            26.5023194
          ],
          [
            74.6780089,
            26.5031441
          ],
          [
            74.6778904,
            26.5043416
          ],
          [
            74.6778397,
            26.5048342
          ],
          [
            74.6774135,
            26.511272
          ]
        ]
      },
      "id": "way/311476260"
    },
    {
      "type": "Feature",
      "properties": {
        "@id": "way/311476261",
        "bridge": "yes",
        "electrified": "no",
        "gauge": "1676",
        "layer": "1",
        "passenger_lines": "1",
        "railway": "rail",
        "source": "bing",
        "usage": "branch"
      },
      "geometry": {
        "type": "LineString",
        "coordinates": [
          [
            74.6828075,
            26.4970454
          ],
          [
            74.6826391,
            26.4971609
          ]
        ]
      },
      "id": "way/311476261"
    },
    {
      "type": "Feature",
      "properties": {
        "@id": "way/311476262",
        "bridge": "yes",
        "electrified": "no",
        "gauge": "1676",
        "layer": "1",
        "passenger_lines": "1",
        "railway": "rail",
        "source": "bing",
        "usage": "branch"
      },
      "geometry": {
        "type": "LineString",
        "coordinates": [
          [
            74.6774135,
            26.511272
          ],
          [
            74.6774029,
            26.511432
          ]
        ]
      },
      "id": "way/311476262"
    },
    {
      "type": "Feature",
      "properties": {
        "@id": "way/311476263",
        "bridge": "yes",
        "electrified": "no",
        "gauge": "1676",
        "layer": "1",
        "passenger_lines": "1",
        "railway": "rail",
        "source": "bing",
        "usage": "branch"
      },
      "geometry": {
        "type": "LineString",
        "coordinates": [
          [
            74.6834099,
            26.4966324
          ],
          [
            74.6831831,
            26.4967879
          ]
        ]
      },
      "id": "way/311476263"
    },
    {
      "type": "Feature",
      "properties": {
        "@id": "way/311476264",
        "electrified": "no",
        "gauge": "1676",
        "passenger_lines": "1",
        "railway": "rail",
        "usage": "branch"
      },
      "geometry": {
        "type": "LineString",
        "coordinates": [
          [
            74.6831831,
            26.4967879
          ],
          [
            74.6828075,
            26.4970454
          ]
        ]
      },
      "id": "way/311476264"
    },
    {
      "type": "Feature",
      "properties": {
        "@id": "way/311476267",
        "electrified": "no",
        "gauge": "1676",
        "passenger_lines": "1",
        "railway": "rail",
        "usage": "branch"
      },
      "geometry": {
        "type": "LineString",
        "coordinates": [
          [
            74.6774029,
            26.511432
          ],
          [
            74.6772742,
            26.5126003
          ],
          [
            74.6771643,
            26.513409
          ],
          [
            74.6768827,
            26.5143713
          ],
          [
            74.6764708,
            26.5152332
          ],
          [
            74.6760145,
            26.51594
          ]
        ]
      },
      "id": "way/311476267"
    },
    {
      "type": "Feature",
      "properties": {
        "@id": "way/369629877",
        "construction": "electrification",
        "electrified": "construction",
        "gauge": "1676",
        "layer": "1",
        "passenger_lines": "2",
        "railway": "rail",
        "usage": "main"
      },
      "geometry": {
        "type": "LineString",
        "coordinates": [
          [
            75.2407451,
            26.8726433
          ],
          [
            75.2405272,
            26.8726203
          ],
          [
            75.2402508,
            26.8726027
          ],
          [
            75.2400113,
            26.8726077
          ],
          [
            75.2397623,
            26.8726294
          ],
          [
            75.2393934,
            26.8727093
          ],
          [
            75.2389395,
            26.8728505
          ],
          [
            75.238237,
            26.8730958
          ],
          [
            75.2370662,
            26.8735059
          ],
          [
            75.2347215,
            26.8743172
          ],
          [
            75.2316345,
            26.8755919
          ],
          [
            75.219501,
            26.8817895
          ],
          [
            75.1868897,
            26.8984467
          ],
          [
            75.185031,
            26.8993822
          ],
          [
            75.1843383,
            26.8997446
          ],
          [
            75.1837622,
            26.9000384
          ],
          [
            75.1827045,
            26.9005953
          ],
          [
            75.1821472,
            26.9009434
          ],
          [
            75.1819752,
            26.9010605
          ],
          [
            75.1817522,
            26.9012222
          ],
          [
            75.1814424,
            26.9014873
          ],
          [
            75.1811845,
            26.9017352
          ],
          [
            75.1809604,
            26.9019811
          ],
          [
            75.1807178,
            26.9022983
          ],
          [
            75.1804437,
            26.902696
          ],
          [
            75.1797447,
            26.903841
          ],
          [
            75.1789285,
            26.9052019
          ],
          [
            75.1780985,
            26.9065581
          ],
          [
            75.1774822,
            26.9075682
          ],
          [
            75.1745358,
            26.9123975
          ],
          [
            75.172935,
            26.9150557
          ],
          [
            75.1677341,
            26.9235527
          ],
          [
            75.1573455,
            26.9405292
          ],
          [
            75.1567273,
            26.9413193
          ],
          [
            75.1559998,
            26.9421861
          ],
          [
            75.1551413,
            26.9429985
          ],
          [
            75.1542418,
            26.9437901
          ],
          [
            75.1527274,
            26.9448689
          ],
          [
            75.1523189,
            26.9451219
          ],
          [
            75.1518844,
            26.9453982
          ],
          [
            75.1512008,
            26.9457286
          ],
          [
            75.1498842,
            26.9463537
          ],
          [
            75.1482477,
            26.9469419
          ],
          [
            75.1467255,
            26.9473462
          ],
          [
            75.1419586,
            26.9481715
          ],
          [
            75.1374056,
            26.9488995
          ],
          [
            75.1362953,
            26.9490779
          ],
          [
            75.1351394,
            26.9492427
          ],
          [
            75.1346057,
            26.9493281
          ],
          [
            75.1336281,
            26.9494844
          ],
          [
            75.1286088,
            26.9503239
          ],
          [
            75.1270708,
            26.950578
          ],
          [
            75.1266203,
            26.9506601
          ],
          [
            75.1261988,
            26.9507487
          ],
          [
            75.1256578,
            26.9508896
          ],
          [
            75.1250462,
            26.9510498
          ],
          [
            75.1244645,
            26.9512122
          ],
          [
            75.1238771,
            26.951427
          ],
          [
            75.1234661,
            26.9515978
          ],
          [
            75.1230551,
            26.9517957
          ],
          [
            75.12275,
            26.9519671
          ],
          [
            75.1224014,
            26.9521723
          ],
          [
            75.1220796,
            26.9523809
          ],
          [
            75.1217237,
            26.9526437
          ],
          [
            75.1213675,
            26.9529316
          ],
          [
            75.1210188,
            26.9532533
          ],
          [
            75.1206987,
            26.953549
          ],
          [
            75.1203634,
            26.9539191
          ],
          [
            75.1198041,
            26.9546895
          ],
          [
            75.1189148,
            26.9561672
          ],
          [
            75.1184676,
            26.9569901
          ],
          [
            75.1182781,
            26.9574897
          ],
          [
            75.1181152,
            26.958095
          ],
          [
            75.1180248,
            26.9587361
          ],
          [
            75.1180544,
            26.9594165
          ],
          [
            75.1180969,
            26.9599148
          ],
          [
            75.1182176,
            26.9610865
          ],
          [
            75.1189605,
            26.968115
          ],
          [
            75.1193757,
            26.9717206
          ],
          [
            75.1196921,
            26.975021
          ],
          [
            75.1198231,
            26.9769179
          ],
          [
            75.1197577,
            26.977623
          ],
          [
            75.119691,
            26.9782834
          ],
          [
            75.1185034,
            26.9849108
          ],
          [
            75.1172991,
            26.9917643
          ],
          [
            75.1134813,
            27.0145778
          ],
          [
            75.1131734,
            27.0156502
          ],
          [
            75.1125067,
            27.0170234
          ],
          [
            75.1119633,
            27.0177444
          ],
          [
            75.1112642,
            27.0185082
          ],
          [
            75.1108147,
            27.0189618
          ],
          [
            75.1068018,
            27.0231332
          ]
        ]
      },
      "id": "way/369629877"
    },
    {
      "type": "Feature",
      "properties": {
        "@id": "way/373366630",
        "electrified": "contact_line",
        "frequency": "50",
        "gauge": "1676",
        "railway": "rail",
        "usage": "main",
        "voltage": "25000"
      },
      "geometry": {
        "type": "LineString",
        "coordinates": [
          [
            75.2527079,
            26.8744418
          ],
          [
            75.2524176,
            26.8743991
          ],
          [
            75.2512037,
            26.8742117
          ]
        ]
      },
      "id": "way/373366630"
    },
    {
      "type": "Feature",
      "properties": {
        "@id": "way/375191316",
        "electrified": "contact_line",
        "frequency": "50",
        "gauge": "1676",
        "layer": "1",
        "railway": "rail",
        "usage": "main",
        "voltage": "25000"
      },
      "geometry": {
        "type": "LineString",
        "coordinates": [
          [
            75.2512037,
            26.8742117
          ],
          [
            75.2504559,
            26.8740991
          ],
          [
            75.2501571,
            26.8740605
          ],
          [
            75.2496656,
            26.8740021
          ],
          [
            75.2493323,
            26.8739594
          ],
          [
            75.245671,
            26.8734011
          ],
          [
            75.2432463,
            26.8730314
          ],
          [
            75.2421567,
            26.8728697
          ],
          [
            75.2417785,
            26.8728033
          ],
          [
            75.2412282,
            26.8727239
          ],
          [
            75.2407451,
            26.8726433
          ]
        ]
      },
      "id": "way/375191316"
    },
    {
      "type": "Feature",
      "properties": {
        "@id": "way/375191317",
        "electrified": "contact_line",
        "frequency": "50",
        "gauge": "1676",
        "railway": "rail",
        "service": "siding",
        "voltage": "25000"
      },
      "geometry": {
        "type": "LineString",
        "coordinates": [
          [
            75.2524176,
            26.8743991
          ],
          [
            75.2521712,
            26.8743755
          ],
          [
            75.2518115,
            26.8743534
          ],
          [
            75.25158,
            26.8743583
          ],
          [
            75.2512685,
            26.8743657
          ],
          [
            75.251033,
            26.8743787
          ],
          [
            75.2508329,
            26.874401
          ],
          [
            75.2505771,
            26.874411
          ],
          [
            75.2503355,
            26.874416
          ],
          [
            75.2501385,
            26.8744146
          ],
          [
            75.2499196,
            26.8743989
          ],
          [
            75.2497358,
            26.8743767
          ],
          [
            75.2496033,
            26.874363
          ],
          [
            75.2493352,
            26.8743227
          ],
          [
            75.2435518,
            26.8734366
          ],
          [
            75.243193,
            26.8733698
          ],
          [
            75.2429534,
            26.87332
          ],
          [
            75.2426113,
            26.873227
          ],
          [
            75.2424636,
            26.8731634
          ],
          [
            75.2417799,
            26.8728902
          ],
          [
            75.241549,
            26.8728057
          ],
          [
            75.2412282,
            26.8727239
          ]
        ]
      },
      "id": "way/375191317"
    },
    {
      "type": "Feature",
      "properties": {
        "@id": "way/519595298",
        "electrified": "contact_line",
        "frequency": "50",
        "gauge": "1435",
        "layer": "-1",
        "name": "Pink Line Extended (Jaipur Metro)",
        "network": "Jaipur Metro",
        "note": "Contributors are requested to not edit the \"network\" and the \"operator\" tags. (2023/11/08)",
        "operator": "Jaipur Metro Rail Corporation Limited",
        "railway": "subway",
        "subway": "yes",
        "tracks": "2",
        "tunnel": "yes",
        "voltage": "25000"
      },
      "geometry": {
        "type": "LineString",
        "coordinates": [
          [
            75.8267752,
            26.9229693
          ],
          [
            75.8264278,
            26.923042
          ],
          [
            75.823939,
            26.9235315
          ],
          [
            75.8184914,
            26.924666
          ],
          [
            75.8181818,
            26.9247324
          ],
          [
            75.808899,
            26.9266612
          ],
          [
            75.8086929,
            26.9266977
          ],
          [
            75.8082749,
            26.9266759
          ],
          [
            75.8079145,
            26.9265583
          ]
        ]
      },
      "id": "way/519595298"
    },
    {
      "type": "Feature",
      "properties": {
        "@id": "way/543007931",
        "bridge": "yes",
        "electrified": "contact_line",
        "frequency": "50",
        "gauge": "1435",
        "layer": "2",
        "name": "Pink Line (Jaipur Metro)",
        "network": "Jaipur Metro",
        "note": "Contributors are requested to not edit the \"network\" and the \"operator\" tags. (2023/11/08)",
        "operator": "Jaipur Metro Rail Corporation Limited",
        "railway": "subway",
        "service": "yard",
        "subway": "yes",
        "tracks": "2",
        "voltage": "25000"
      },
      "geometry": {
        "type": "LineString",
        "coordinates": [
          [
            75.7502129,
            26.8794602
          ],
          [
            75.7500655,
            26.8794574
          ],
          [
            75.7475595,
            26.8794092
          ],
          [
            75.7457068,
            26.8793736
          ],
          [
            75.7445417,
            26.8794112
          ]
        ]
      },
      "id": "way/543007931"
    },
    {
      "type": "Feature",
      "properties": {
        "@id": "way/560895869",
        "name": "Sambhar Salt Railway",
        "railway": "narrow_gauge",
        "railway:traffic_mode": "freight",
        "service": "spur"
      },
      "geometry": {
        "type": "LineString",
        "coordinates": [
          [
            75.134632,
            26.9470665
          ],
          [
            75.1345113,
            26.9468992
          ],
          [
            75.1343567,
            26.946771
          ],
          [
            75.1342112,
            26.9466508
          ],
          [
            75.1340014,
            26.946523
          ],
          [
            75.1338877,
            26.9464663
          ],
          [
            75.1337469,
            26.9464137
          ],
          [
            75.1335239,
            26.9463365
          ],
          [
            75.1331816,
            26.9462984
          ],
          [
            75.132907,
            26.9463125
          ],
          [
            75.132574,
            26.9463451
          ],
          [
            75.1322365,
            26.9463938
          ],
          [
            75.1241797,
            26.9478521
          ],
          [
            75.1239081,
            26.9478899
          ],
          [
            75.12365,
            26.9479057
          ],
          [
            75.1234041,
            26.9478754
          ],
          [
            75.1231718,
            26.947827
          ],
          [
            75.1229756,
            26.9477638
          ],
          [
            75.1227884,
            26.9476905
          ],
          [
            75.1226306,
            26.9475761
          ],
          [
            75.1224493,
            26.947413
          ],
          [
            75.1222995,
            26.9472318
          ],
          [
            75.1222113,
            26.947108
          ],
          [
            75.1221411,
            26.9469762
          ],
          [
            75.1220819,
            26.946781
          ],
          [
            75.12204,
            26.9465947
          ],
          [
            75.1220342,
            26.9463682
          ],
          [
            75.1220316,
            26.9459796
          ],
          [
            75.121936,
            26.9435301
          ],
          [
            75.121668,
            26.9367066
          ],
          [
            75.1208532,
            26.9160431
          ],
          [
            75.1207346,
            26.9129844
          ],
          [
            75.1207186,
            26.912826
          ],
          [
            75.1206846,
            26.9126435
          ],
          [
            75.120603,
            26.9123227
          ],
          [
            75.1192072,
            26.9067627
          ],
          [
            75.1191645,
            26.9065369
          ],
          [
            75.1191488,
            26.9063836
          ],
          [
            75.1191581,
            26.9062419
          ],
          [
            75.119176,
            26.9061307
          ],
          [
            75.1192232,
            26.9059934
          ],
          [
            75.1192725,
            26.9058555
          ],
          [
            75.1193395,
            26.9057567
          ],
          [
            75.1194309,
            26.9056564
          ],
          [
            75.1195516,
            26.9055399
          ],
          [
            75.1197254,
            26.9054116
          ],
          [
            75.119906,
            26.9053159
          ],
          [
            75.1200528,
            26.9052529
          ],
          [
            75.1202764,
            26.9051938
          ],
          [
            75.1205611,
            26.9051281
          ],
          [
            75.1210312,
            26.9050488
          ],
          [
            75.1213715,
            26.9049868
          ],
          [
            75.121592,
            26.9049273
          ],
          [
            75.1217579,
            26.9048725
          ],
          [
            75.1245936,
            26.9037577
          ],
          [
            75.1247526,
            26.9036976
          ],
          [
            75.124916,
            26.9036517
          ],
          [
            75.1262671,
            26.9034082
          ],
          [
            75.126893,
            26.9032814
          ],
          [
            75.1271671,
            26.9032471
          ],
          [
            75.1274777,
            26.9032274
          ],
          [
            75.1278897,
            26.9032479
          ],
          [
            75.1289526,
            26.9032782
          ],
          [
            75.1298866,
            26.9033397
          ],
          [
            75.1303492,
            26.9033603
          ],
          [
            75.130753,
            26.903373
          ],
          [
            75.1311287,
            26.9033554
          ],
          [
            75.1314435,
            26.9033258
          ],
          [
            75.1317709,
            26.9032707
          ],
          [
            75.1321234,
            26.9031845
          ],
          [
            75.1325422,
            26.903051
          ],
          [
            75.1331216,
            26.902807
          ],
          [
            75.133841,
            26.9024911
          ]
        ]
      },
      "id": "way/560895869"
    },
    {
      "type": "Feature",
      "properties": {
        "@id": "way/560895870",
        "name": "Sambhar Salt Railway",
        "railway": "narrow_gauge",
        "railway:traffic_mode": "freight",
        "service": "spur"
      },
      "geometry": {
        "type": "LineString",
        "coordinates": [
          [
            75.1647659,
            26.9230682
          ],
          [
            75.1644552,
            26.9235718
          ]
        ]
      },
      "id": "way/560895870"
    },
    {
      "type": "Feature",
      "properties": {
        "@id": "way/560895871",
        "name": "Sambhar Salt Railway",
        "railway": "narrow_gauge",
        "railway:traffic_mode": "freight",
        "service": "spur"
      },
      "geometry": {
        "type": "LineString",
        "coordinates": [
          [
            75.1811368,
            26.9010998
          ],
          [
            75.1808166,
            26.901123
          ],
          [
            75.1806664,
            26.9012235
          ],
          [
            75.1805377,
            26.9013814
          ],
          [
            75.1804143,
            26.9016349
          ],
          [
            75.1802963,
            26.9017545
          ],
          [
            75.1799959,
            26.9018646
          ],
          [
            75.1789176,
            26.9021181
          ],
          [
            75.178408,
            26.9022473
          ],
          [
            75.1781613,
            26.9023669
          ],
          [
            75.177995,
            26.9025247
          ],
          [
            75.1778448,
            26.9028644
          ],
          [
            75.1772869,
            26.9047827
          ],
          [
            75.1765573,
            26.9070023
          ],
          [
            75.1763803,
            26.9072654
          ],
          [
            75.1696211,
            26.9152108
          ],
          [
            75.1693475,
            26.9156413
          ],
          [
            75.1647659,
            26.9230682
          ],
          [
            75.1646483,
            26.9233948
          ],
          [
            75.1645517,
            26.9237057
          ],
          [
            75.1644766,
            26.9239831
          ],
          [
            75.1624703,
            26.9272259
          ],
          [
            75.162363,
            26.9275799
          ],
          [
            75.1622987,
            26.9278668
          ],
          [
            75.1622021,
            26.9281442
          ],
          [
            75.1600778,
            26.9316452
          ],
          [
            75.1600885,
            26.9318652
          ],
          [
            75.160228,
            26.9322382
          ],
          [
            75.1602495,
            26.9325252
          ],
          [
            75.1600563,
            26.9328791
          ],
          [
            75.1561686,
            26.939303
          ],
          [
            75.1550782,
            26.9411048
          ],
          [
            75.1547885,
            26.9415257
          ],
          [
            75.1544022,
            26.9418317
          ],
          [
            75.1470208,
            26.9449688
          ],
          [
            75.1464844,
            26.9452079
          ],
          [
            75.1458155,
            26.9453759
          ],
          [
            75.1426756,
            26.9461643
          ],
          [
            75.1421392,
            26.9462791
          ],
          [
            75.1369679,
            26.9470777
          ],
          [
            75.1363939,
            26.9471446
          ],
          [
            75.1361549,
            26.9472015
          ],
          [
            75.1337814,
            26.9477663
          ],
          [
            75.1306862,
            26.9484596
          ],
          [
            75.1302302,
            26.9485792
          ],
          [
            75.1289964,
            26.9490526
          ],
          [
            75.1279771,
            26.9493634
          ]
        ]
      },
      "id": "way/560895871"
    },
    {
      "type": "Feature",
      "properties": {
        "@id": "way/560895873",
        "name": "Sambhar Salt Railway",
        "railway": "narrow_gauge",
        "railway:traffic_mode": "freight",
        "service": "spur"
      },
      "geometry": {
        "type": "LineString",
        "coordinates": [
          [
            75.1825708,
            26.900793
          ],
          [
            75.1828873,
            26.900726
          ],
          [
            75.1833433,
            26.9007212
          ],
          [
            75.1843625,
            26.9007738
          ],
          [
            75.1847005,
            26.9008551
          ],
          [
            75.1852369,
            26.9010896
          ],
          [
            75.1857144,
            26.9013862
          ],
          [
            75.1862454,
            26.9020033
          ],
          [
            75.1865298,
            26.9025295
          ],
          [
            75.1865888,
            26.9031371
          ],
          [
            75.1865619,
            26.9034863
          ],
          [
            75.1864278,
            26.9041225
          ],
          [
            75.1864064,
            26.9045626
          ],
          [
            75.1864015,
            26.9050762
          ]
        ]
      },
      "id": "way/560895873"
    },
    {
      "type": "Feature",
      "properties": {
        "@id": "way/560895874",
        "bridge": "yes",
        "layer": "1",
        "name": "Sambhar Salt Railway",
        "railway": "narrow_gauge",
        "railway:traffic_mode": "freight",
        "service": "spur"
      },
      "geometry": {
        "type": "LineString",
        "coordinates": [
          [
            75.1814274,
            26.9011212
          ],
          [
            75.1822114,
            26.9011852
          ]
        ]
      },
      "id": "way/560895874"
    },
    {
      "type": "Feature",
      "properties": {
        "@id": "way/560895875",
        "name": "Sambhar Salt Railway",
        "railway": "narrow_gauge",
        "railway:traffic_mode": "freight",
        "service": "spur"
      },
      "geometry": {
        "type": "LineString",
        "coordinates": [
          [
            75.1202493,
            26.9103856
          ],
          [
            75.1219725,
            26.9100518
          ],
          [
            75.129494,
            26.9085944
          ],
          [
            75.1298738,
            26.9085199
          ],
          [
            75.1302937,
            26.908447
          ],
          [
            75.1306534,
            26.9083737
          ],
          [
            75.1308416,
            26.9083245
          ],
          [
            75.1310264,
            26.9082564
          ],
          [
            75.1311818,
            26.9081802
          ],
          [
            75.1313529,
            26.908072
          ],
          [
            75.1315281,
            26.9079322
          ],
          [
            75.1316756,
            26.9077771
          ],
          [
            75.1317856,
            26.9075878
          ],
          [
            75.1319026,
            26.9073074
          ],
          [
            75.131952,
            26.9070874
          ],
          [
            75.1319776,
            26.9068409
          ],
          [
            75.131987,
            26.9062059
          ],
          [
            75.1320125,
            26.9055111
          ],
          [
            75.13204,
            26.9052414
          ],
          [
            75.1321074,
            26.9050444
          ],
          [
            75.1321748,
            26.9048999
          ],
          [
            75.1325047,
            26.9041273
          ],
          [
            75.1326737,
            26.9037506
          ],
          [
            75.1329017,
            26.9033165
          ],
          [
            75.133017,
            26.9031203
          ],
          [
            75.1331913,
            26.9029074
          ],
          [
            75.1333416,
            26.9027782
          ],
          [
            75.1334918,
            26.902673
          ],
          [
            75.133841,
            26.9024911
          ],
          [
            75.13424,
            26.902319
          ],
          [
            75.1349461,
            26.9019997
          ],
          [
            75.1352147,
            26.9018974
          ],
          [
            75.1356335,
            26.9018143
          ],
          [
            75.1361632,
            26.9017091
          ],
          [
            75.1363952,
            26.9016391
          ],
          [
            75.1365736,
            26.901562
          ],
          [
            75.1368606,
            26.9014125
          ],
          [
            75.1386255,
            26.9003457
          ],
          [
            75.1395455,
            26.8998026
          ],
          [
            75.1398508,
            26.8996449
          ],
          [
            75.1402681,
            26.8994965
          ],
          [
            75.1407229,
            26.899384
          ],
          [
            75.1409763,
            26.8993328
          ],
          [
            75.1417566,
            26.8992611
          ],
          [
            75.1423088,
            26.8992103
          ],
          [
            75.1437153,
            26.8990855
          ],
          [
            75.1446042,
            26.8990037
          ],
          [
            75.1454973,
            26.898975
          ],
          [
            75.1542306,
            26.9000084
          ],
          [
            75.155003,
            26.9000849
          ],
          [
            75.1646429,
            26.8984057
          ],
          [
            75.1653027,
            26.8983244
          ],
          [
            75.1658606,
            26.8983292
          ],
          [
            75.1662604,
            26.8983722
          ],
          [
            75.1668692,
            26.8985301
          ],
          [
            75.1693475,
            26.899176
          ],
          [
            75.1728773,
            26.9000562
          ],
          [
            75.1744223,
            26.9004485
          ],
          [
            75.1752269,
            26.9005825
          ],
          [
            75.1777106,
            26.9007977
          ],
          [
            75.1811368,
            26.9010998
          ],
          [
            75.1814274,
            26.9011212
          ]
        ]
      },
      "id": "way/560895875"
    },
    {
      "type": "Feature",
      "properties": {
        "@id": "way/560895876",
        "railway": "narrow_gauge",
        "railway:traffic_mode": "freight",
        "service": "spur"
      },
      "geometry": {
        "type": "LineString",
        "coordinates": [
          [
            75.1987767,
            26.9456765
          ],
          [
            75.2105999,
            26.9328982
          ],
          [
            75.2109003,
            26.9323817
          ],
          [
            75.2112007,
            26.9314826
          ],
          [
            75.2109217,
            26.9306026
          ],
          [
            75.2101278,
            26.9297225
          ],
          [
            75.2096412,
            26.9293706
          ],
          [
            75.2081966,
            26.928326
          ],
          [
            75.2043772,
            26.9256667
          ],
          [
            75.2031541,
            26.9250162
          ],
          [
            75.1996779,
            26.9232561
          ],
          [
            75.1985192,
            26.9228926
          ],
          [
            75.1921034,
            26.9213046
          ],
          [
            75.1914382,
            26.9207115
          ],
          [
            75.1907515,
            26.9197549
          ],
          [
            75.1904726,
            26.9190279
          ]
        ]
      },
      "id": "way/560895876"
    },
    {
      "type": "Feature",
      "properties": {
        "@id": "way/560895877",
        "name": "Sambhar Salt Railway",
        "railway": "narrow_gauge",
        "railway:traffic_mode": "freight",
        "service": "spur"
      },
      "geometry": {
        "type": "LineString",
        "coordinates": [
          [
            75.1822114,
            26.9011852
          ],
          [
            75.1824045,
            26.9011613
          ],
          [
            75.1830268,
            26.90108
          ],
          [
            75.1834452,
            26.9010656
          ],
          [
            75.1842016,
            26.9010896
          ],
          [
            75.1845342,
            26.9011565
          ],
          [
            75.1849794,
            26.9013096
          ],
          [
            75.1853764,
            26.901568
          ],
          [
            75.1858002,
            26.9019602
          ],
          [
            75.1860791,
            26.9024147
          ],
          [
            75.1862132,
            26.9028596
          ],
          [
            75.1862454,
            26.9033954
          ],
          [
            75.1862615,
            26.9042756
          ],
          [
            75.1863527,
            26.9048449
          ],
          [
            75.1864015,
            26.9050762
          ],
          [
            75.1866209,
            26.9061177
          ],
          [
            75.1866928,
            26.9064021
          ],
          [
            75.1868945,
            26.9073515
          ],
          [
            75.1876791,
            26.9102052
          ],
          [
            75.1880103,
            26.9114032
          ],
          [
            75.1882027,
            26.9118571
          ],
          [
            75.188267,
            26.9120088
          ],
          [
            75.1884138,
            26.912355
          ],
          [
            75.188611,
            26.9128201
          ],
          [
            75.1886755,
            26.9129722
          ],
          [
            75.1895589,
            26.9150429
          ],
          [
            75.189802,
            26.9156126
          ],
          [
            75.1903275,
            26.9169003
          ],
          [
            75.1903872,
            26.9170466
          ],
          [
            75.1905262,
            26.9173872
          ],
          [
            75.1905906,
            26.917856
          ],
          [
            75.1904726,
            26.9190279
          ],
          [
            75.1905692,
            26.9197166
          ],
          [
            75.190494,
            26.9202237
          ],
          [
            75.1903009,
            26.9207498
          ],
          [
            75.1897001,
            26.9212472
          ],
          [
            75.1890671,
            26.921429
          ],
          [
            75.1885629,
            26.9214194
          ],
          [
            75.1809347,
            26.9207785
          ],
          [
            75.1803446,
            26.9205872
          ],
          [
            75.1762032,
            26.9183104
          ],
          [
            75.1757741,
            26.9179851
          ],
          [
            75.1730168,
            26.9154883
          ]
        ]
      },
      "id": "way/560895877"
    },
    {
      "type": "Feature",
      "properties": {
        "@id": "way/561026936",
        "name": "Sambhar Salt Railway",
        "railway": "narrow_gauge",
        "railway:traffic_mode": "freight",
        "service": "spur"
      },
      "geometry": {
        "type": "LineString",
        "coordinates": [
          [
            75.17452,
            26.9129044
          ],
          [
            75.1745349,
            26.9129052
          ],
          [
            75.1746315,
            26.9132831
          ],
          [
            75.1748675,
            26.9136993
          ],
          [
            75.1752484,
            26.9140676
          ],
          [
            75.177775,
            26.9162345
          ],
          [
            75.1780218,
            26.9164067
          ],
          [
            75.1814564,
            26.9182936
          ],
          [
            75.1816186,
            26.9183534
          ],
          [
            75.1817903,
            26.9183929
          ],
          [
            75.1823079,
            26.918473
          ],
          [
            75.1887882,
            26.9189705
          ],
          [
            75.1893675,
            26.9188078
          ],
          [
            75.1898181,
            26.9185591
          ],
          [
            75.1901936,
            26.9181095
          ],
          [
            75.1903975,
            26.9175929
          ],
          [
            75.1903872,
            26.9170466
          ]
        ]
      },
      "id": "way/561026936"
    },
    {
      "type": "Feature",
      "properties": {
        "@id": "way/561026937",
        "name": "Sambhar Salt Railway",
        "railway": "narrow_gauge",
        "railway:traffic_mode": "freight",
        "service": "spur"
      },
      "geometry": {
        "type": "LineString",
        "coordinates": [
          [
            75.189802,
            26.9156126
          ],
          [
            75.1898879,
            26.9161388
          ],
          [
            75.1898235,
            26.9165358
          ],
          [
            75.1895392,
            26.9171002
          ],
          [
            75.1891154,
            26.9174685
          ],
          [
            75.1886272,
            26.9176742
          ],
          [
            75.1880586,
            26.9177364
          ],
          [
            75.1872271,
            26.9176694
          ],
          [
            75.182316,
            26.9172581
          ],
          [
            75.1821148,
            26.917227
          ],
          [
            75.1818225,
            26.9171457
          ],
          [
            75.1815999,
            26.9170309
          ],
          [
            75.1786897,
            26.9154189
          ],
          [
            75.1784241,
            26.915206
          ],
          [
            75.1749158,
            26.9121255
          ]
        ]
      },
      "id": "way/561026937"
    },
    {
      "type": "Feature",
      "properties": {
        "@id": "way/561028015",
        "name": "Sambhar Salt Railway",
        "railway": "narrow_gauge",
        "railway:traffic_mode": "freight",
        "service": "spur"
      },
      "geometry": {
        "type": "LineString",
        "coordinates": [
          [
            75.2096412,
            26.9293706
          ],
          [
            75.2100313,
            26.9299904
          ],
          [
            75.2101171,
            26.9305834
          ],
          [
            75.2099562,
            26.9310999
          ],
          [
            75.209527,
            26.9316739
          ],
          [
            75.2088404,
            26.9320182
          ],
          [
            75.2080035,
            26.9320756
          ],
          [
            75.2073598,
            26.9322095
          ],
          [
            75.2068663,
            26.9324869
          ],
          [
            75.2065229,
            26.9328026
          ],
          [
            75.1948499,
            26.9455044
          ]
        ]
      },
      "id": "way/561028015"
    },
    {
      "type": "Feature",
      "properties": {
        "@id": "way/561028016",
        "name": "Sambhar Salt Railway",
        "railway": "narrow_gauge",
        "railway:traffic_mode": "freight",
        "service": "spur"
      },
      "geometry": {
        "type": "LineString",
        "coordinates": [
          [
            75.1903275,
            26.9169003
          ],
          [
            75.190714,
            26.9175594
          ],
          [
            75.190891,
            26.9177364
          ],
          [
            75.1912665,
            26.917966
          ],
          [
            75.1919317,
            26.9181573
          ],
          [
            75.1993668,
            26.9199462
          ],
          [
            75.1998067,
            26.920128
          ],
          [
            75.2061045,
            26.9233805
          ],
          [
            75.2066731,
            26.9237727
          ],
          [
            75.2111471,
            26.926939
          ]
        ]
      },
      "id": "way/561028016"
    },
    {
      "type": "Feature",
      "properties": {
        "@id": "way/561039309",
        "name": "Sambhar Salt Railway",
        "railway": "narrow_gauge",
        "railway:traffic_mode": "freight",
        "service": "spur"
      },
      "geometry": {
        "type": "LineString",
        "coordinates": [
          [
            75.1345113,
            26.9468992
          ],
          [
            75.1350045,
            26.9470729
          ],
          [
            75.1355141,
            26.9471924
          ],
          [
            75.1357877,
            26.9472116
          ],
          [
            75.1361549,
            26.9472015
          ]
        ]
      },
      "id": "way/561039309"
    },
    {
      "type": "Feature",
      "properties": {
        "@id": "way/561039310",
        "name": "Sambhar Salt Railway",
        "railway": "narrow_gauge",
        "railway:traffic_mode": "freight",
        "service": "spur"
      },
      "geometry": {
        "type": "LineString",
        "coordinates": [
          [
            75.1561686,
            26.939303
          ],
          [
            75.1559418,
            26.9394597
          ],
          [
            75.1557112,
            26.939498
          ],
          [
            75.154928,
            26.9396175
          ],
          [
            75.1546758,
            26.9397323
          ],
          [
            75.154016,
            26.9401579
          ],
          [
            75.1534796,
            26.940464
          ],
          [
            75.1492309,
            26.9429125
          ],
          [
            75.1487911,
            26.943056
          ],
          [
            75.1464522,
            26.9436585
          ],
          [
            75.1461732,
            26.9438115
          ],
          [
            75.1460659,
            26.9439932
          ],
          [
            75.1460445,
            26.9442324
          ],
          [
            75.1460874,
            26.9448253
          ],
          [
            75.1460284,
            26.9451123
          ],
          [
            75.1459694,
            26.9452414
          ],
          [
            75.1458155,
            26.9453759
          ]
        ]
      },
      "id": "way/561039310"
    },
    {
      "type": "Feature",
      "properties": {
        "@id": "way/561039311",
        "name": "Sambhar Salt Railway",
        "railway": "narrow_gauge",
        "railway:traffic_mode": "freight",
        "service": "spur"
      },
      "geometry": {
        "type": "LineString",
        "coordinates": [
          [
            75.1600778,
            26.9316452
          ],
          [
            75.1598901,
            26.9317934
          ],
          [
            75.1595145,
            26.9319226
          ],
          [
            75.1591417,
            26.9320421
          ],
          [
            75.1589406,
            26.932243
          ],
          [
            75.1544237,
            26.9396367
          ]
        ]
      },
      "id": "way/561039311"
    },
    {
      "type": "Feature",
      "properties": {
        "@id": "way/568709789",
        "bridge": "yes",
        "electrified": "contact_line",
        "frequency": "50",
        "gauge": "1435",
        "layer": "2",
        "name": "Pink Line (Jaipur Metro)",
        "name:hi": "पिंक लाइन (जयपुर मेट्रो)",
        "network": "Jaipur Metro",
        "note": "Contributors are requested to not edit the \"network\" and the \"operator\" tags. (2023/11/08)",
        "operator": "Jaipur Metro Rail Corporation Limited",
        "railway": "subway",
        "subway": "yes",
        "tracks": "2",
        "voltage": "25000"
      },
      "geometry": {
        "type": "LineString",
        "coordinates": [
          [
            75.7683818,
            26.8884622
          ],
          [
            75.7681355,
            26.8872421
          ],
          [
            75.7680161,
            26.8866921
          ],
          [
            75.7677194,
            26.8852047
          ],
          [
            75.7676023,
            26.8845118
          ],
          [
            75.7674702,
            26.8838967
          ],
          [
            75.7673341,
            26.8832691
          ],
          [
            75.7670442,
            26.8819229
          ],
          [
            75.766974,
            26.8816678
          ],
          [
            75.7668558,
            26.8813804
          ],
          [
            75.7666475,
            26.881103
          ],
          [
            75.7664941,
            26.8809406
          ],
          [
            75.7662806,
            26.88078
          ],
          [
            75.7659417,
            26.8805868
          ],
          [
            75.7656645,
            26.8804885
          ],
          [
            75.7649743,
            26.8803106
          ],
          [
            75.764461,
            26.8801786
          ]
        ]
      },
      "id": "way/568709789"
    },
    {
      "type": "Feature",
      "properties": {
        "@id": "way/568709791",
        "bridge": "yes",
        "electrified": "contact_line",
        "frequency": "50",
        "gauge": "1435",
        "layer": "2",
        "name": "Pink Line (Jaipur Metro)",
        "name:hi": "पिंक लाइन (जयपुर मेट्रो)",
        "network": "Jaipur Metro",
        "note": "Contributors are requested to not edit the \"network\" and the \"operator\" tags. (2023/11/08)",
        "operator": "Jaipur Metro Rail Corporation Limited",
        "railway": "subway",
        "subway": "yes",
        "tracks": "2",
        "voltage": "25000"
      },
      "geometry": {
        "type": "LineString",
        "coordinates": [
          [
            75.7706033,
            26.8964858
          ],
          [
            75.7704839,
            26.8961167
          ],
          [
            75.7701383,
            26.8950479
          ],
          [
            75.7693608,
            26.8927065
          ],
          [
            75.7691441,
            26.8919422
          ],
          [
            75.7689491,
            26.8911098
          ],
          [
            75.7687936,
            26.8904276
          ],
          [
            75.7685134,
            26.8890969
          ],
          [
            75.7683818,
            26.8884622
          ]
        ]
      },
      "id": "way/568709791"
    },
    {
      "type": "Feature",
      "properties": {
        "@id": "way/568709794",
        "bridge": "yes",
        "electrified": "contact_line",
        "frequency": "50",
        "gauge": "1435",
        "layer": "2",
        "name": "Pink Line (Jaipur Metro)",
        "name:hi": "पिंक लाइन (जयपुर मेट्रो)",
        "network": "Jaipur Metro",
        "note": "Contributors are requested to not edit the \"network\" and the \"operator\" tags. (2023/11/08)",
        "operator": "Jaipur Metro Rail Corporation Limited",
        "railway": "subway",
        "subway": "yes",
        "tracks": "2",
        "voltage": "25000"
      },
      "geometry": {
        "type": "LineString",
        "coordinates": [
          [
            75.7746219,
            26.9017699
          ],
          [
            75.7744859,
            26.9011698
          ],
          [
            75.7743773,
            26.9006699
          ],
          [
            75.7742505,
            26.9003839
          ],
          [
            75.77417,
            26.9002326
          ],
          [
            75.7738875,
            26.899866
          ],
          [
            75.7737037,
            26.8997032
          ],
          [
            75.7728641,
            26.8991057
          ],
          [
            75.7717981,
            26.8983895
          ],
          [
            75.7712613,
            26.8980126
          ],
          [
            75.771078,
            26.8977915
          ],
          [
            75.7709224,
            26.8975242
          ],
          [
            75.7707251,
            26.8968823
          ],
          [
            75.7706033,
            26.8964858
          ]
        ]
      },
      "id": "way/568709794"
    },
    {
      "type": "Feature",
      "properties": {
        "@id": "way/568709797",
        "bridge": "yes",
        "electrified": "contact_line",
        "frequency": "50",
        "gauge": "1435",
        "layer": "2",
        "name": "Pink Line (Jaipur Metro)",
        "name:hi": "पिंक लाइन (जयपुर मेट्रो)",
        "network": "Jaipur Metro",
        "note": "Contributors are requested to not edit the \"network\" and the \"operator\" tags. (2023/11/08)",
        "operator": "Jaipur Metro Rail Corporation Limited",
        "railway": "subway",
        "subway": "yes",
        "tracks": "2",
        "voltage": "25000"
      },
      "geometry": {
        "type": "LineString",
        "coordinates": [
          [
            75.7811364,
            26.9094527
          ],
          [
            75.7805061,
            26.9091217
          ],
          [
            75.7798677,
            26.9088009
          ],
          [
            75.7793357,
            26.9084653
          ],
          [
            75.778892,
            26.9081205
          ],
          [
            75.7783781,
            26.907657
          ],
          [
            75.7778643,
            26.9071539
          ],
          [
            75.7774603,
            26.9066835
          ],
          [
            75.7767666,
            26.905842
          ],
          [
            75.7763117,
            26.9052625
          ],
          [
            75.7759458,
            26.9047791
          ],
          [
            75.7757131,
            26.9044487
          ],
          [
            75.7755202,
            26.9041473
          ],
          [
            75.7751034,
            26.9033587
          ],
          [
            75.7749963,
            26.903172
          ],
          [
            75.7749231,
            26.9029839
          ],
          [
            75.7748585,
            26.9027802
          ],
          [
            75.7747558,
            26.9023814
          ],
          [
            75.7746219,
            26.9017699
          ]
        ]
      },
      "id": "way/568709797"
    },
    {
      "type": "Feature",
      "properties": {
        "@id": "way/568709799",
        "bridge": "yes",
        "electrified": "contact_line",
        "frequency": "50",
        "gauge": "1435",
        "layer": "2",
        "name": "Pink Line (Jaipur Metro)",
        "name:hi": "पिंक लाइन (जयपुर मेट्रो)",
        "network": "Jaipur Metro",
        "note": "Contributors are requested to not edit the \"network\" and the \"operator\" tags. (2023/11/08)",
        "operator": "Jaipur Metro Rail Corporation Limited",
        "railway": "subway",
        "subway": "yes",
        "tracks": "2",
        "voltage": "25000"
      },
      "geometry": {
        "type": "LineString",
        "coordinates": [
          [
            75.7900798,
            26.9180833
          ],
          [
            75.7906114,
            26.917161
          ],
          [
            75.7907084,
            26.9169988
          ],
          [
            75.7908056,
            26.9167761
          ],
          [
            75.7908617,
            26.9165954
          ],
          [
            75.7909015,
            26.9164107
          ],
          [
            75.7909072,
            26.9160982
          ],
          [
            75.7908796,
            26.9155721
          ],
          [
            75.7908543,
            26.9152364
          ],
          [
            75.790814,
            26.9149108
          ],
          [
            75.7907643,
            26.9147266
          ],
          [
            75.7906588,
            26.9144403
          ],
          [
            75.7905555,
            26.9142267
          ],
          [
            75.7903792,
            26.9139612
          ],
          [
            75.7902369,
            26.9137747
          ],
          [
            75.7901003,
            26.9136238
          ],
          [
            75.7899206,
            26.9134497
          ],
          [
            75.7898093,
            26.9133607
          ],
          [
            75.789701,
            26.9132778
          ],
          [
            75.7895254,
            26.9131568
          ],
          [
            75.7890898,
            26.912933
          ],
          [
            75.788442,
            26.912719
          ],
          [
            75.7877673,
            26.9124841
          ],
          [
            75.7873115,
            26.9123072
          ],
          [
            75.7871146,
            26.9122221
          ],
          [
            75.7868372,
            26.9120939
          ],
          [
            75.7865625,
            26.9119362
          ],
          [
            75.7858545,
            26.9115448
          ],
          [
            75.7853074,
            26.9112897
          ],
          [
            75.7848478,
            26.9111248
          ],
          [
            75.7847216,
            26.9110757
          ],
          [
            75.7841999,
            26.9109072
          ],
          [
            75.7837772,
            26.910765
          ],
          [
            75.7834598,
            26.9106398
          ],
          [
            75.7830324,
            26.9104218
          ],
          [
            75.7820679,
            26.909924
          ],
          [
            75.7814781,
            26.9096354
          ],
          [
            75.7811364,
            26.9094527
          ]
        ]
      },
      "id": "way/568709799"
    },
    {
      "type": "Feature",
      "properties": {
        "@id": "way/568709800",
        "bridge": "yes",
        "electrified": "contact_line",
        "frequency": "50",
        "gauge": "1435",
        "layer": "2",
        "name": "Pink Line (Jaipur Metro)",
        "name:hi": "पिंक लाइन (जयपुर मेट्रो)",
        "network": "Jaipur Metro",
        "note": "Contributors are requested to not edit the \"network\" and the \"operator\" tags. (2023/11/08)",
        "operator": "Jaipur Metro Rail Corporation Limited",
        "railway": "subway",
        "subway": "yes",
        "tracks": "2",
        "voltage": "25000"
      },
      "geometry": {
        "type": "LineString",
        "coordinates": [
          [
            75.7999012,
            26.9225949
          ],
          [
            75.7993592,
            26.9224165
          ],
          [
            75.7990426,
            26.9223034
          ],
          [
            75.7979787,
            26.9219436
          ],
          [
            75.7974763,
            26.9217328
          ],
          [
            75.7971587,
            26.9215908
          ],
          [
            75.7967321,
            26.9214122
          ],
          [
            75.7965898,
            26.921354
          ],
          [
            75.7962322,
            26.9212299
          ],
          [
            75.7958387,
            26.9210873
          ],
          [
            75.7952824,
            26.9208863
          ],
          [
            75.7946583,
            26.9206595
          ],
          [
            75.7939939,
            26.9204204
          ],
          [
            75.793714,
            26.9203327
          ],
          [
            75.7934865,
            26.9202861
          ],
          [
            75.7932085,
            26.920242
          ],
          [
            75.7929063,
            26.9202265
          ],
          [
            75.792403,
            26.9202359
          ],
          [
            75.7915763,
            26.9202661
          ],
          [
            75.7911431,
            26.9202871
          ],
          [
            75.7908308,
            26.9202784
          ],
          [
            75.790675,
            26.9202555
          ],
          [
            75.7904994,
            26.9202113
          ],
          [
            75.7903021,
            26.9201207
          ],
          [
            75.790137,
            26.9200184
          ],
          [
            75.790034,
            26.9199266
          ],
          [
            75.7899588,
            26.9198492
          ],
          [
            75.7898359,
            26.9196933
          ],
          [
            75.7897709,
            26.91956
          ],
          [
            75.789705,
            26.9193457
          ],
          [
            75.7896828,
            26.9191305
          ],
          [
            75.7897117,
            26.9189275
          ],
          [
            75.789733,
            26.9188701
          ],
          [
            75.7898104,
            26.9186615
          ],
          [
            75.7900798,
            26.9180833
          ]
        ]
      },
      "id": "way/568709800"
    },
    {
      "type": "Feature",
      "properties": {
        "@id": "way/568709805",
        "bridge": "yes",
        "electrified": "contact_line",
        "frequency": "50",
        "gauge": "1435",
        "layer": "2",
        "name": "Pink Line (Jaipur Metro)",
        "name:hi": "पिंक लाइन (जयपुर मेट्रो)",
        "network": "Jaipur Metro",
        "note": "Contributors are requested to not edit the \"network\" and the \"operator\" tags. (2023/11/08)",
        "operator": "Jaipur Metro Rail Corporation Limited",
        "railway": "subway",
        "subway": "yes",
        "tracks": "2",
        "voltage": "25000"
      },
      "geometry": {
        "type": "LineString",
        "coordinates": [
          [
            75.8043877,
            26.9242938
          ],
          [
            75.8041098,
            26.924125
          ],
          [
            75.8038446,
            26.9239847
          ],
          [
            75.803658,
            26.9239071
          ],
          [
            75.8034324,
            26.9238159
          ],
          [
            75.8029661,
            26.9236514
          ],
          [
            75.8021353,
            26.9233739
          ],
          [
            75.8012703,
            26.9230764
          ],
          [
            75.8004195,
            26.92278
          ],
          [
            75.7999012,
            26.9225949
          ]
        ]
      },
      "id": "way/568709805"
    },
    {
      "type": "Feature",
      "properties": {
        "@id": "way/584521412",
        "railway": "rail",
        "service": "siding"
      },
      "geometry": {
        "type": "LineString",
        "coordinates": [
          [
            74.8922058,
            26.6223374
          ],
          [
            74.8932235,
            26.623237
          ],
          [
            74.893422,
            26.6234719
          ],
          [
            74.8940174,
            26.6243447
          ],
          [
            74.8941891,
            26.6245318
          ],
          [
            74.8943393,
            26.6246613
          ],
          [
            74.8993872,
            26.6283346
          ],
          [
            74.8998485,
            26.6286127
          ],
          [
            74.9001543,
            26.6288189
          ],
          [
            74.9009375,
            26.6293896
          ]
        ]
      },
      "id": "way/584521412"
    },
    {
      "type": "Feature",
      "properties": {
        "@id": "way/628301664",
        "electrified": "contact_line",
        "frequency": "50",
        "gauge": "1676",
        "railway": "rail",
        "service": "yard",
        "voltage": "25000"
      },
      "geometry": {
        "type": "LineString",
        "coordinates": [
          [
            74.6385371,
            26.4533007
          ],
          [
            74.638647,
            26.4528233
          ],
          [
            74.6387248,
            26.4525676
          ],
          [
            74.6387918,
            26.4523575
          ],
          [
            74.6391432,
            26.4514102
          ]
        ]
      },
      "id": "way/628301664"
    },
    {
      "type": "Feature",
      "properties": {
        "@id": "way/628301666",
        "electrified": "contact_line",
        "frequency": "50",
        "gauge": "1676",
        "passenger_lines": "2",
        "railway": "rail",
        "usage": "main",
        "voltage": "25000"
      },
      "geometry": {
        "type": "LineString",
        "coordinates": [
          [
            74.6359664,
            26.4196911
          ],
          [
            74.6363108,
            26.4204849
          ],
          [
            74.638339,
            26.4253093
          ],
          [
            74.6385008,
            26.4256938
          ],
          [
            74.6386236,
            26.4260283
          ],
          [
            74.6387156,
            26.4263102
          ],
          [
            74.6388012,
            26.4266059
          ],
          [
            74.6388733,
            26.4268618
          ],
          [
            74.6389412,
            26.4271527
          ],
          [
            74.6389958,
            26.4274595
          ],
          [
            74.6390465,
            26.4278013
          ],
          [
            74.6391913,
            26.4292197
          ],
          [
            74.6393496,
            26.4308788
          ],
          [
            74.6393954,
            26.4312303
          ],
          [
            74.6394563,
            26.4315489
          ],
          [
            74.6395441,
            26.4318886
          ],
          [
            74.6396371,
            26.4322
          ],
          [
            74.639726,
            26.4324631
          ],
          [
            74.6398182,
            26.4327155
          ],
          [
            74.6399442,
            26.4329799
          ],
          [
            74.6400786,
            26.43324
          ],
          [
            74.6401945,
            26.4334644
          ],
          [
            74.6411468,
            26.4351074
          ],
          [
            74.6412853,
            26.4353697
          ],
          [
            74.6414128,
            26.4356434
          ],
          [
            74.6414869,
            26.4358351
          ],
          [
            74.6415777,
            26.4360959
          ],
          [
            74.6416845,
            26.4364519
          ],
          [
            74.6417618,
            26.4367527
          ],
          [
            74.6418176,
            26.4370172
          ],
          [
            74.6418709,
            26.437356
          ],
          [
            74.6419083,
            26.4376997
          ],
          [
            74.6419242,
            26.4379825
          ],
          [
            74.6419176,
            26.4382375
          ],
          [
            74.6418935,
            26.4385123
          ],
          [
            74.6418214,
            26.4389833
          ],
          [
            74.6417235,
            26.4394661
          ],
          [
            74.6399705,
            26.4474594
          ],
          [
            74.6399204,
            26.4477128
          ],
          [
            74.6396729,
            26.4489306
          ],
          [
            74.6394128,
            26.4500413
          ],
          [
            74.6392706,
            26.4505684
          ],
          [
            74.6391955,
            26.4507641
          ],
          [
            74.6390963,
            26.4509767
          ],
          [
            74.6388099,
            26.4515946
          ]
        ]
      },
      "id": "way/628301666"
    },
    {
      "type": "Feature",
      "properties": {
        "@id": "way/628301669",
        "electrified": "no",
        "gauge": "1676",
        "railway": "rail",
        "service": "yard"
      },
      "geometry": {
        "type": "LineString",
        "coordinates": [
          [
            74.6413225,
            26.4422352
          ],
          [
            74.6411964,
            26.4427755
          ],
          [
            74.6411213,
            26.4431382
          ],
          [
            74.6404396,
            26.4462595
          ],
          [
            74.6403804,
            26.4464632
          ],
          [
            74.6402768,
            26.4468143
          ]
        ]
      },
      "id": "way/628301669"
    },
    {
      "type": "Feature",
      "properties": {
        "@id": "way/628306538",
        "electrified": "contact_line",
        "frequency": "50",
        "gauge": "1676",
        "passenger_lines": "2",
        "railway": "rail",
        "usage": "main",
        "voltage": "25000"
      },
      "geometry": {
        "type": "LineString",
        "coordinates": [
          [
            74.638612,
            26.452335
          ],
          [
            74.6387369,
            26.452048
          ],
          [
            74.639046,
            26.4514316
          ],
          [
            74.6391446,
            26.451194
          ],
          [
            74.6392505,
            26.450915
          ],
          [
            74.6393289,
            26.4506527
          ],
          [
            74.6394042,
            26.4502894
          ],
          [
            74.6396403,
            26.4492725
          ],
          [
            74.6397182,
            26.4489369
          ],
          [
            74.6398322,
            26.4483602
          ],
          [
            74.6399353,
            26.4478391
          ]
        ]
      },
      "id": "way/628306538"
    },
    {
      "type": "Feature",
      "properties": {
        "@id": "way/628306539",
        "railway": "rail"
      },
      "geometry": {
        "type": "LineString",
        "coordinates": [
          [
            74.6523651,
            26.4149473
          ],
          [
            74.6539181,
            26.4086102
          ],
          [
            74.6539852,
            26.4082834
          ],
          [
            74.6540362,
            26.4079399
          ],
          [
            74.6541917,
            26.4065994
          ]
        ]
      },
      "id": "way/628306539"
    },
    {
      "type": "Feature",
      "properties": {
        "@id": "way/661988079",
        "electrified": "contact_line",
        "frequency": "50",
        "gauge": "1676",
        "passenger_lines": "2",
        "railway": "rail",
        "usage": "main",
        "voltage": "25000"
      },
      "geometry": {
        "type": "LineString",
        "coordinates": [
          [
            75.7866071,
            26.9204689
          ],
          [
            75.7843134,
            26.9223036
          ],
          [
            75.7822479,
            26.9239616
          ],
          [
            75.7818229,
            26.9242977
          ],
          [
            75.7812745,
            26.9247482
          ],
          [
            75.7809963,
            26.9249796
          ],
          [
            75.7804886,
            26.9254148
          ],
          [
            75.7799096,
            26.9258874
          ]
        ]
      },
      "id": "way/661988079"
    },
    {
      "type": "Feature",
      "properties": {
        "@id": "way/661988081",
        "electrified": "contact_line",
        "frequency": "50",
        "gauge": "1676",
        "railway": "rail",
        "voltage": "25000"
      },
      "geometry": {
        "type": "LineString",
        "coordinates": [
          [
            75.7892531,
            26.9183388
          ],
          [
            75.7889405,
            26.9185448
          ],
          [
            75.7887808,
            26.9186407
          ],
          [
            75.7883414,
            26.918904
          ],
          [
            75.7882215,
            26.9189861
          ],
          [
            75.7880994,
            26.9190709
          ],
          [
            75.7865017,
            26.9203604
          ],
          [
            75.7827256,
            26.9233802
          ],
          [
            75.7825452,
            26.9235267
          ],
          [
            75.7823282,
            26.9237164
          ],
          [
            75.7819579,
            26.9240616
          ],
          [
            75.7817508,
            26.9242469
          ],
          [
            75.7812294,
            26.924669
          ],
          [
            75.7808668,
            26.9250262
          ],
          [
            75.7804516,
            26.9253901
          ],
          [
            75.7802627,
            26.9255446
          ]
        ]
      },
      "id": "way/661988081"
    },
    {
      "type": "Feature",
      "properties": {
        "@id": "way/661988084",
        "electrified": "contact_line",
        "frequency": "50",
        "gauge": "1676",
        "passenger_lines": "1",
        "railway": "rail",
        "usage": "main",
        "voltage": "25000"
      },
      "geometry": {
        "type": "LineString",
        "coordinates": [
          [
            74.636079,
            26.4196725
          ],
          [
            74.6362437,
            26.4200674
          ],
          [
            74.6363524,
            26.420298
          ],
          [
            74.6364405,
            26.4204475
          ],
          [
            74.6365803,
            26.4206847
          ],
          [
            74.6367493,
            26.4209417
          ],
          [
            74.6369357,
            26.4212
          ],
          [
            74.6371074,
            26.4214366
          ],
          [
            74.6373273,
            26.4216804
          ],
          [
            74.637554,
            26.4219134
          ],
          [
            74.6378517,
            26.4221848
          ],
          [
            74.6381274,
            26.4224159
          ],
          [
            74.6391074,
            26.4232731
          ],
          [
            74.6396971,
            26.4237197
          ],
          [
            74.6403757,
            26.4242217
          ],
          [
            74.6408953,
            26.4245597
          ],
          [
            74.6410528,
            26.4246355
          ],
          [
            74.6415407,
            26.4248932
          ],
          [
            74.6419783,
            26.4250878
          ],
          [
            74.6425033,
            26.4252801
          ],
          [
            74.6430183,
            26.4254231
          ],
          [
            74.643694,
            26.4255751
          ],
          [
            74.6443641,
            26.4256869
          ],
          [
            74.6448904,
            26.4257416
          ],
          [
            74.6455661,
            26.4257771
          ],
          [
            74.6456832,
            26.425787
          ],
          [
            74.6461907,
            26.4258526
          ],
          [
            74.6467532,
            26.425958
          ],
          [
            74.6471214,
            26.4260508
          ],
          [
            74.6474988,
            26.4261753
          ],
          [
            74.6480203,
            26.4263617
          ],
          [
            74.6485549,
            26.426574
          ]
        ]
      },
      "id": "way/661988084"
    },
    {
      "type": "Feature",
      "properties": {
        "@id": "way/674904905",
        "electrified": "contact_line",
        "frequency": "50",
        "gauge": "1676",
        "passenger_lines": "2",
        "railway": "rail",
        "usage": "main",
        "voltage": "25000"
      },
      "geometry": {
        "type": "LineString",
        "coordinates": [
          [
            75.1880833,
            26.7934869
          ],
          [
            75.1873398,
            26.7930778
          ],
          [
            75.1838982,
            26.7912634
          ],
          [
            75.1804932,
            26.7893674
          ],
          [
            75.1666193,
            26.7816018
          ]
        ]
      },
      "id": "way/674904905"
    },
    {
      "type": "Feature",
      "properties": {
        "@id": "way/674904906",
        "electrified": "contact_line",
        "frequency": "50",
        "gauge": "1676",
        "layer": "1",
        "passenger_lines": "2",
        "railway": "rail",
        "usage": "main",
        "voltage": "25000"
      },
      "geometry": {
        "type": "LineString",
        "coordinates": [
          [
            75.1665833,
            26.7816368
          ],
          [
            75.1804594,
            26.789405
          ],
          [
            75.1838624,
            26.7913164
          ],
          [
            75.1873093,
            26.7931188
          ],
          [
            75.1878441,
            26.7934126
          ],
          [
            75.1952078,
            26.7975485
          ],
          [
            75.1968849,
            26.7984812
          ],
          [
            75.1972479,
            26.7986982
          ],
          [
            75.1977806,
            26.7990617
          ],
          [
            75.1982144,
            26.7994381
          ],
          [
            75.1985937,
            26.7998438
          ],
          [
            75.198877,
            26.8002126
          ],
          [
            75.1990239,
            26.8004065
          ],
          [
            75.199285,
            26.8008324
          ],
          [
            75.2019192,
            26.8056438
          ],
          [
            75.2139824,
            26.8277436
          ],
          [
            75.2151263,
            26.8298415
          ],
          [
            75.2191972,
            26.8372996
          ],
          [
            75.219939,
            26.8386572
          ],
          [
            75.2237858,
            26.8457234
          ],
          [
            75.232357,
            26.8614571
          ],
          [
            75.2354748,
            26.8671646
          ],
          [
            75.2362945,
            26.8686652
          ],
          [
            75.2371249,
            26.8702034
          ],
          [
            75.23741,
            26.8707011
          ],
          [
            75.2376636,
            26.8710429
          ],
          [
            75.2379557,
            26.8713281
          ],
          [
            75.2383035,
            26.8716154
          ],
          [
            75.2385679,
            26.8717939
          ],
          [
            75.238802,
            26.8719409
          ],
          [
            75.2390336,
            26.8720692
          ],
          [
            75.239329,
            26.8722053
          ],
          [
            75.2396414,
            26.8723303
          ],
          [
            75.2399427,
            26.8724176
          ],
          [
            75.2403322,
            26.8725005
          ],
          [
            75.2407519,
            26.8725686
          ],
          [
            75.2425546,
            26.8728446
          ],
          [
            75.2430846,
            26.8729214
          ],
          [
            75.2518068,
            26.8742564
          ],
          [
            75.2529691,
            26.874426
          ]
        ]
      },
      "id": "way/674904906"
    },
    {
      "type": "Feature",
      "properties": {
        "@id": "way/676313080",
        "electrified": "contact_line",
        "frequency": "50",
        "gauge": "1676",
        "passenger_lines": "2",
        "railway": "rail",
        "usage": "main",
        "voltage": "25000"
      },
      "geometry": {
        "type": "LineString",
        "coordinates": [
          [
            75.7751021,
            26.9291036
          ],
          [
            75.7759177,
            26.9286086
          ],
          [
            75.776489,
            26.9282618
          ],
          [
            75.7778945,
            26.9274174
          ],
          [
            75.7782945,
            26.9271697
          ],
          [
            75.7786959,
            26.9269034
          ],
          [
            75.7789794,
            26.926694
          ],
          [
            75.7792262,
            26.9265012
          ],
          [
            75.7794955,
            26.9262862
          ],
          [
            75.7796834,
            26.9261336
          ],
          [
            75.7797994,
            26.9260396
          ],
          [
            75.7800745,
            26.9258168
          ],
          [
            75.7810304,
            26.9250088
          ]
        ]
      },
      "id": "way/676313080"
    },
    {
      "type": "Feature",
      "properties": {
        "@id": "way/676313081",
        "bridge": "yes",
        "electrified": "contact_line",
        "frequency": "50",
        "gauge": "1676",
        "layer": "1",
        "passenger_lines": "2",
        "railway": "rail",
        "usage": "main",
        "voltage": "25000"
      },
      "geometry": {
        "type": "LineString",
        "coordinates": [
          [
            75.7750781,
            26.929065
          ],
          [
            75.7744618,
            26.9294319
          ]
        ]
      },
      "id": "way/676313081"
    },
    {
      "type": "Feature",
      "properties": {
        "@id": "way/676313094",
        "bridge": "yes",
        "electrified": "contact_line",
        "frequency": "50",
        "gauge": "1435",
        "layer": "2",
        "name": "Pink Line (Jaipur Metro)",
        "name:hi": "पिंक लाइन (जयपुर मेट्रो)",
        "network": "Jaipur Metro",
        "note": "Contributors are requested to not edit the \"network\" and the \"operator\" tags. (2023/11/08)",
        "operator": "Jaipur Metro Rail Corporation Limited",
        "railway": "subway",
        "subway": "yes",
        "tracks": "2",
        "voltage": "25000"
      },
      "geometry": {
        "type": "LineString",
        "coordinates": [
          [
            75.7623645,
            26.8796729
          ],
          [
            75.7617868,
            26.8795514
          ],
          [
            75.7616914,
            26.8795316
          ]
        ]
      },
      "id": "way/676313094"
    },
    {
      "type": "Feature",
      "properties": {
        "@id": "way/676313112",
        "bridge": "yes",
        "electrified": "contact_line",
        "frequency": "50",
        "gauge": "1435",
        "layer": "2",
        "name": "Pink Line (Jaipur Metro)",
        "name:hi": "पिंक लाइन (जयपुर मेट्रो)",
        "network": "Jaipur Metro",
        "note": "Contributors are requested to not edit the \"network\" and the \"operator\" tags. (2023/11/08)",
        "operator": "Jaipur Metro Rail Corporation Limited",
        "railway": "subway",
        "subway": "yes",
        "tracks": "2",
        "voltage": "25000"
      },
      "geometry": {
        "type": "LineString",
        "coordinates": [
          [
            75.764461,
            26.8801786
          ],
          [
            75.7641122,
            26.8800864
          ],
          [
            75.7635119,
            26.8799452
          ],
          [
            75.7623645,
            26.8796729
          ]
        ]
      },
      "id": "way/676313112"
    },
    {
      "type": "Feature",
      "properties": {
        "@id": "way/684806437",
        "railway": "rail",
        "service": "siding"
      },
      "geometry": {
        "type": "LineString",
        "coordinates": [
          [
            75.1773092,
            26.9077625
          ],
          [
            75.1778706,
            26.9068523
          ],
          [
            75.178054,
            26.9065493
          ],
          [
            75.1786026,
            26.9056334
          ],
          [
            75.1789583,
            26.9050546
          ],
          [
            75.1804622,
            26.9026197
          ],
          [
            75.1806855,
            26.9022727
          ],
          [
            75.1808386,
            26.9020736
          ],
          [
            75.1810092,
            26.9018688
          ],
          [
            75.1813489,
            26.9015331
          ],
          [
            75.1815196,
            26.9013681
          ],
          [
            75.181888,
            26.9010709
          ],
          [
            75.1822086,
            26.9008561
          ],
          [
            75.182459,
            26.9006883
          ],
          [
            75.1828226,
            26.9004849
          ],
          [
            75.1833919,
            26.9001734
          ],
          [
            75.1835355,
            26.9001009
          ],
          [
            75.1845546,
            26.8995832
          ]
        ]
      },
      "id": "way/684806437"
    },
    {
      "type": "Feature",
      "properties": {
        "@id": "way/684806438",
        "railway": "rail",
        "service": "crossover"
      },
      "geometry": {
        "type": "LineString",
        "coordinates": [
          [
            75.1843383,
            26.8997446
          ],
          [
            75.1835355,
            26.9001009
          ]
        ]
      },
      "id": "way/684806438"
    },
    {
      "type": "Feature",
      "properties": {
        "@id": "way/684806439",
        "railway": "rail",
        "service": "crossover"
      },
      "geometry": {
        "type": "LineString",
        "coordinates": [
          [
            75.1825036,
            26.9005902
          ],
          [
            75.1828449,
            26.9004053
          ],
          [
            75.1829613,
            26.9003484
          ],
          [
            75.1831447,
            26.9002758
          ],
          [
            75.1833919,
            26.9001734
          ]
        ]
      },
      "id": "way/684806439"
    },
    {
      "type": "Feature",
      "properties": {
        "@id": "way/684806440",
        "railway": "rail",
        "service": "siding"
      },
      "geometry": {
        "type": "LineString",
        "coordinates": [
          [
            75.1831926,
            26.9001834
          ],
          [
            75.1825036,
            26.9005902
          ],
          [
            75.1819183,
            26.9009827
          ],
          [
            75.1816328,
            26.901206
          ],
          [
            75.1814207,
            26.9013866
          ],
          [
            75.1812373,
            26.9015502
          ],
          [
            75.1809343,
            26.9018759
          ],
          [
            75.1807254,
            26.902149
          ],
          [
            75.1803984,
            26.9026069
          ],
          [
            75.1801082,
            26.9030805
          ],
          [
            75.1796935,
            26.9037646
          ],
          [
            75.1791768,
            26.904618
          ],
          [
            75.1784017,
            26.9058823
          ],
          [
            75.1779695,
            26.9065877
          ]
        ]
      },
      "id": "way/684806440"
    },
    {
      "type": "Feature",
      "properties": {
        "@id": "way/684806441",
        "railway": "rail",
        "service": "crossover"
      },
      "geometry": {
        "type": "LineString",
        "coordinates": [
          [
            75.1784017,
            26.9058823
          ],
          [
            75.178054,
            26.9065493
          ]
        ]
      },
      "id": "way/684806441"
    },
    {
      "type": "Feature",
      "properties": {
        "@id": "way/684806442",
        "railway": "rail",
        "service": "siding"
      },
      "geometry": {
        "type": "LineString",
        "coordinates": [
          [
            75.1780985,
            26.9065581
          ],
          [
            75.1785659,
            26.9058837
          ]
        ]
      },
      "id": "way/684806442"
    },
    {
      "type": "Feature",
      "properties": {
        "@id": "way/684806443",
        "railway": "rail",
        "service": "crossover"
      },
      "geometry": {
        "type": "LineString",
        "coordinates": [
          [
            75.1778706,
            26.9068523
          ],
          [
            75.1774822,
            26.9075682
          ]
        ]
      },
      "id": "way/684806443"
    },
    {
      "type": "Feature",
      "properties": {
        "@id": "way/684806444",
        "railway": "rail",
        "service": "siding"
      },
      "geometry": {
        "type": "LineString",
        "coordinates": [
          [
            75.1779583,
            26.9068949
          ],
          [
            75.1785659,
            26.9058837
          ],
          [
            75.1789933,
            26.9051798
          ],
          [
            75.1795372,
            26.9042752
          ],
          [
            75.180207,
            26.9031844
          ],
          [
            75.180644,
            26.9024803
          ],
          [
            75.1808705,
            26.9021717
          ],
          [
            75.1810571,
            26.9019385
          ],
          [
            75.1812692,
            26.9017166
          ],
          [
            75.1814654,
            26.9015388
          ],
          [
            75.1817652,
            26.9012743
          ],
          [
            75.1820826,
            26.901041
          ],
          [
            75.1824414,
            26.9007964
          ],
          [
            75.1827412,
            26.9006243
          ],
          [
            75.1830267,
            26.9004664
          ],
          [
            75.1840825,
            26.899926
          ]
        ]
      },
      "id": "way/684806444"
    },
    {
      "type": "Feature",
      "properties": {
        "@id": "way/684806445",
        "railway": "rail",
        "service": "crossover"
      },
      "geometry": {
        "type": "LineString",
        "coordinates": [
          [
            75.1830267,
            26.9004664
          ],
          [
            75.1837622,
            26.9000384
          ]
        ]
      },
      "id": "way/684806445"
    },
    {
      "type": "Feature",
      "properties": {
        "@id": "way/684806446",
        "railway": "rail",
        "service": "siding"
      },
      "geometry": {
        "type": "LineString",
        "coordinates": [
          [
            75.1812373,
            26.9015502
          ],
          [
            75.181014,
            26.9017428
          ],
          [
            75.1808964,
            26.9018376
          ],
          [
            75.180739,
            26.9019475
          ],
          [
            75.1805835,
            26.9020422
          ],
          [
            75.1803957,
            26.9021555
          ],
          [
            75.1802269,
            26.9022722
          ],
          [
            75.1800942,
            26.9023805
          ],
          [
            75.1799368,
            26.9025412
          ],
          [
            75.1797964,
            26.9027188
          ],
          [
            75.179639,
            26.9029775
          ],
          [
            75.1792597,
            26.9036
          ],
          [
            75.1791117,
            26.9038824
          ]
        ]
      },
      "id": "way/684806446"
    },
    {
      "type": "Feature",
      "properties": {
        "@id": "way/684806447",
        "railway": "rail",
        "service": "spur"
      },
      "geometry": {
        "type": "LineString",
        "coordinates": [
          [
            75.1816328,
            26.901206
          ],
          [
            75.1813497,
            26.901413
          ],
          [
            75.1811639,
            26.901523
          ],
          [
            75.1809552,
            26.9016143
          ],
          [
            75.1806783,
            26.9016938
          ],
          [
            75.1804697,
            26.9017209
          ],
          [
            75.1803559,
            26.9017276
          ],
          [
            75.1802004,
            26.9017259
          ],
          [
            75.1800468,
            26.9017039
          ],
          [
            75.1796599,
            26.9016532
          ],
          [
            75.1786015,
            26.9015027
          ],
          [
            75.1779301,
            26.9013488
          ],
          [
            75.1763161,
            26.9009378
          ],
          [
            75.1752958,
            26.9006807
          ],
          [
            75.1743019,
            26.9004591
          ],
          [
            75.1732531,
            26.9002037
          ],
          [
            75.1727069,
            26.9000599
          ]
        ]
      },
      "id": "way/684806447"
    },
    {
      "type": "Feature",
      "properties": {
        "@id": "way/684806448",
        "name": "Sambhar Salt Railway",
        "railway": "narrow_gauge",
        "railway:traffic_mode": "freight",
        "service": "spur"
      },
      "geometry": {
        "type": "LineString",
        "coordinates": [
          [
            75.1446042,
            26.8990037
          ],
          [
            75.144125,
            26.8990871
          ],
          [
            75.1438327,
            26.899111
          ],
          [
            75.1424781,
            26.899233
          ],
          [
            75.1421402,
            26.8992617
          ],
          [
            75.1417566,
            26.8992611
          ]
        ]
      },
      "id": "way/684806448"
    },
    {
      "type": "Feature",
      "properties": {
        "@id": "way/684806449",
        "name": "Sambhar Salt Railway",
        "railway": "narrow_gauge",
        "railway:traffic_mode": "freight",
        "service": "spur"
      },
      "geometry": {
        "type": "LineString",
        "coordinates": [
          [
            75.131987,
            26.9062059
          ],
          [
            75.1319304,
            26.9064595
          ],
          [
            75.1318966,
            26.9065963
          ],
          [
            75.1318312,
            26.9067673
          ],
          [
            75.1317613,
            26.9068899
          ],
          [
            75.1316756,
            26.9070267
          ],
          [
            75.1315628,
            26.9071615
          ],
          [
            75.1314568,
            26.907262
          ],
          [
            75.1313057,
            26.9073747
          ],
          [
            75.1311726,
            26.9074571
          ],
          [
            75.1309877,
            26.9075376
          ],
          [
            75.1308275,
            26.9075919
          ],
          [
            75.1303877,
            26.9076945
          ],
          [
            75.1299682,
            26.9077749
          ],
          [
            75.1281503,
            26.9081269
          ],
          [
            75.1257527,
            26.9085915
          ],
          [
            75.123583,
            26.9090078
          ],
          [
            75.1216704,
            26.9093739
          ],
          [
            75.1200983,
            26.9096796
          ]
        ]
      },
      "id": "way/684806449"
    },
    {
      "type": "Feature",
      "properties": {
        "@id": "way/684806450",
        "railway": "narrow_gauge",
        "railway:traffic_mode": "freight",
        "service": "spur"
      },
      "geometry": {
        "type": "LineString",
        "coordinates": [
          [
            75.1219725,
            26.9100518
          ],
          [
            75.1216538,
            26.9101509
          ],
          [
            75.1214666,
            26.9102313
          ],
          [
            75.1212997,
            26.9103279
          ],
          [
            75.1211689,
            26.9104284
          ],
          [
            75.1210719,
            26.9105169
          ],
          [
            75.1209433,
            26.9106577
          ],
          [
            75.1208734,
            26.9107462
          ],
          [
            75.1207832,
            26.910883
          ],
          [
            75.12072,
            26.9110177
          ],
          [
            75.1206659,
            26.9111605
          ],
          [
            75.1206479,
            26.9112691
          ],
          [
            75.1206546,
            26.911426
          ],
          [
            75.1206839,
            26.9116573
          ],
          [
            75.120896,
            26.9126086
          ]
        ]
      },
      "id": "way/684806450"
    },
    {
      "type": "Feature",
      "properties": {
        "@id": "way/684806451",
        "railway": "rail",
        "service": "crossover"
      },
      "geometry": {
        "type": "LineString",
        "coordinates": [
          [
            75.1238771,
            26.951427
          ],
          [
            75.1242633,
            26.9512632
          ],
          [
            75.124676,
            26.9511029
          ]
        ]
      },
      "id": "way/684806451"
    },
    {
      "type": "Feature",
      "properties": {
        "@id": "way/684806452",
        "railway": "rail",
        "service": "siding"
      },
      "geometry": {
        "type": "LineString",
        "coordinates": [
          [
            75.1235058,
            26.9515323
          ],
          [
            75.1239856,
            26.9513345
          ],
          [
            75.1242739,
            26.9512314
          ],
          [
            75.124676,
            26.9511029
          ],
          [
            75.12497,
            26.9510251
          ],
          [
            75.1257039,
            26.9508222
          ],
          [
            75.1261667,
            26.9507123
          ],
          [
            75.1267604,
            26.9505822
          ],
          [
            75.1274147,
            26.950479
          ],
          [
            75.1295029,
            26.9501324
          ],
          [
            75.1334718,
            26.9494701
          ],
          [
            75.1334744,
            26.9494697
          ],
          [
            75.1336142,
            26.9494468
          ],
          [
            75.1337323,
            26.9494274
          ],
          [
            75.1349442,
            26.949233
          ]
        ]
      },
      "id": "way/684806452"
    },
    {
      "type": "Feature",
      "properties": {
        "@id": "way/684806453",
        "railway": "rail",
        "service": "crossover"
      },
      "geometry": {
        "type": "LineString",
        "coordinates": [
          [
            75.1256578,
            26.9508896
          ],
          [
            75.1265081,
            26.9507309
          ]
        ]
      },
      "id": "way/684806453"
    },
    {
      "type": "Feature",
      "properties": {
        "@id": "way/684806454",
        "railway": "rail",
        "service": "siding"
      },
      "geometry": {
        "type": "LineString",
        "coordinates": [
          [
            75.1337323,
            26.9494274
          ],
          [
            75.1346057,
            26.9493281
          ]
        ]
      },
      "id": "way/684806454"
    },
    {
      "type": "Feature",
      "properties": {
        "@id": "way/684806455",
        "railway": "rail",
        "service": "crossover"
      },
      "geometry": {
        "type": "LineString",
        "coordinates": [
          [
            75.1342823,
            26.9494274
          ],
          [
            75.1351394,
            26.9492427
          ]
        ]
      },
      "id": "way/684806455"
    },
    {
      "type": "Feature",
      "properties": {
        "@id": "way/684806456",
        "railway": "rail",
        "service": "siding"
      },
      "geometry": {
        "type": "LineString",
        "coordinates": [
          [
            75.1354885,
            26.9492449
          ],
          [
            75.1342823,
            26.9494274
          ],
          [
            75.1335294,
            26.9495475
          ],
          [
            75.1316688,
            26.9498569
          ],
          [
            75.1302918,
            26.9500868
          ],
          [
            75.1280804,
            26.9504621
          ],
          [
            75.1267907,
            26.9506718
          ],
          [
            75.1265081,
            26.9507309
          ],
          [
            75.1259334,
            26.9508577
          ],
          [
            75.1255503,
            26.9509541
          ],
          [
            75.1253265,
            26.951015
          ]
        ]
      },
      "id": "way/684806456"
    },
    {
      "type": "Feature",
      "properties": {
        "@id": "way/684806457",
        "railway": "rail",
        "service": "siding"
      },
      "geometry": {
        "type": "LineString",
        "coordinates": [
          [
            75.1334718,
            26.9494701
          ],
          [
            75.1330855,
            26.9495052
          ],
          [
            75.13293,
            26.9495171
          ],
          [
            75.1325886,
            26.9495728
          ],
          [
            75.1308684,
            26.9498636
          ],
          [
            75.1286096,
            26.9502406
          ],
          [
            75.1271131,
            26.9504875
          ],
          [
            75.1264721,
            26.9506024
          ],
          [
            75.1259259,
            26.9507343
          ],
          [
            75.1257722,
            26.9507698
          ],
          [
            75.125427,
            26.9508645
          ],
          [
            75.1252658,
            26.9509169
          ],
          [
            75.12497,
            26.9510251
          ]
        ]
      },
      "id": "way/684806457"
    },
    {
      "type": "Feature",
      "properties": {
        "@id": "way/684806458",
        "electrified": "no",
        "gauge": "1676",
        "railway": "rail",
        "service": "crossover"
      },
      "geometry": {
        "type": "LineString",
        "coordinates": [
          [
            74.6812024,
            26.4588207
          ],
          [
            74.6818141,
            26.4594976
          ]
        ]
      },
      "id": "way/684806458"
    },
    {
      "type": "Feature",
      "properties": {
        "@id": "way/684806459",
        "electrified": "no",
        "gauge": "1676",
        "railway": "rail",
        "service": "crossover"
      },
      "geometry": {
        "type": "LineString",
        "coordinates": [
          [
            74.6947197,
            26.4723629
          ],
          [
            74.6941544,
            26.4717215
          ]
        ]
      },
      "id": "way/684806459"
    },
    {
      "type": "Feature",
      "properties": {
        "@id": "way/684806460",
        "railway": "rail",
        "service": "crossover"
      },
      "geometry": {
        "type": "LineString",
        "coordinates": [
          [
            74.6788485,
            26.4563666
          ],
          [
            74.6783755,
            26.4557564
          ]
        ]
      },
      "id": "way/684806460"
    },
    {
      "type": "Feature",
      "properties": {
        "@id": "way/684806461",
        "electrified": "no",
        "gauge": "1676",
        "railway": "rail",
        "service": "crossover"
      },
      "geometry": {
        "type": "LineString",
        "coordinates": [
          [
            74.6896976,
            26.4671418
          ],
          [
            74.689227,
            26.4665996
          ],
          [
            74.68867,
            26.4659375
          ]
        ]
      },
      "id": "way/684806461"
    },
    {
      "type": "Feature",
      "properties": {
        "@id": "way/685764208",
        "electrified": "contact_line",
        "frequency": "50",
        "gauge": "1676",
        "passenger_lines": "1",
        "railway": "rail",
        "usage": "branch",
        "voltage": "25000"
      },
      "geometry": {
        "type": "LineString",
        "coordinates": [
          [
            74.7428948,
            27.0153527
          ],
          [
            74.7417592,
            27.0145067
          ],
          [
            74.7366839,
            27.0106947
          ],
          [
            74.7353866,
            27.0097181
          ],
          [
            74.7333876,
            27.0081973
          ],
          [
            74.727804,
            27.00401
          ],
          [
            74.7253156,
            27.0021342
          ],
          [
            74.7233925,
            27.0007046
          ],
          [
            74.7205438,
            26.9985415
          ],
          [
            74.7180213,
            26.9966319
          ],
          [
            74.7163712,
            26.995405
          ],
          [
            74.7133139,
            26.9930999
          ],
          [
            74.7112731,
            26.9915552
          ],
          [
            74.7102414,
            26.990788
          ],
          [
            74.7084662,
            26.9894765
          ],
          [
            74.7063002,
            26.9878168
          ],
          [
            74.7048816,
            26.9867284
          ],
          [
            74.7043012,
            26.9862518
          ],
          [
            74.7038802,
            26.9858259
          ],
          [
            74.703664,
            26.985569
          ],
          [
            74.7034098,
            26.9851228
          ],
          [
            74.7032277,
            26.9847476
          ],
          [
            74.7031101,
            26.9843386
          ],
          [
            74.7030191,
            26.9839026
          ],
          [
            74.7030229,
            26.9832705
          ],
          [
            74.7030267,
            26.9828412
          ],
          [
            74.7031315,
            26.9824888
          ],
          [
            74.7032645,
            26.9821602
          ],
          [
            74.7034051,
            26.9818316
          ],
          [
            74.704033,
            26.9807325
          ],
          [
            74.7088902,
            26.9714499
          ],
          [
            74.7097413,
            26.9698361
          ],
          [
            74.7102657,
            26.9688699
          ],
          [
            74.7109148,
            26.9681908
          ],
          [
            74.7116701,
            26.967586
          ],
          [
            74.7123404,
            26.9671806
          ],
          [
            74.7130396,
            26.9668968
          ],
          [
            74.7136327,
            26.9667076
          ],
          [
            74.7203093,
            26.9648907
          ],
          [
            74.7248061,
            26.963667
          ],
          [
            74.7255605,
            26.9635225
          ],
          [
            74.7265434,
            26.9634075
          ],
          [
            74.7286216,
            26.9631625
          ],
          [
            74.7308373,
            26.9628841
          ],
          [
            74.7318827,
            26.9627393
          ],
          [
            74.732741,
            26.9624787
          ],
          [
            74.7336444,
            26.9620971
          ],
          [
            74.73419,
            26.9617444
          ],
          [
            74.7344857,
            26.9614883
          ],
          [
            74.7347831,
            26.9611071
          ],
          [
            74.7350938,
            26.9607199
          ],
          [
            74.7354728,
            26.9600257
          ],
          [
            74.735731,
            26.9591162
          ],
          [
            74.7358938,
            26.9582745
          ],
          [
            74.7363432,
            26.9558642
          ],
          [
            74.7366364,
            26.954021
          ],
          [
            74.7366681,
            26.9533546
          ],
          [
            74.7365515,
            26.9524414
          ],
          [
            74.7362435,
            26.9507035
          ],
          [
            74.7346628,
            26.9439861
          ],
          [
            74.7345607,
            26.9431747
          ],
          [
            74.7345732,
            26.942317
          ],
          [
            74.7346888,
            26.9415477
          ],
          [
            74.7348564,
            26.9409321
          ],
          [
            74.7350813,
            26.9402304
          ],
          [
            74.7356364,
            26.9386425
          ],
          [
            74.7394455,
            26.9268628
          ],
          [
            74.7434411,
            26.9149767
          ],
          [
            74.7457956,
            26.9077292
          ],
          [
            74.7463549,
            26.9060321
          ],
          [
            74.7481778,
            26.9005007
          ],
          [
            74.7483966,
            26.9000641
          ],
          [
            74.7486035,
            26.8997519
          ],
          [
            74.7491597,
            26.8990334
          ],
          [
            74.749585,
            26.8986039
          ],
          [
            74.7503272,
            26.8980308
          ],
          [
            74.7521028,
            26.896701
          ],
          [
            74.7573082,
            26.8927938
          ],
          [
            74.7606381,
            26.8902685
          ],
          [
            74.7625178,
            26.8888907
          ],
          [
            74.7646856,
            26.8872486
          ]
        ]
      },
      "id": "way/685764208"
    },
    {
      "type": "Feature",
      "properties": {
        "@id": "way/685764209",
        "railway": "rail",
        "service": "spur"
      },
      "geometry": {
        "type": "LineString",
        "coordinates": [
          [
            74.7463549,
            26.9060321
          ],
          [
            74.7464316,
            26.9056459
          ],
          [
            74.7465738,
            26.9052129
          ],
          [
            74.7468071,
            26.9044958
          ],
          [
            74.7469342,
            26.9040966
          ],
          [
            74.7469854,
            26.903914
          ],
          [
            74.7470157,
            26.9037719
          ],
          [
            74.7470309,
            26.9035943
          ],
          [
            74.7470366,
            26.9034725
          ],
          [
            74.7470309,
            26.9033339
          ],
          [
            74.746993,
            26.9031309
          ],
          [
            74.7469342,
            26.9029009
          ],
          [
            74.7468848,
            26.9027165
          ],
          [
            74.7467862,
            26.9025237
          ],
          [
            74.7463329,
            26.9018607
          ],
          [
            74.7444681,
            26.8992631
          ],
          [
            74.7442675,
            26.8989836
          ]
        ]
      },
      "id": "way/685764209"
    },
    {
      "type": "Feature",
      "properties": {
        "@id": "way/685764210",
        "railway": "rail",
        "service": "spur"
      },
      "geometry": {
        "type": "LineString",
        "coordinates": [
          [
            74.7444681,
            26.8992631
          ],
          [
            74.7446753,
            26.8996027
          ],
          [
            74.7450888,
            26.9002099
          ],
          [
            74.7462893,
            26.9018979
          ],
          [
            74.7466857,
            26.9024662
          ],
          [
            74.7467862,
            26.9026387
          ],
          [
            74.7468659,
            26.9027926
          ],
          [
            74.7469133,
            26.9029668
          ],
          [
            74.7469626,
            26.9032205
          ],
          [
            74.7469948,
            26.9034489
          ],
          [
            74.7469854,
            26.9036146
          ],
          [
            74.7469626,
            26.9037888
          ],
          [
            74.7469228,
            26.9039901
          ],
          [
            74.7467369,
            26.9045601
          ],
          [
            74.7464979,
            26.9052924
          ],
          [
            74.7464316,
            26.9056459
          ]
        ]
      },
      "id": "way/685764210"
    },
    {
      "type": "Feature",
      "properties": {
        "@id": "way/712663513",
        "electrified": "contact_line",
        "frequency": "50",
        "gauge": "1676",
        "historic:gauge": "1000",
        "historic:railway": "narrow_gauge",
        "passenger_lines": "1",
        "railway": "rail",
        "usage": "branch",
        "voltage": "25000"
      },
      "geometry": {
        "type": "LineString",
        "coordinates": [
          [
            75.7751264,
            26.9291369
          ],
          [
            75.7755049,
            26.9289081
          ],
          [
            75.7759105,
            26.9286629
          ],
          [
            75.7765213,
            26.9282934
          ],
          [
            75.7779094,
            26.9274451
          ],
          [
            75.7783186,
            26.9271908
          ],
          [
            75.77872,
            26.9269244
          ],
          [
            75.7790039,
            26.9267135
          ],
          [
            75.7792583,
            26.9265189
          ],
          [
            75.7797072,
            26.9261555
          ],
          [
            75.7801804,
            26.9257754
          ]
        ]
      },
      "id": "way/712663513"
    },
    {
      "type": "Feature",
      "properties": {
        "@id": "way/714670315",
        "railway": "rail",
        "service": "spur"
      },
      "geometry": {
        "type": "LineString",
        "coordinates": [
          [
            75.7059335,
            26.929622
          ],
          [
            75.7076613,
            26.9298023
          ],
          [
            75.7077968,
            26.9298166
          ],
          [
            75.7087969,
            26.9299217
          ],
          [
            75.7105161,
            26.9301436
          ]
        ]
      },
      "id": "way/714670315"
    },
    {
      "type": "Feature",
      "properties": {
        "@id": "way/714670316",
        "railway": "rail",
        "service": "yard"
      },
      "geometry": {
        "type": "LineString",
        "coordinates": [
          [
            75.7087969,
            26.9299217
          ],
          [
            75.7093391,
            26.9299445
          ],
          [
            75.7100887,
            26.9300184
          ],
          [
            75.7128446,
            26.9303199
          ],
          [
            75.7166786,
            26.9307692
          ],
          [
            75.7178321,
            26.9309066
          ],
          [
            75.7181108,
            26.9309398
          ]
        ]
      },
      "id": "way/714670316"
    },
    {
      "type": "Feature",
      "properties": {
        "@id": "way/714670317",
        "railway": "rail",
        "service": "yard"
      },
      "geometry": {
        "type": "LineString",
        "coordinates": [
          [
            75.7178321,
            26.9309066
          ],
          [
            75.717545,
            26.930842
          ],
          [
            75.7172719,
            26.9307806
          ],
          [
            75.7163309,
            26.9304706
          ],
          [
            75.7156898,
            26.9302658
          ],
          [
            75.7153071,
            26.9301578
          ],
          [
            75.7143119,
            26.9300383
          ],
          [
            75.7114635,
            26.9297198
          ],
          [
            75.7102163,
            26.9295833
          ],
          [
            75.7099069,
            26.929572
          ],
          [
            75.7095114,
            26.9296061
          ],
          [
            75.7085672,
            26.9297682
          ],
          [
            75.7082482,
            26.9298222
          ],
          [
            75.708076,
            26.9298279
          ],
          [
            75.7077968,
            26.9298166
          ]
        ]
      },
      "id": "way/714670317"
    },
    {
      "type": "Feature",
      "properties": {
        "@id": "way/714670318",
        "railway": "rail",
        "service": "yard"
      },
      "geometry": {
        "type": "LineString",
        "coordinates": [
          [
            75.7085672,
            26.9297682
          ],
          [
            75.70895,
            26.9297284
          ],
          [
            75.7092594,
            26.9297113
          ],
          [
            75.7095975,
            26.9297113
          ],
          [
            75.7123949,
            26.9300412
          ],
          [
            75.7151284,
            26.9303597
          ],
          [
            75.715744,
            26.9304478
          ],
          [
            75.7169689,
            26.9307408
          ],
          [
            75.717545,
            26.930842
          ]
        ]
      },
      "id": "way/714670318"
    },
    {
      "type": "Feature",
      "properties": {
        "@id": "way/714670319",
        "railway": "rail"
      },
      "geometry": {
        "type": "LineString",
        "coordinates": [
          [
            75.7069815,
            26.9297825
          ],
          [
            75.7076613,
            26.9298023
          ]
        ]
      },
      "id": "way/714670319"
    },
    {
      "type": "Feature",
      "properties": {
        "@id": "way/714670320",
        "railway": "rail"
      },
      "geometry": {
        "type": "LineString",
        "coordinates": [
          [
            75.7067219,
            26.9297531
          ],
          [
            75.7073047,
            26.9298635
          ]
        ]
      },
      "id": "way/714670320"
    },
    {
      "type": "Feature",
      "properties": {
        "@id": "way/714670321",
        "railway": "rail"
      },
      "geometry": {
        "type": "LineString",
        "coordinates": [
          [
            75.7074711,
            26.9298822
          ],
          [
            75.7080313,
            26.9300127
          ],
          [
            75.7084173,
            26.930044
          ]
        ]
      },
      "id": "way/714670321"
    },
    {
      "type": "Feature",
      "properties": {
        "@id": "way/714670322",
        "railway": "rail",
        "service": "spur"
      },
      "geometry": {
        "type": "LineString",
        "coordinates": [
          [
            75.7059779,
            26.9297293
          ],
          [
            75.7070074,
            26.9298819
          ],
          [
            75.7075975,
            26.9300014
          ],
          [
            75.7081844,
            26.9301492
          ],
          [
            75.7083064,
            26.9301862
          ],
          [
            75.7084938,
            26.9302431
          ],
          [
            75.7128287,
            26.9307436
          ],
          [
            75.7138813,
            26.9308574
          ],
          [
            75.7142991,
            26.9308886
          ],
          [
            75.7145128,
            26.9308829
          ],
          [
            75.714621,
            26.9308674
          ],
          [
            75.7148095,
            26.9308403
          ],
          [
            75.7149753,
            26.9308261
          ],
          [
            75.7154665,
            26.9308659
          ],
          [
            75.7158206,
            26.9308915
          ]
        ]
      },
      "id": "way/714670322"
    },
    {
      "type": "Feature",
      "properties": {
        "@id": "way/714670323",
        "railway": "rail",
        "service": "spur"
      },
      "geometry": {
        "type": "LineString",
        "coordinates": [
          [
            75.7169147,
            26.931028
          ],
          [
            75.7158206,
            26.9308915
          ],
          [
            75.7146404,
            26.9307578
          ],
          [
            75.7100249,
            26.9302289
          ],
          [
            75.7089276,
            26.9300867
          ],
          [
            75.7085927,
            26.9300554
          ],
          [
            75.7084173,
            26.930044
          ],
          [
            75.7081366,
            26.9300526
          ],
          [
            75.707942,
            26.9300469
          ],
          [
            75.7075975,
            26.9300014
          ]
        ]
      },
      "id": "way/714670323"
    },
    {
      "type": "Feature",
      "properties": {
        "@id": "way/722997691",
        "electrified": "contact_line",
        "frequency": "50",
        "gauge": "1435",
        "name": "Pink Line (Jaipur Metro)",
        "name:hi": "पिंक लाइन (जयपुर मेट्रो)",
        "network": "Jaipur Metro",
        "note": "Contributors are requested to not edit the \"network\" and the \"operator\" tags. (2023/11/08)",
        "operator": "Jaipur Metro Rail Corporation Limited",
        "railway": "subway",
        "subway": "yes",
        "tracks": "2",
        "voltage": "25000"
      },
      "geometry": {
        "type": "LineString",
        "coordinates": [
          [
            75.8054953,
            26.9249037
          ],
          [
            75.804405,
            26.9242447
          ]
        ]
      },
      "id": "way/722997691"
    },
    {
      "type": "Feature",
      "properties": {
        "@id": "way/722997692",
        "bridge": "yes",
        "electrified": "contact_line",
        "frequency": "50",
        "gauge": "1435",
        "layer": "2",
        "name": "Pink Line (Jaipur Metro)",
        "name:hi": "पिंक लाइन (जयपुर मेट्रो)",
        "network": "Jaipur Metro",
        "note": "Contributors are requested to not edit the \"network\" and the \"operator\" tags. (2023/11/08)",
        "operator": "Jaipur Metro Rail Corporation Limited",
        "railway": "subway",
        "subway": "yes",
        "tracks": "2",
        "voltage": "25000"
      },
      "geometry": {
        "type": "LineString",
        "coordinates": [
          [
            75.804405,
            26.9242447
          ],
          [
            75.8041234,
            26.9240856
          ],
          [
            75.8039049,
            26.9239703
          ],
          [
            75.8036833,
            26.9238728
          ],
          [
            75.8033929,
            26.9237635
          ],
          [
            75.8029514,
            26.9236114
          ],
          [
            75.8021487,
            26.9233272
          ],
          [
            75.8012857,
            26.9230339
          ],
          [
            75.8004338,
            26.922731
          ],
          [
            75.7999247,
            26.9225493
          ],
          [
            75.7993783,
            26.9223608
          ],
          [
            75.7990642,
            26.922255
          ],
          [
            75.7979965,
            26.9219062
          ],
          [
            75.7975607,
            26.9217195
          ],
          [
            75.7973168,
            26.9216147
          ],
          [
            75.796864,
            26.9214019
          ],
          [
            75.7966178,
            26.9212998
          ],
          [
            75.7962488,
            26.9211751
          ],
          [
            75.7958275,
            26.92102
          ],
          [
            75.7954147,
            26.9208701
          ],
          [
            75.7946996,
            26.9206049
          ],
          [
            75.7940426,
            26.9203766
          ],
          [
            75.7937875,
            26.9203074
          ],
          [
            75.7934991,
            26.9202406
          ],
          [
            75.7932182,
            26.920204
          ],
          [
            75.7929283,
            26.9201821
          ],
          [
            75.7924062,
            26.9201915
          ],
          [
            75.7915785,
            26.9202195
          ],
          [
            75.7911434,
            26.9202384
          ],
          [
            75.7908201,
            26.9202275
          ],
          [
            75.7906623,
            26.9201986
          ],
          [
            75.7904522,
            26.9201324
          ],
          [
            75.7903041,
            26.9200675
          ],
          [
            75.7901877,
            26.919994
          ],
          [
            75.7900863,
            26.9199075
          ],
          [
            75.7899915,
            26.9198151
          ],
          [
            75.7898875,
            26.9196714
          ],
          [
            75.7898083,
            26.9195195
          ],
          [
            75.7897587,
            26.9193658
          ],
          [
            75.7897327,
            26.9191563
          ],
          [
            75.7897523,
            26.9189704
          ],
          [
            75.7898485,
            26.9186734
          ],
          [
            75.7901165,
            26.9180968
          ],
          [
            75.7906413,
            26.9171929
          ],
          [
            75.7907535,
            26.917002
          ],
          [
            75.7908615,
            26.9167978
          ],
          [
            75.7909131,
            26.9165912
          ],
          [
            75.7909473,
            26.9164005
          ],
          [
            75.7909548,
            26.9161031
          ],
          [
            75.7909291,
            26.9155682
          ],
          [
            75.7909018,
            26.9152238
          ],
          [
            75.7908796,
            26.915003
          ],
          [
            75.7908115,
            26.9147055
          ],
          [
            75.790688,
            26.914398
          ],
          [
            75.7905695,
            26.91417
          ],
          [
            75.7904208,
            26.9139235
          ],
          [
            75.7902817,
            26.913751
          ],
          [
            75.7901286,
            26.9135777
          ],
          [
            75.7900324,
            26.9134854
          ],
          [
            75.7898397,
            26.9133283
          ],
          [
            75.7896602,
            26.9131976
          ],
          [
            75.7896164,
            26.9131658
          ],
          [
            75.7893693,
            26.9130272
          ],
          [
            75.789102,
            26.9129005
          ],
          [
            75.7884599,
            26.9126835
          ],
          [
            75.7877821,
            26.9124395
          ],
          [
            75.7873149,
            26.9122693
          ],
          [
            75.7871376,
            26.9121823
          ],
          [
            75.7868658,
            26.9120458
          ],
          [
            75.7865866,
            26.9119018
          ],
          [
            75.7858896,
            26.91151
          ],
          [
            75.7854478,
            26.9113029
          ],
          [
            75.7853141,
            26.9112467
          ],
          [
            75.7847538,
            26.911043
          ],
          [
            75.7842396,
            26.9108757
          ],
          [
            75.783786,
            26.9107139
          ],
          [
            75.7835037,
            26.9106055
          ],
          [
            75.7830632,
            26.9103879
          ],
          [
            75.7820968,
            26.9098871
          ],
          [
            75.7815028,
            26.9095863
          ],
          [
            75.7811653,
            26.9094099
          ],
          [
            75.7807288,
            26.9091922
          ],
          [
            75.7802201,
            26.9089317
          ],
          [
            75.7798793,
            26.9087603
          ],
          [
            75.7796897,
            26.9086426
          ],
          [
            75.7793617,
            26.908437
          ],
          [
            75.7791079,
            26.908253
          ],
          [
            75.7789773,
            26.9081479
          ],
          [
            75.7788137,
            26.9080027
          ],
          [
            75.778628,
            26.9078298
          ],
          [
            75.7783842,
            26.9076159
          ],
          [
            75.7782208,
            26.9074611
          ],
          [
            75.7780902,
            26.9073356
          ],
          [
            75.7779123,
            26.907148
          ],
          [
            75.7775325,
            26.9067162
          ],
          [
            75.7773724,
            26.9065284
          ],
          [
            75.7769132,
            26.9059611
          ],
          [
            75.776612,
            26.9055779
          ],
          [
            75.7764288,
            26.9053563
          ],
          [
            75.7761318,
            26.9049599
          ],
          [
            75.775938,
            26.9047007
          ],
          [
            75.7756494,
            26.90428
          ],
          [
            75.7754725,
            26.9039944
          ],
          [
            75.7752176,
            26.9034967
          ],
          [
            75.7750322,
            26.903151
          ],
          [
            75.7749754,
            26.9029782
          ],
          [
            75.774948,
            26.9028824
          ],
          [
            75.7748553,
            26.9025518
          ],
          [
            75.7746732,
            26.9017572
          ],
          [
            75.7746028,
            26.9014253
          ],
          [
            75.774533,
            26.9011186
          ],
          [
            75.7744024,
            26.9006227
          ],
          [
            75.7742971,
            26.900371
          ],
          [
            75.774057,
            26.9000141
          ],
          [
            75.7739095,
            26.8998356
          ],
          [
            75.7736842,
            26.8996346
          ],
          [
            75.7729933,
            26.8991387
          ],
          [
            75.7723845,
            26.8987198
          ],
          [
            75.7721928,
            26.8985958
          ],
          [
            75.7715041,
            26.8981149
          ],
          [
            75.7713377,
            26.8979891
          ],
          [
            75.7711291,
            26.8977749
          ],
          [
            75.7710112,
            26.8975927
          ],
          [
            75.7709755,
            26.8975062
          ],
          [
            75.7708492,
            26.897093
          ],
          [
            75.7707781,
            26.8968685
          ],
          [
            75.7707055,
            26.8966444
          ],
          [
            75.7706558,
            26.8964694
          ],
          [
            75.7705352,
            26.8960885
          ],
          [
            75.7703731,
            26.8956145
          ],
          [
            75.7701723,
            26.894978
          ],
          [
            75.7700102,
            26.8945035
          ],
          [
            75.7697132,
            26.8935618
          ],
          [
            75.7693,
            26.892266
          ],
          [
            75.7691983,
            26.8919155
          ],
          [
            75.7689921,
            26.8910472
          ],
          [
            75.7688085,
            26.8901849
          ],
          [
            75.7686221,
            26.8892985
          ],
          [
            75.7685749,
            26.889086
          ],
          [
            75.768469,
            26.8885958
          ],
          [
            75.7684353,
            26.8884508
          ],
          [
            75.7682359,
            26.887545
          ],
          [
            75.7679793,
            26.8863117
          ],
          [
            75.7677417,
            26.8850929
          ],
          [
            75.7676094,
            26.884351
          ],
          [
            75.7674392,
            26.8835296
          ],
          [
            75.7672178,
            26.8825347
          ],
          [
            75.7670416,
            26.8817339
          ],
          [
            75.7669749,
            26.881525
          ],
          [
            75.7668936,
            26.8813518
          ],
          [
            75.7666344,
            26.8810268
          ],
          [
            75.7664778,
            26.8808847
          ],
          [
            75.7663832,
            26.880798
          ],
          [
            75.7662266,
            26.8806992
          ],
          [
            75.7661132,
            26.8806342
          ],
          [
            75.7659777,
            26.8805574
          ],
          [
            75.7657325,
            26.8804551
          ],
          [
            75.7652683,
            26.8803296
          ],
          [
            75.764963,
            26.880251
          ],
          [
            75.7644774,
            26.880132
          ],
          [
            75.7641408,
            26.8800468
          ],
          [
            75.7635255,
            26.8799019
          ],
          [
            75.7631047,
            26.8798113
          ],
          [
            75.7625432,
            26.8796793
          ],
          [
            75.7621704,
            26.8795939
          ],
          [
            75.7617873,
            26.8795098
          ],
          [
            75.7615508,
            26.8794619
          ],
          [
            75.7612969,
            26.8794244
          ],
          [
            75.761001,
            26.8794257
          ],
          [
            75.7607485,
            26.8794619
          ],
          [
            75.7605773,
            26.8795046
          ],
          [
            75.7603756,
            26.8795797
          ],
          [
            75.7599621,
            26.8797854
          ],
          [
            75.7596894,
            26.8799394
          ],
          [
            75.7595011,
            26.8800293
          ],
          [
            75.7593484,
            26.8800868
          ],
          [
            75.7591314,
            26.8801527
          ],
          [
            75.7589668,
            26.880191
          ],
          [
            75.7587951,
            26.880225
          ],
          [
            75.7585995,
            26.8802463
          ],
          [
            75.7583085,
            26.8802378
          ],
          [
            75.7581273,
            26.8802123
          ],
          [
            75.7578554,
            26.8801527
          ],
          [
            75.7576956,
            26.8801144
          ],
          [
            75.7572281,
            26.879991
          ],
          [
            75.7569133,
            26.8799059
          ],
          [
            75.756596,
            26.8798166
          ],
          [
            75.7557112,
            26.8795719
          ],
          [
            75.7549646,
            26.8793486
          ],
          [
            75.7546904,
            26.8792805
          ],
          [
            75.7543731,
            26.8792337
          ],
          [
            75.7542801,
            26.8792294
          ],
          [
            75.7539009,
            26.8792401
          ],
          [
            75.7532689,
            26.8792996
          ],
          [
            75.7524365,
            26.8793613
          ],
          [
            75.7514126,
            26.8794372
          ],
          [
            75.7511751,
            26.8794364
          ],
          [
            75.7502156,
            26.8794171
          ]
        ]
      },
      "id": "way/722997692"
    },
    {
      "type": "Feature",
      "properties": {
        "@id": "way/722997693",
        "electrified": "contact_line",
        "frequency": "50",
        "gauge": "1435",
        "name": "Pink Line (Jaipur Metro)",
        "name:hi": "पिंक लाइन (जयपुर मेट्रो)",
        "network": "Jaipur Metro",
        "note": "Contributors are requested to not edit the \"network\" and the \"operator\" tags. (2023/11/08)",
        "operator": "Jaipur Metro Rail Corporation Limited",
        "railway": "subway",
        "subway": "yes",
        "tracks": "2",
        "voltage": "25000"
      },
      "geometry": {
        "type": "LineString",
        "coordinates": [
          [
            75.8054953,
            26.9249037
          ],
          [
            75.8043877,
            26.9242938
          ]
        ]
      },
      "id": "way/722997693"
    },
    {
      "type": "Feature",
      "properties": {
        "@id": "way/736517656",
        "bridge": "yes",
        "electrified": "contact_line",
        "frequency": "50",
        "gauge": "1676",
        "historic:gauge": "1000",
        "historic:railway": "narrow_gauge",
        "layer": "1",
        "passenger_lines": "1",
        "railway": "rail",
        "usage": "branch",
        "voltage": "25000"
      },
      "geometry": {
        "type": "LineString",
        "coordinates": [
          [
            75.7745161,
            26.9295053
          ],
          [
            75.7751264,
            26.9291369
          ]
        ]
      },
      "id": "way/736517656"
    },
    {
      "type": "Feature",
      "properties": {
        "@id": "way/736517657",
        "electrified": "contact_line",
        "frequency": "50",
        "gauge": "1676",
        "historic:gauge": "1000",
        "historic:railway": "narrow_gauge",
        "passenger_lines": "1",
        "railway": "rail",
        "usage": "branch",
        "voltage": "25000"
      },
      "geometry": {
        "type": "LineString",
        "coordinates": [
          [
            75.6954136,
            27.1766876
          ],
          [
            75.6971246,
            27.1748348
          ],
          [
            75.6988054,
            27.1730109
          ],
          [
            75.6991157,
            27.1726179
          ],
          [
            75.6994498,
            27.1720791
          ],
          [
            75.699502,
            27.1719968
          ],
          [
            75.6997029,
            27.1716798
          ],
          [
            75.699939,
            27.1709872
          ],
          [
            75.7006415,
            27.1675963
          ],
          [
            75.7013123,
            27.1638321
          ],
          [
            75.7023075,
            27.1590261
          ],
          [
            75.7027199,
            27.1569133
          ],
          [
            75.7032547,
            27.1541163
          ],
          [
            75.7033375,
            27.1536832
          ],
          [
            75.7039301,
            27.1505516
          ],
          [
            75.7051318,
            27.1443041
          ],
          [
            75.7059259,
            27.1399966
          ],
          [
            75.7064364,
            27.1377584
          ],
          [
            75.7065136,
            27.1373633
          ],
          [
            75.7077582,
            27.1309984
          ],
          [
            75.7089598,
            27.1248567
          ],
          [
            75.7102387,
            27.1185906
          ],
          [
            75.711242,
            27.1133037
          ],
          [
            75.7119453,
            27.1098725
          ],
          [
            75.7125733,
            27.1066131
          ],
          [
            75.7128176,
            27.1052956
          ],
          [
            75.713089,
            27.1036463
          ],
          [
            75.7132608,
            27.1025233
          ],
          [
            75.7137063,
            27.1004243
          ],
          [
            75.7147482,
            27.0948943
          ],
          [
            75.7160923,
            27.0883361
          ],
          [
            75.7166084,
            27.0856368
          ],
          [
            75.7173283,
            27.0818712
          ],
          [
            75.7179377,
            27.0787991
          ],
          [
            75.718693,
            27.074848
          ],
          [
            75.7199376,
            27.0686116
          ],
          [
            75.7205532,
            27.0651852
          ],
          [
            75.7212851,
            27.0617633
          ],
          [
            75.7217033,
            27.0592308
          ],
          [
            75.7217917,
            27.0583469
          ],
          [
            75.7218292,
            27.0574182
          ],
          [
            75.7218284,
            27.0549216
          ],
          [
            75.7218678,
            27.0543453
          ],
          [
            75.7219482,
            27.0511615
          ],
          [
            75.7219881,
            27.0484373
          ],
          [
            75.7220833,
            27.0457646
          ],
          [
            75.7220504,
            27.0425834
          ],
          [
            75.7221284,
            27.0393928
          ],
          [
            75.7221589,
            27.0378565
          ],
          [
            75.7221718,
            27.0367468
          ],
          [
            75.7222181,
            27.0341551
          ],
          [
            75.722294,
            27.030452
          ],
          [
            75.7223279,
            27.0279176
          ],
          [
            75.7224975,
            27.0215214
          ],
          [
            75.7225768,
            27.0162262
          ],
          [
            75.7226563,
            27.015106
          ],
          [
            75.7227786,
            27.014349
          ],
          [
            75.7229846,
            27.0135786
          ],
          [
            75.7232764,
            27.0128273
          ],
          [
            75.72386,
            27.0118027
          ],
          [
            75.7281945,
            27.0055704
          ],
          [
            75.7293135,
            27.0039747
          ],
          [
            75.7313609,
            27.0010048
          ],
          [
            75.7323832,
            26.9995272
          ],
          [
            75.7412622,
            26.9866942
          ],
          [
            75.7450673,
            26.9811974
          ],
          [
            75.7482669,
            26.9766477
          ],
          [
            75.7487854,
            26.9759104
          ],
          [
            75.7524376,
            26.9706402
          ],
          [
            75.7547999,
            26.9671843
          ],
          [
            75.7560696,
            26.965049
          ],
          [
            75.7579972,
            26.9609752
          ],
          [
            75.7635058,
            26.9493155
          ],
          [
            75.7641538,
            26.9479617
          ],
          [
            75.7668882,
            26.9421832
          ],
          [
            75.7676929,
            26.9404865
          ],
          [
            75.7679311,
            26.9399724
          ],
          [
            75.7697625,
            26.9361575
          ]
        ]
      },
      "id": "way/736517657"
    },
    {
      "type": "Feature",
      "properties": {
        "@id": "way/736517658",
        "bridge": "yes",
        "electrified": "contact_line",
        "frequency": "50",
        "gauge": "1676",
        "layer": "1",
        "passenger_lines": "2",
        "railway": "rail",
        "usage": "main",
        "voltage": "25000"
      },
      "geometry": {
        "type": "LineString",
        "coordinates": [
          [
            75.7744901,
            26.9294683
          ],
          [
            75.7751021,
            26.9291036
          ]
        ]
      },
      "id": "way/736517658"
    },
    {
      "type": "Feature",
      "properties": {
        "@id": "way/758027843",
        "electrified": "contact_line",
        "frequency": "50",
        "gauge": "1676",
        "passenger_lines": "2",
        "railway": "rail",
        "usage": "main",
        "voltage": "25000"
      },
      "geometry": {
        "type": "LineString",
        "coordinates": [
          [
            75.7892089,
            26.9184288
          ],
          [
            75.7895025,
            26.9181914
          ],
          [
            75.7897761,
            26.9179798
          ],
          [
            75.789977,
            26.9177882
          ],
          [
            75.7901509,
            26.917599
          ],
          [
            75.7903742,
            26.9172858
          ],
          [
            75.7905121,
            26.9170499
          ],
          [
            75.7906479,
            26.9167456
          ],
          [
            75.7907199,
            26.9164815
          ],
          [
            75.7907627,
            26.916234
          ],
          [
            75.7907811,
            26.9159624
          ],
          [
            75.7907687,
            26.915682
          ]
        ]
      },
      "id": "way/758027843"
    },
    {
      "type": "Feature",
      "properties": {
        "@id": "way/778622645",
        "electrified": "no",
        "gauge": "1676",
        "railway": "rail",
        "service": "crossover"
      },
      "geometry": {
        "type": "LineString",
        "coordinates": [
          [
            75.7897469,
            26.917951
          ],
          [
            75.7895025,
            26.9181914
          ]
        ]
      },
      "id": "way/778622645"
    },
    {
      "type": "Feature",
      "properties": {
        "@id": "way/778622646",
        "electrified": "no",
        "gauge": "1676",
        "passenger_lines": "2",
        "railway": "rail",
        "usage": "main"
      },
      "geometry": {
        "type": "LineString",
        "coordinates": [
          [
            75.7892531,
            26.9183388
          ],
          [
            75.7888732,
            26.9186563
          ]
        ]
      },
      "id": "way/778622646"
    },
    {
      "type": "Feature",
      "properties": {
        "@id": "way/778622647",
        "electrified": "contact_line",
        "frequency": "50",
        "gauge": "1676",
        "passenger_lines": "1",
        "railway": "rail",
        "service": "crossover",
        "voltage": "25000"
      },
      "geometry": {
        "type": "LineString",
        "coordinates": [
          [
            75.7903363,
            26.9104205
          ],
          [
            75.7903342,
            26.9112831
          ]
        ]
      },
      "id": "way/778622647"
    },
    {
      "type": "Feature",
      "properties": {
        "@id": "way/778622648",
        "electrified": "no",
        "gauge": "1676",
        "railway": "rail",
        "service": "yard"
      },
      "geometry": {
        "type": "LineString",
        "coordinates": [
          [
            75.789186,
            26.9182044
          ],
          [
            75.7889151,
            26.9183702
          ],
          [
            75.7876424,
            26.919071
          ],
          [
            75.7873983,
            26.9192133
          ],
          [
            75.7871583,
            26.9193807
          ],
          [
            75.7869839,
            26.9195074
          ],
          [
            75.7867774,
            26.9196677
          ],
          [
            75.7856548,
            26.920672
          ],
          [
            75.7853048,
            26.9209781
          ],
          [
            75.7851559,
            26.9210965
          ],
          [
            75.784863,
            26.9213125
          ]
        ]
      },
      "id": "way/778622648"
    },
    {
      "type": "Feature",
      "properties": {
        "@id": "way/778634331",
        "gauge": "1676",
        "railway": "rail",
        "service": "yard"
      },
      "geometry": {
        "type": "LineString",
        "coordinates": [
          [
            75.7839332,
            26.922548
          ],
          [
            75.784298,
            26.9222574
          ]
        ]
      },
      "id": "way/778634331"
    },
    {
      "type": "Feature",
      "properties": {
        "@id": "way/778662438",
        "electrified": "contact_line",
        "frequency": "50",
        "gauge": "1676",
        "historic:gauge": "1000",
        "historic:railway": "narrow_gauge",
        "railway": "rail",
        "voltage": "25000"
      },
      "geometry": {
        "type": "LineString",
        "coordinates": [
          [
            75.7806793,
            26.9253666
          ],
          [
            75.7813529,
            26.9248
          ],
          [
            75.7828476,
            26.9235999
          ],
          [
            75.7830541,
            26.923451
          ],
          [
            75.7833033,
            26.9232784
          ],
          [
            75.7835076,
            26.9231307
          ],
          [
            75.783707,
            26.9229768
          ],
          [
            75.7859297,
            26.9212419
          ]
        ]
      },
      "id": "way/778662438"
    },
    {
      "type": "Feature",
      "properties": {
        "@id": "way/778662439",
        "electrified": "contact_line",
        "frequency": "50",
        "gauge": "1676",
        "railway": "rail",
        "voltage": "25000"
      },
      "geometry": {
        "type": "LineString",
        "coordinates": [
          [
            75.786465,
            26.9203278
          ],
          [
            75.7878987,
            26.9191724
          ],
          [
            75.7880711,
            26.9190365
          ],
          [
            75.788236,
            26.9189223
          ],
          [
            75.7887774,
            26.9185642
          ],
          [
            75.7889457,
            26.9184397
          ],
          [
            75.7896642,
            26.9178598
          ],
          [
            75.7898773,
            26.9176715
          ],
          [
            75.7900531,
            26.9174739
          ],
          [
            75.790236,
            26.9172294
          ],
          [
            75.7903701,
            26.9169807
          ],
          [
            75.7904854,
            26.9167152
          ],
          [
            75.7905659,
            26.9164545
          ],
          [
            75.7906061,
            26.9162177
          ],
          [
            75.7906249,
            26.9159666
          ],
          [
            75.7906195,
            26.9157609
          ],
          [
            75.7905542,
            26.914732
          ]
        ]
      },
      "id": "way/778662439"
    },
    {
      "type": "Feature",
      "properties": {
        "@id": "way/778662440",
        "gauge": "1676",
        "railway": "rail",
        "service": "siding"
      },
      "geometry": {
        "type": "LineString",
        "coordinates": [
          [
            75.7814617,
            26.9245342
          ],
          [
            75.7818229,
            26.9242977
          ]
        ]
      },
      "id": "way/778662440"
    },
    {
      "type": "Feature",
      "properties": {
        "@id": "way/778662441",
        "electrified": "no",
        "gauge": "1676",
        "railway": "rail",
        "service": "yard"
      },
      "geometry": {
        "type": "LineString",
        "coordinates": [
          [
            75.7808973,
            26.9247694
          ],
          [
            75.781556,
            26.9242169
          ]
        ]
      },
      "id": "way/778662441"
    },
    {
      "type": "Feature",
      "properties": {
        "@id": "way/778662442",
        "electrified": "no",
        "gauge": "1676",
        "railway": "rail",
        "service": "yard"
      },
      "geometry": {
        "type": "LineString",
        "coordinates": [
          [
            75.7831061,
            26.922635
          ],
          [
            75.7874794,
            26.9183098
          ]
        ]
      },
      "id": "way/778662442"
    },
    {
      "type": "Feature",
      "properties": {
        "@id": "way/778662443",
        "electrified": "no",
        "gauge": "1676",
        "railway": "rail",
        "service": "yard"
      },
      "geometry": {
        "type": "LineString",
        "coordinates": [
          [
            75.7804667,
            26.9252693
          ],
          [
            75.7812784,
            26.9245658
          ]
        ]
      },
      "id": "way/778662443"
    },
    {
      "type": "Feature",
      "properties": {
        "@id": "way/778662444",
        "electrified": "no",
        "gauge": "1676",
        "railway": "rail",
        "service": "crossover"
      },
      "geometry": {
        "type": "LineString",
        "coordinates": [
          [
            75.7822479,
            26.9239616
          ],
          [
            75.7826576,
            26.9236868
          ]
        ]
      },
      "id": "way/778662444"
    },
    {
      "type": "Feature",
      "properties": {
        "@id": "way/778662445",
        "gauge": "1676",
        "railway": "rail"
      },
      "geometry": {
        "type": "LineString",
        "coordinates": [
          [
            75.776489,
            26.9282618
          ],
          [
            75.7768744,
            26.927986
          ]
        ]
      },
      "id": "way/778662445"
    },
    {
      "type": "Feature",
      "properties": {
        "@id": "way/778662446",
        "electrified": "no",
        "gauge": "1676",
        "railway": "rail",
        "service": "yard"
      },
      "geometry": {
        "type": "LineString",
        "coordinates": [
          [
            75.7812294,
            26.924669
          ],
          [
            75.7804077,
            26.9253639
          ]
        ]
      },
      "id": "way/778662446"
    },
    {
      "type": "Feature",
      "properties": {
        "@id": "way/778662447",
        "electrified": "no",
        "gauge": "1676",
        "railway": "rail",
        "service": "crossover"
      },
      "geometry": {
        "type": "LineString",
        "coordinates": [
          [
            75.7792262,
            26.9265012
          ],
          [
            75.7795123,
            26.9262141
          ]
        ]
      },
      "id": "way/778662447"
    },
    {
      "type": "Feature",
      "properties": {
        "@id": "way/778662448",
        "electrified": "no",
        "gauge": "1676",
        "railway": "rail",
        "service": "yard"
      },
      "geometry": {
        "type": "LineString",
        "coordinates": [
          [
            75.7814244,
            26.9242516
          ],
          [
            75.7817489,
            26.9239897
          ],
          [
            75.7820895,
            26.9236932
          ]
        ]
      },
      "id": "way/778662448"
    },
    {
      "type": "Feature",
      "properties": {
        "@id": "way/778662449",
        "electrified": "contact_line",
        "frequency": "50",
        "gauge": "1676",
        "historic:gauge": "1000",
        "historic:railway": "narrow_gauge",
        "railway": "rail",
        "usage": "main",
        "voltage": "25000"
      },
      "geometry": {
        "type": "LineString",
        "coordinates": [
          [
            75.7810304,
            26.9250088
          ],
          [
            75.7813074,
            26.9247773
          ],
          [
            75.7826576,
            26.9236868
          ],
          [
            75.7829331,
            26.9234609
          ],
          [
            75.7866329,
            26.9204954
          ],
          [
            75.7887865,
            26.9187691
          ],
          [
            75.7892089,
            26.9184288
          ]
        ]
      },
      "id": "way/778662449"
    },
    {
      "type": "Feature",
      "properties": {
        "@id": "way/778662450",
        "electrified": "contact_line",
        "frequency": "50",
        "gauge": "1676",
        "railway": "rail",
        "service": "siding",
        "voltage": "25000"
      },
      "geometry": {
        "type": "LineString",
        "coordinates": [
          [
            75.7808668,
            26.9250262
          ],
          [
            75.7814617,
            26.9245342
          ],
          [
            75.7839332,
            26.922548
          ],
          [
            75.7843134,
            26.9223036
          ]
        ]
      },
      "id": "way/778662450"
    },
    {
      "type": "Feature",
      "properties": {
        "@id": "way/778662451",
        "electrified": "no",
        "gauge": "1676",
        "railway": "rail",
        "service": "yard"
      },
      "geometry": {
        "type": "LineString",
        "coordinates": [
          [
            75.7827547,
            26.9229698
          ],
          [
            75.7831061,
            26.922635
          ],
          [
            75.7834119,
            26.9223886
          ],
          [
            75.7835648,
            26.9222463
          ],
          [
            75.787513,
            26.9183457
          ]
        ]
      },
      "id": "way/778662451"
    },
    {
      "type": "Feature",
      "properties": {
        "@id": "way/778662452",
        "electrified": "no",
        "gauge": "1676",
        "railway": "rail",
        "service": "yard"
      },
      "geometry": {
        "type": "LineString",
        "coordinates": [
          [
            75.787816,
            26.9190285
          ],
          [
            75.7874338,
            26.9192509
          ],
          [
            75.7871723,
            26.9194267
          ],
          [
            75.7869274,
            26.919606
          ],
          [
            75.7866113,
            26.9198752
          ],
          [
            75.7861135,
            26.9203276
          ],
          [
            75.7859713,
            26.9204365
          ],
          [
            75.7856548,
            26.920672
          ]
        ]
      },
      "id": "way/778662452"
    },
    {
      "type": "Feature",
      "properties": {
        "@id": "way/778663333",
        "electrified": "no",
        "gauge": "1676",
        "railway": "rail",
        "service": "yard"
      },
      "geometry": {
        "type": "LineString",
        "coordinates": [
          [
            75.7876229,
            26.9185345
          ],
          [
            75.7845451,
            26.9215695
          ],
          [
            75.7841857,
            26.9218589
          ]
        ]
      },
      "id": "way/778663333"
    },
    {
      "type": "Feature",
      "properties": {
        "@id": "way/778663334",
        "electrified": "no",
        "gauge": "1676",
        "railway": "rail",
        "service": "yard"
      },
      "geometry": {
        "type": "LineString",
        "coordinates": [
          [
            75.7875968,
            26.9185073
          ],
          [
            75.7841857,
            26.9218589
          ],
          [
            75.7837874,
            26.9221806
          ]
        ]
      },
      "id": "way/778663334"
    },
    {
      "type": "Feature",
      "properties": {
        "@id": "way/778663335",
        "electrified": "no",
        "gauge": "1676",
        "railway": "rail",
        "service": "yard"
      },
      "geometry": {
        "type": "LineString",
        "coordinates": [
          [
            75.7874184,
            26.9187947
          ],
          [
            75.7852807,
            26.92091
          ],
          [
            75.7852748,
            26.9209157
          ],
          [
            75.784863,
            26.9213125
          ],
          [
            75.7845451,
            26.9215695
          ]
        ]
      },
      "id": "way/778663335"
    },
    {
      "type": "Feature",
      "properties": {
        "@id": "way/778663336",
        "electrified": "no",
        "gauge": "1676",
        "railway": "rail",
        "service": "yard"
      },
      "geometry": {
        "type": "LineString",
        "coordinates": [
          [
            75.7875874,
            26.9184288
          ],
          [
            75.7837874,
            26.9221806
          ],
          [
            75.7836479,
            26.9223073
          ],
          [
            75.7834146,
            26.9224963
          ],
          [
            75.782437,
            26.9232692
          ]
        ]
      },
      "id": "way/778663336"
    },
    {
      "type": "Feature",
      "properties": {
        "@id": "way/799314197",
        "gauge": "1676",
        "passenger_lines": "2",
        "railway": "rail"
      },
      "geometry": {
        "type": "LineString",
        "coordinates": [
          [
            75.7904148,
            26.9117514
          ],
          [
            75.7904693,
            26.9125345
          ],
          [
            75.7905391,
            26.9131133
          ],
          [
            75.7905847,
            26.9136706
          ],
          [
            75.7907134,
            26.9156629
          ]
        ]
      },
      "id": "way/799314197"
    },
    {
      "type": "Feature",
      "properties": {
        "@id": "way/799314198",
        "electrified": "no",
        "gauge": "1676",
        "railway": "rail",
        "service": "yard"
      },
      "geometry": {
        "type": "LineString",
        "coordinates": [
          [
            75.7896875,
            26.902404
          ],
          [
            75.7892382,
            26.8956501
          ],
          [
            75.7892697,
            26.8951045
          ]
        ]
      },
      "id": "way/799314198"
    },
    {
      "type": "Feature",
      "properties": {
        "@id": "way/799314200",
        "electrified": "no",
        "gauge": "1676",
        "railway": "rail",
        "service": "siding"
      },
      "geometry": {
        "type": "LineString",
        "coordinates": [
          [
            75.7896875,
            26.902404
          ],
          [
            75.7896553,
            26.902801
          ]
        ]
      },
      "id": "way/799314200"
    },
    {
      "type": "Feature",
      "properties": {
        "@id": "way/799314202",
        "gauge": "1676",
        "railway": "rail",
        "service": "yard"
      },
      "geometry": {
        "type": "LineString",
        "coordinates": [
          [
            75.7892906,
            26.8945868
          ],
          [
            75.7897317,
            26.9010944
          ],
          [
            75.7897505,
            26.9014173
          ],
          [
            75.7897478,
            26.90159
          ],
          [
            75.7897157,
            26.9019279
          ]
        ]
      },
      "id": "way/799314202"
    },
    {
      "type": "Feature",
      "properties": {
        "@id": "way/799314204",
        "gauge": "1676",
        "railway": "rail",
        "service": "yard"
      },
      "geometry": {
        "type": "LineString",
        "coordinates": [
          [
            75.7890666,
            26.893203
          ],
          [
            75.789143,
            26.8936527
          ],
          [
            75.7891765,
            26.8938668
          ],
          [
            75.789202,
            26.8940689
          ],
          [
            75.7892697,
            26.8951045
          ],
          [
            75.7897157,
            26.9019279
          ],
          [
            75.7896875,
            26.902404
          ]
        ]
      },
      "id": "way/799314204"
    },
    {
      "type": "Feature",
      "properties": {
        "@id": "way/799314205",
        "gauge": "1676",
        "railway": "rail",
        "service": "yard"
      },
      "geometry": {
        "type": "LineString",
        "coordinates": [
          [
            75.7892382,
            26.8956501
          ],
          [
            75.7892248,
            26.8959957
          ],
          [
            75.7892234,
            26.8963402
          ],
          [
            75.7896553,
            26.902801
          ],
          [
            75.7897169,
            26.9038701
          ],
          [
            75.7897492,
            26.9043055
          ],
          [
            75.7897873,
            26.90468
          ],
          [
            75.789897,
            26.9056403
          ],
          [
            75.7899329,
            26.906036
          ],
          [
            75.7901175,
            26.9088243
          ],
          [
            75.7901194,
            26.9088852
          ],
          [
            75.7901852,
            26.9096024
          ],
          [
            75.7903412,
            26.9122252
          ]
        ]
      },
      "id": "way/799314205"
    },
    {
      "type": "Feature",
      "properties": {
        "@id": "way/799314206",
        "gauge": "1676",
        "railway": "rail",
        "service": "yard"
      },
      "geometry": {
        "type": "LineString",
        "coordinates": [
          [
            75.789202,
            26.8940689
          ],
          [
            75.7892906,
            26.8945868
          ],
          [
            75.7893602,
            26.8949779
          ],
          [
            75.7893911,
            26.8952052
          ],
          [
            75.7897492,
            26.900519
          ],
          [
            75.7897545,
            26.9007056
          ],
          [
            75.7897317,
            26.9010944
          ]
        ]
      },
      "id": "way/799314206"
    },
    {
      "type": "Feature",
      "properties": {
        "@id": "way/802737900",
        "electrified": "no",
        "gauge": "1676",
        "railway": "rail",
        "service": "yard"
      },
      "geometry": {
        "type": "LineString",
        "coordinates": [
          [
            75.8860605,
            26.706157
          ],
          [
            75.8867311,
            26.7045508
          ]
        ]
      },
      "id": "way/802737900"
    },
    {
      "type": "Feature",
      "properties": {
        "@id": "way/802737901",
        "electrified": "no",
        "gauge": "1676",
        "railway": "rail",
        "service": "yard"
      },
      "geometry": {
        "type": "LineString",
        "coordinates": [
          [
            75.8861813,
            26.7056147
          ],
          [
            75.8857834,
            26.7065704
          ]
        ]
      },
      "id": "way/802737901"
    },
    {
      "type": "Feature",
      "properties": {
        "@id": "way/802737902",
        "electrified": "no",
        "gauge": "1676",
        "railway": "rail",
        "service": "yard"
      },
      "geometry": {
        "type": "LineString",
        "coordinates": [
          [
            75.8826971,
            26.7142115
          ],
          [
            75.8833621,
            26.7126191
          ]
        ]
      },
      "id": "way/802737902"
    },
    {
      "type": "Feature",
      "properties": {
        "@id": "way/802737903",
        "electrified": "no",
        "gauge": "1676",
        "railway": "rail",
        "service": "yard"
      },
      "geometry": {
        "type": "LineString",
        "coordinates": [
          [
            75.8834262,
            26.7122314
          ],
          [
            75.882901,
            26.7134928
          ],
          [
            75.8826542,
            26.7140151
          ]
        ]
      },
      "id": "way/802737903"
    },
    {
      "type": "Feature",
      "properties": {
        "@id": "way/802737904",
        "electrified": "no",
        "gauge": "1676",
        "railway": "rail",
        "service": "siding"
      },
      "geometry": {
        "type": "LineString",
        "coordinates": [
          [
            75.883102,
            26.7131399
          ],
          [
            75.8833621,
            26.7126191
          ],
          [
            75.8860605,
            26.706157
          ],
          [
            75.8862348,
            26.7056114
          ]
        ]
      },
      "id": "way/802737904"
    },
    {
      "type": "Feature",
      "properties": {
        "@id": "way/802737905",
        "electrified": "no",
        "gauge": "1676",
        "railway": "rail",
        "service": "siding"
      },
      "geometry": {
        "type": "LineString",
        "coordinates": [
          [
            75.8860663,
            26.7060197
          ],
          [
            75.8857834,
            26.7065704
          ],
          [
            75.8834262,
            26.7122314
          ],
          [
            75.883264,
            26.7127572
          ]
        ]
      },
      "id": "way/802737905"
    },
    {
      "type": "Feature",
      "properties": {
        "@id": "way/804167522",
        "bridge": "yes",
        "electrified": "contact_line",
        "frequency": "50",
        "gauge": "1676",
        "layer": "1",
        "passenger_lines": "1",
        "railway": "rail",
        "usage": "main",
        "voltage": "25000"
      },
      "geometry": {
        "type": "LineString",
        "coordinates": [
          [
            74.6506761,
            26.4209596
          ],
          [
            74.6507451,
            26.4207472
          ]
        ]
      },
      "id": "way/804167522"
    },
    {
      "type": "Feature",
      "properties": {
        "@id": "way/804167524",
        "bridge": "yes",
        "electrified": "contact_line",
        "frequency": "50",
        "gauge": "1676",
        "layer": "1",
        "railway": "rail",
        "usage": "main",
        "voltage": "25000"
      },
      "geometry": {
        "type": "LineString",
        "coordinates": [
          [
            74.6500647,
            26.4203903
          ],
          [
            74.6502963,
            26.4202335
          ]
        ]
      },
      "id": "way/804167524"
    },
    {
      "type": "Feature",
      "properties": {
        "@id": "way/804167525",
        "electrified": "contact_line",
        "frequency": "50",
        "gauge": "1676",
        "railway": "rail",
        "usage": "main",
        "voltage": "25000"
      },
      "geometry": {
        "type": "LineString",
        "coordinates": [
          [
            74.6502963,
            26.4202335
          ],
          [
            74.6503669,
            26.4201426
          ],
          [
            74.6506004,
            26.4199085
          ],
          [
            74.6508203,
            26.4196543
          ],
          [
            74.6509942,
            26.4194078
          ],
          [
            74.6511275,
            26.4191775
          ],
          [
            74.651226,
            26.4189214
          ],
          [
            74.651407,
            26.4186132
          ],
          [
            74.6515066,
            26.4182684
          ],
          [
            74.6517118,
            26.4174935
          ],
          [
            74.6518154,
            26.4170629
          ],
          [
            74.6519861,
            26.4163219
          ],
          [
            74.6520299,
            26.4161724
          ],
          [
            74.6521885,
            26.4157032
          ]
        ]
      },
      "id": "way/804167525"
    },
    {
      "type": "Feature",
      "properties": {
        "@id": "way/806433563",
        "electrified": "no",
        "gauge": "1676",
        "railway": "rail",
        "service": "siding"
      },
      "geometry": {
        "type": "LineString",
        "coordinates": [
          [
            74.6218564,
            26.3989513
          ],
          [
            74.6219958,
            26.3991771
          ],
          [
            74.6221286,
            26.3994354
          ],
          [
            74.6222372,
            26.3995915
          ],
          [
            74.6223794,
            26.3997501
          ],
          [
            74.6227093,
            26.4002078
          ]
        ]
      },
      "id": "way/806433563"
    },
    {
      "type": "Feature",
      "properties": {
        "@id": "way/806433567",
        "electrified": "contact_line",
        "frequency": "50",
        "gauge": "1676",
        "railway": "rail",
        "service": "siding",
        "voltage": "25000"
      },
      "geometry": {
        "type": "LineString",
        "coordinates": [
          [
            74.6229654,
            26.4003255
          ],
          [
            74.6226396,
            26.3999484
          ],
          [
            74.6223338,
            26.3996035
          ],
          [
            74.62213,
            26.3993273
          ],
          [
            74.6218564,
            26.3989513
          ],
          [
            74.6216902,
            26.3987244
          ],
          [
            74.6192761,
            26.3952633
          ],
          [
            74.6186632,
            26.3943816
          ],
          [
            74.617931,
            26.393256
          ]
        ]
      },
      "id": "way/806433567"
    },
    {
      "type": "Feature",
      "properties": {
        "@id": "way/806433573",
        "electrified": "contact_line",
        "frequency": "50",
        "gauge": "1676",
        "passenger_lines": "1",
        "railway": "rail",
        "service": "siding",
        "voltage": "25000"
      },
      "geometry": {
        "type": "LineString",
        "coordinates": [
          [
            74.6242703,
            26.4019988
          ],
          [
            74.6236642,
            26.401152
          ],
          [
            74.6230526,
            26.4003087
          ],
          [
            74.6218952,
            26.3986582
          ],
          [
            74.6194451,
            26.3951865
          ],
          [
            74.6188241,
            26.3943023
          ],
          [
            74.617856,
            26.3927675
          ],
          [
            74.617774,
            26.3926329
          ]
        ]
      },
      "id": "way/806433573"
    },
    {
      "type": "Feature",
      "properties": {
        "@id": "way/806433577",
        "electrified": "contact_line",
        "frequency": "50",
        "gauge": "1676",
        "passenger_lines": "2",
        "railway": "rail",
        "usage": "main",
        "voltage": "25000"
      },
      "geometry": {
        "type": "LineString",
        "coordinates": [
          [
            74.6383355,
            26.4524764
          ],
          [
            74.6382366,
            26.4527153
          ],
          [
            74.638173,
            26.4529023
          ],
          [
            74.6381226,
            26.4531043
          ],
          [
            74.6380791,
            26.4533239
          ],
          [
            74.6379474,
            26.4541603
          ],
          [
            74.6374301,
            26.457362
          ],
          [
            74.6371531,
            26.4589808
          ],
          [
            74.6371208,
            26.4593201
          ],
          [
            74.6371302,
            26.4595554
          ],
          [
            74.637144,
            26.4597618
          ],
          [
            74.6371916,
            26.4600028
          ],
          [
            74.6372652,
            26.4602243
          ],
          [
            74.6373515,
            26.4604367
          ],
          [
            74.6374527,
            26.4606202
          ],
          [
            74.6375651,
            26.4608075
          ],
          [
            74.6376576,
            26.4609369
          ],
          [
            74.6378124,
            26.4611144
          ],
          [
            74.6379845,
            26.461297
          ],
          [
            74.638182,
            26.4614568
          ],
          [
            74.6385599,
            26.4617139
          ]
        ]
      },
      "id": "way/806433577"
    },
    {
      "type": "Feature",
      "properties": {
        "@id": "way/806433578",
        "electrified": "contact_line",
        "frequency": "50",
        "gauge": "1676",
        "railway": "rail",
        "service": "siding",
        "voltage": "25000"
      },
      "geometry": {
        "type": "LineString",
        "coordinates": [
          [
            74.6383355,
            26.4524764
          ],
          [
            74.6382192,
            26.4527093
          ],
          [
            74.6381349,
            26.4528903
          ],
          [
            74.6380887,
            26.4530427
          ],
          [
            74.6380285,
            26.4533159
          ],
          [
            74.6379802,
            26.4536688
          ],
          [
            74.6377686,
            26.4549149
          ],
          [
            74.6373892,
            26.4573562
          ],
          [
            74.6371145,
            26.4589763
          ],
          [
            74.6370836,
            26.4593213
          ],
          [
            74.6370939,
            26.4595554
          ],
          [
            74.6371094,
            26.4597679
          ],
          [
            74.637155,
            26.4600117
          ],
          [
            74.6372321,
            26.4602434
          ],
          [
            74.6373139,
            26.4604511
          ],
          [
            74.6374105,
            26.4606408
          ],
          [
            74.6375231,
            26.4608245
          ],
          [
            74.6376223,
            26.460965
          ],
          [
            74.6377958,
            26.4611686
          ]
        ]
      },
      "id": "way/806433578"
    },
    {
      "type": "Feature",
      "properties": {
        "@id": "way/806433580",
        "electrified": "no",
        "gauge": "1676",
        "railway": "rail",
        "service": "yard"
      },
      "geometry": {
        "type": "LineString",
        "coordinates": [
          [
            74.6383931,
            26.4529818
          ],
          [
            74.6384767,
            26.4526264
          ],
          [
            74.6385517,
            26.4523575
          ],
          [
            74.6387207,
            26.4519133
          ]
        ]
      },
      "id": "way/806433580"
    },
    {
      "type": "Feature",
      "properties": {
        "@id": "way/806433581",
        "electrified": "no",
        "gauge": "1676",
        "railway": "rail",
        "service": "yard"
      },
      "geometry": {
        "type": "LineString",
        "coordinates": [
          [
            74.6377619,
            26.454377
          ],
          [
            74.6378356,
            26.4539268
          ],
          [
            74.6378759,
            26.4537587
          ],
          [
            74.6379966,
            26.4533084
          ],
          [
            74.6380887,
            26.4530427
          ]
        ]
      },
      "id": "way/806433581"
    },
    {
      "type": "Feature",
      "properties": {
        "@id": "way/806433582",
        "electrified": "no",
        "gauge": "1676",
        "railway": "rail",
        "service": "yard"
      },
      "geometry": {
        "type": "LineString",
        "coordinates": [
          [
            74.6378008,
            26.4544911
          ],
          [
            74.6379603,
            26.4534933
          ],
          [
            74.6379966,
            26.4533084
          ]
        ]
      },
      "id": "way/806433582"
    },
    {
      "type": "Feature",
      "properties": {
        "@id": "way/806433585",
        "electrified": "no",
        "gauge": "1676",
        "railway": "rail",
        "service": "siding"
      },
      "geometry": {
        "type": "LineString",
        "coordinates": [
          [
            74.6389541,
            26.4516707
          ],
          [
            74.6387757,
            26.4520621
          ],
          [
            74.6386416,
            26.4523887
          ],
          [
            74.6385598,
            26.4526697
          ],
          [
            74.6384136,
            26.4533505
          ],
          [
            74.6383708,
            26.4535642
          ],
          [
            74.6383519,
            26.4537383
          ],
          [
            74.6383318,
            26.4542053
          ],
          [
            74.6383171,
            26.4543998
          ],
          [
            74.6382862,
            26.4546472
          ],
          [
            74.6382487,
            26.4548729
          ],
          [
            74.6377324,
            26.4580715
          ],
          [
            74.6376733,
            26.4583788
          ],
          [
            74.6375942,
            26.4586622
          ],
          [
            74.6374333,
            26.4592468
          ]
        ]
      },
      "id": "way/806433585"
    },
    {
      "type": "Feature",
      "properties": {
        "@id": "way/806433587",
        "electrified": "no",
        "gauge": "1676",
        "railway": "rail",
        "service": "yard"
      },
      "geometry": {
        "type": "LineString",
        "coordinates": [
          [
            74.6380354,
            26.4540048
          ],
          [
            74.638124,
            26.4535149
          ],
          [
            74.6381655,
            26.4533145
          ],
          [
            74.6382152,
            26.4531043
          ],
          [
            74.6382621,
            26.4529386
          ],
          [
            74.6383211,
            26.4527657
          ],
          [
            74.6384437,
            26.4524822
          ]
        ]
      },
      "id": "way/806433587"
    },
    {
      "type": "Feature",
      "properties": {
        "@id": "way/806433588",
        "electrified": "no",
        "gauge": "1676",
        "passenger_lines": "2",
        "railway": "rail",
        "service": "yard"
      },
      "geometry": {
        "type": "LineString",
        "coordinates": [
          [
            74.6377958,
            26.4611686
          ],
          [
            74.6379577,
            26.4613359
          ],
          [
            74.6380971,
            26.4614596
          ],
          [
            74.6382594,
            26.4615977
          ],
          [
            74.638423,
            26.4617128
          ],
          [
            74.6385652,
            26.4617994
          ],
          [
            74.6387377,
            26.461888
          ]
        ]
      },
      "id": "way/806433588"
    },
    {
      "type": "Feature",
      "properties": {
        "@id": "way/806433589",
        "electrified": "contact_line",
        "frequency": "50",
        "gauge": "1676",
        "passenger_lines": "2",
        "railway": "rail",
        "usage": "main",
        "voltage": "25000"
      },
      "geometry": {
        "type": "LineString",
        "coordinates": [
          [
            74.6388623,
            26.4618149
          ],
          [
            74.6384664,
            26.4615581
          ],
          [
            74.6382688,
            26.4614056
          ],
          [
            74.6380749,
            26.4612212
          ]
        ]
      },
      "id": "way/806433589"
    },
    {
      "type": "Feature",
      "properties": {
        "@id": "way/806433590",
        "electrified": "contact_line",
        "frequency": "50",
        "gauge": "1676",
        "railway": "rail",
        "service": "siding",
        "voltage": "25000"
      },
      "geometry": {
        "type": "LineString",
        "coordinates": [
          [
            74.6377958,
            26.4611686
          ],
          [
            74.6379657,
            26.4613227
          ],
          [
            74.6381588,
            26.4614692
          ],
          [
            74.6385599,
            26.4617139
          ]
        ]
      },
      "id": "way/806433590"
    },
    {
      "type": "Feature",
      "properties": {
        "@id": "way/806433591",
        "electrified": "contact_line",
        "frequency": "50",
        "gauge": "1676",
        "railway": "rail",
        "service": "siding",
        "voltage": "25000"
      },
      "geometry": {
        "type": "LineString",
        "coordinates": [
          [
            74.6388623,
            26.4618149
          ],
          [
            74.6386242,
            26.4616877
          ],
          [
            74.6384358,
            26.4615764
          ],
          [
            74.6382666,
            26.4614598
          ],
          [
            74.6380368,
            26.4612471
          ],
          [
            74.6378882,
            26.4610714
          ],
          [
            74.6377373,
            26.4608862
          ],
          [
            74.6376438,
            26.4607585
          ],
          [
            74.6375315,
            26.4605805
          ],
          [
            74.6374467,
            26.4604067
          ],
          [
            74.6373486,
            26.4601851
          ],
          [
            74.6372897,
            26.4599745
          ],
          [
            74.6372355,
            26.4597449
          ],
          [
            74.6372147,
            26.459535
          ],
          [
            74.6372101,
            26.459313
          ],
          [
            74.6372221,
            26.4591338
          ],
          [
            74.637241,
            26.4589891
          ],
          [
            74.6372938,
            26.4587966
          ],
          [
            74.6373944,
            26.4584701
          ],
          [
            74.6374644,
            26.4582029
          ],
          [
            74.637608,
            26.4573827
          ],
          [
            74.6381318,
            26.4541291
          ],
          [
            74.6381441,
            26.4539976
          ],
          [
            74.638179,
            26.4534883
          ]
        ]
      },
      "id": "way/806433591"
    },
    {
      "type": "Feature",
      "properties": {
        "@id": "way/806433595",
        "electrified": "contact_line",
        "frequency": "50",
        "gauge": "1676",
        "railway": "rail",
        "service": "crossover",
        "voltage": "25000"
      },
      "geometry": {
        "type": "LineString",
        "coordinates": [
          [
            74.6393258,
            26.4620481
          ],
          [
            74.6387157,
            26.4617922
          ]
        ]
      },
      "id": "way/806433595"
    },
    {
      "type": "Feature",
      "properties": {
        "@id": "way/806433596",
        "electrified": "no",
        "gauge": "1676",
        "passenger_lines": "2",
        "railway": "rail",
        "service": "siding"
      },
      "geometry": {
        "type": "LineString",
        "coordinates": [
          [
            75.1957085,
            26.7977645
          ],
          [
            75.1952725,
            26.7974609
          ],
          [
            75.1950666,
            26.7973449
          ],
          [
            75.1887318,
            26.7938021
          ],
          [
            75.1885387,
            26.7937064
          ],
          [
            75.1880833,
            26.7934869
          ]
        ]
      },
      "id": "way/806433596"
    },
    {
      "type": "Feature",
      "properties": {
        "@id": "way/806433597",
        "electrified": "no",
        "gauge": "1676",
        "layer": "1",
        "passenger_lines": "2",
        "railway": "rail",
        "service": "siding"
      },
      "geometry": {
        "type": "LineString",
        "coordinates": [
          [
            75.1878441,
            26.7934126
          ],
          [
            75.1882678,
            26.7937016
          ],
          [
            75.188461,
            26.7938208
          ],
          [
            75.1945657,
            26.7972426
          ],
          [
            75.1947883,
            26.7973599
          ],
          [
            75.1952078,
            26.7975485
          ]
        ]
      },
      "id": "way/806433597"
    },
    {
      "type": "Feature",
      "properties": {
        "@id": "way/808020061",
        "electrified": "contact_line",
        "frequency": "50",
        "gauge": "1676",
        "passenger_lines": "2",
        "railway": "rail",
        "service": "crossover",
        "usage": "main",
        "voltage": "25000"
      },
      "geometry": {
        "type": "LineString",
        "coordinates": [
          [
            75.7892089,
            26.9184288
          ],
          [
            75.7888732,
            26.9186563
          ]
        ]
      },
      "id": "way/808020061"
    },
    {
      "type": "Feature",
      "properties": {
        "@id": "way/808020062",
        "electrified": "contact_line",
        "frequency": "50",
        "gauge": "1676",
        "passenger_lines": "2",
        "railway": "rail",
        "usage": "main",
        "voltage": "25000"
      },
      "geometry": {
        "type": "LineString",
        "coordinates": [
          [
            75.7907134,
            26.9156629
          ],
          [
            75.7907323,
            26.9159608
          ],
          [
            75.7907166,
            26.9162264
          ],
          [
            75.7906714,
            26.9164755
          ],
          [
            75.790604,
            26.916726
          ],
          [
            75.7904701,
            26.9170315
          ],
          [
            75.7903329,
            26.9172665
          ],
          [
            75.7901115,
            26.9175736
          ],
          [
            75.7899407,
            26.9177655
          ],
          [
            75.7897469,
            26.917951
          ],
          [
            75.7894089,
            26.9182219
          ],
          [
            75.7892531,
            26.9183388
          ]
        ]
      },
      "id": "way/808020062"
    },
    {
      "type": "Feature",
      "properties": {
        "@id": "way/808020063",
        "gauge": "1676",
        "railway": "rail",
        "service": "siding"
      },
      "geometry": {
        "type": "LineString",
        "coordinates": [
          [
            75.7802627,
            26.9255446
          ],
          [
            75.7799096,
            26.9258874
          ]
        ]
      },
      "id": "way/808020063"
    },
    {
      "type": "Feature",
      "properties": {
        "@id": "way/808020064",
        "electrified": "contact_line",
        "frequency": "50",
        "gauge": "1676",
        "passenger_lines": "2",
        "railway": "rail",
        "service": "siding",
        "usage": "main",
        "voltage": "25000"
      },
      "geometry": {
        "type": "LineString",
        "coordinates": [
          [
            75.7802627,
            26.9255446
          ],
          [
            75.7797678,
            26.925948
          ]
        ]
      },
      "id": "way/808020064"
    },
    {
      "type": "Feature",
      "properties": {
        "@id": "way/808030719",
        "electrified": "contact_line",
        "frequency": "50",
        "gauge": "1676",
        "railway": "rail",
        "service": "siding",
        "voltage": "25000"
      },
      "geometry": {
        "type": "LineString",
        "coordinates": [
          [
            74.6242703,
            26.4019988
          ],
          [
            74.6238466,
            26.4013273
          ],
          [
            74.6237044,
            26.4011243
          ],
          [
            74.6232243,
            26.4004528
          ],
          [
            74.6219341,
            26.3986342
          ],
          [
            74.6200848,
            26.3960142
          ],
          [
            74.6196972,
            26.3954027
          ],
          [
            74.6195094,
            26.3951084
          ]
        ]
      },
      "id": "way/808030719"
    },
    {
      "type": "Feature",
      "properties": {
        "@id": "way/808030730",
        "electrified": "contact_line",
        "frequency": "50",
        "gauge": "1676",
        "railway": "rail",
        "service": "siding",
        "voltage": "25000"
      },
      "geometry": {
        "type": "LineString",
        "coordinates": [
          [
            74.6237044,
            26.4011243
          ],
          [
            74.6232484,
            26.4003628
          ],
          [
            74.6230915,
            26.4000696
          ],
          [
            74.6229695,
            26.3998931
          ],
          [
            74.6220468,
            26.3985501
          ],
          [
            74.6218067,
            26.3981933
          ],
          [
            74.6212797,
            26.3973885
          ],
          [
            74.6205997,
            26.3964166
          ],
          [
            74.6203557,
            26.3960742
          ],
          [
            74.6197992,
            26.3953763
          ],
          [
            74.6195725,
            26.3950712
          ]
        ]
      },
      "id": "way/808030730"
    },
    {
      "type": "Feature",
      "properties": {
        "@id": "way/808030736",
        "electrified": "contact_line",
        "frequency": "50",
        "gauge": "1676",
        "name": "Western Dedicated Freight Corridor",
        "railway": "rail",
        "railway:traffic_mode": "freight",
        "usage": "main",
        "voltage": "25000"
      },
      "geometry": {
        "type": "LineString",
        "coordinates": [
          [
            74.6361371,
            26.4195263
          ],
          [
            74.6360342,
            26.419273
          ],
          [
            74.6354319,
            26.4178869
          ],
          [
            74.6351405,
            26.417284
          ],
          [
            74.6349536,
            26.4169423
          ],
          [
            74.6346967,
            26.416523
          ],
          [
            74.6343314,
            26.4159909
          ],
          [
            74.6277872,
            26.4067021
          ],
          [
            74.6277041,
            26.4065905
          ],
          [
            74.6261828,
            26.4044709
          ],
          [
            74.6254398,
            26.4033958
          ],
          [
            74.624702,
            26.4022682
          ],
          [
            74.6237025,
            26.4007369
          ],
          [
            74.6228472,
            26.399396
          ],
          [
            74.6214154,
            26.3973311
          ],
          [
            74.6202913,
            26.3957606
          ],
          [
            74.6197479,
            26.3949685
          ]
        ]
      },
      "id": "way/808030736"
    },
    {
      "type": "Feature",
      "properties": {
        "@id": "way/808030737",
        "electrified": "contact_line",
        "frequency": "50",
        "gauge": "1676",
        "name": "Western Dedicated Freight Corridor",
        "railway": "rail",
        "railway:traffic_mode": "freight",
        "usage": "main",
        "voltage": "25000"
      },
      "geometry": {
        "type": "LineString",
        "coordinates": [
          [
            74.6196972,
            26.3949931
          ],
          [
            74.6202363,
            26.3957919
          ],
          [
            74.6213602,
            26.397362
          ],
          [
            74.6227951,
            26.3994197
          ],
          [
            74.6236454,
            26.4007652
          ],
          [
            74.6246499,
            26.4023015
          ],
          [
            74.6253915,
            26.4034199
          ],
          [
            74.6261345,
            26.4044961
          ],
          [
            74.6276486,
            26.406621
          ],
          [
            74.6277318,
            26.4067327
          ],
          [
            74.634275,
            26.4159982
          ],
          [
            74.6346491,
            26.4165462
          ],
          [
            74.634912,
            26.4169807
          ],
          [
            74.6350921,
            26.4173122
          ],
          [
            74.6353847,
            26.4179071
          ],
          [
            74.6359705,
            26.4192947
          ],
          [
            74.6360789,
            26.4195467
          ]
        ]
      },
      "id": "way/808030737"
    },
    {
      "type": "Feature",
      "properties": {
        "@id": "way/808030753",
        "construction": "rail",
        "electrified": "contact_line",
        "frequency": "50",
        "gauge": "1676",
        "passenger_lines": "1",
        "railway": "rail",
        "usage": "main",
        "voltage": "25000"
      },
      "geometry": {
        "type": "LineString",
        "coordinates": [
          [
            74.6497787,
            26.4268118
          ],
          [
            74.6598949,
            26.4306348
          ],
          [
            74.6605093,
            26.4308941
          ],
          [
            74.6610084,
            26.4311384
          ],
          [
            74.6613958,
            26.4313745
          ],
          [
            74.6617942,
            26.4316653
          ],
          [
            74.6622455,
            26.4320378
          ],
          [
            74.6671946,
            26.4371902
          ],
          [
            74.6676457,
            26.4375663
          ],
          [
            74.6680695,
            26.4378858
          ],
          [
            74.6689948,
            26.4385006
          ],
          [
            74.6707517,
            26.4395117
          ],
          [
            74.6711889,
            26.4397807
          ],
          [
            74.6715188,
            26.4400185
          ],
          [
            74.6720311,
            26.4405036
          ],
          [
            74.6722457,
            26.4407822
          ],
          [
            74.6724388,
            26.4410872
          ],
          [
            74.6726051,
            26.4414162
          ],
          [
            74.6727338,
            26.4417548
          ],
          [
            74.6731496,
            26.4433687
          ],
          [
            74.6732891,
            26.4437722
          ],
          [
            74.6737584,
            26.4448841
          ],
          [
            74.6740267,
            26.4455325
          ],
          [
            74.6762717,
            26.4511448
          ],
          [
            74.6768269,
            26.4524679
          ]
        ]
      },
      "id": "way/808030753"
    },
    {
      "type": "Feature",
      "properties": {
        "@id": "way/808030756",
        "electrified": "contact_line",
        "frequency": "50",
        "gauge": "1676",
        "name": "Ajmer Bypass",
        "passenger_lines": "1",
        "railway": "rail",
        "usage": "main",
        "voltage": "25000"
      },
      "geometry": {
        "type": "LineString",
        "coordinates": [
          [
            74.6493557,
            26.4268735
          ],
          [
            74.649526,
            26.4269288
          ]
        ]
      },
      "id": "way/808030756"
    },
    {
      "type": "Feature",
      "properties": {
        "@id": "way/808030757",
        "bridge": "yes",
        "electrified": "contact_line",
        "frequency": "50",
        "gauge": "1676",
        "layer": "1",
        "name": "Ajmer Bypass",
        "passenger_lines": "1",
        "railway": "rail",
        "usage": "main",
        "voltage": "25000"
      },
      "geometry": {
        "type": "LineString",
        "coordinates": [
          [
            74.6491994,
            26.4268149
          ],
          [
            74.6493557,
            26.4268735
          ]
        ]
      },
      "id": "way/808030757"
    },
    {
      "type": "Feature",
      "properties": {
        "@id": "way/808376364",
        "electrified": "contact_line",
        "frequency": "50",
        "gauge": "1676",
        "layer": "1",
        "railway": "rail",
        "service": "crossover",
        "voltage": "25000"
      },
      "geometry": {
        "type": "LineString",
        "coordinates": [
          [
            75.2518068,
            26.8742564
          ],
          [
            75.2512037,
            26.8742117
          ]
        ]
      },
      "id": "way/808376364"
    },
    {
      "type": "Feature",
      "properties": {
        "@id": "way/808376365",
        "electrified": "no",
        "gauge": "1676",
        "railway": "rail",
        "service": "crossover"
      },
      "geometry": {
        "type": "LineString",
        "coordinates": [
          [
            75.2534249,
            26.8745052
          ],
          [
            75.2527079,
            26.8744418
          ]
        ]
      },
      "id": "way/808376365"
    },
    {
      "type": "Feature",
      "properties": {
        "@id": "way/808936553",
        "electrified": "contact_line",
        "frequency": "50",
        "gauge": "1676",
        "name": "Dedicated Freight Corridor",
        "railway": "rail",
        "railway:traffic_mode": "freight",
        "service": "yard",
        "voltage": "25000"
      },
      "geometry": {
        "type": "LineString",
        "coordinates": [
          [
            75.2158826,
            26.829461
          ],
          [
            75.2164878,
            26.8306074
          ],
          [
            75.2166344,
            26.8308851
          ],
          [
            75.2171525,
            26.8318664
          ]
        ]
      },
      "id": "way/808936553"
    },
    {
      "type": "Feature",
      "properties": {
        "@id": "way/808936554",
        "electrified": "contact_line",
        "frequency": "50",
        "gauge": "1676",
        "name": "Dedicated Freight Corridor",
        "railway": "rail",
        "railway:traffic_mode": "freight",
        "service": "yard",
        "voltage": "25000"
      },
      "geometry": {
        "type": "LineString",
        "coordinates": [
          [
            75.2163988,
            26.8300546
          ],
          [
            75.2158572,
            26.8290589
          ],
          [
            75.2156877,
            26.8287473
          ],
          [
            75.2152173,
            26.8278825
          ]
        ]
      },
      "id": "way/808936554"
    },
    {
      "type": "Feature",
      "properties": {
        "@id": "way/808936556",
        "electrified": "contact_line",
        "frequency": "50",
        "gauge": "1676",
        "name": "Dedicated Freight Corridor",
        "railway": "rail",
        "railway:traffic_mode": "freight",
        "voltage": "25000"
      },
      "geometry": {
        "type": "LineString",
        "coordinates": [
          [
            75.2115096,
            26.8211456
          ],
          [
            75.2111877,
            26.8205639
          ]
        ]
      },
      "id": "way/808936556"
    },
    {
      "type": "Feature",
      "properties": {
        "@id": "way/808936557",
        "electrified": "contact_line",
        "frequency": "50",
        "gauge": "1676",
        "name": "Dedicated Freight Corridor",
        "railway": "rail",
        "railway:traffic_mode": "freight",
        "service": "yard",
        "voltage": "25000"
      },
      "geometry": {
        "type": "LineString",
        "coordinates": [
          [
            75.2109246,
            26.820461
          ],
          [
            75.2114421,
            26.8214187
          ]
        ]
      },
      "id": "way/808936557"
    },
    {
      "type": "Feature",
      "properties": {
        "@id": "way/808936558",
        "electrified": "contact_line",
        "frequency": "50",
        "gauge": "1676",
        "name": "Dedicated Freight Corridor",
        "railway": "rail",
        "railway:traffic_mode": "freight",
        "service": "yard",
        "voltage": "25000"
      },
      "geometry": {
        "type": "LineString",
        "coordinates": [
          [
            75.2113643,
            26.821524
          ],
          [
            75.2117161,
            26.8221718
          ]
        ]
      },
      "id": "way/808936558"
    },
    {
      "type": "Feature",
      "properties": {
        "@id": "way/808936559",
        "electrified": "contact_line",
        "frequency": "50",
        "gauge": "1676",
        "name": "Dedicated Freight Corridor",
        "railway": "rail",
        "railway:traffic_mode": "freight",
        "service": "yard",
        "voltage": "25000"
      },
      "geometry": {
        "type": "LineString",
        "coordinates": [
          [
            75.2111877,
            26.8205639
          ],
          [
            75.2110058,
            26.8202178
          ],
          [
            75.2100125,
            26.8183882
          ]
        ]
      },
      "id": "way/808936559"
    },
    {
      "type": "Feature",
      "properties": {
        "@id": "way/808936560",
        "electrified": "contact_line",
        "frequency": "50",
        "gauge": "1676",
        "name": "Dedicated Freight Corridor",
        "railway": "rail",
        "railway:traffic_mode": "freight",
        "service": "yard",
        "voltage": "25000"
      },
      "geometry": {
        "type": "LineString",
        "coordinates": [
          [
            75.2099615,
            26.8188143
          ],
          [
            75.2101894,
            26.8192334
          ],
          [
            75.2102485,
            26.8193421
          ],
          [
            75.211208,
            26.8211066
          ]
        ]
      },
      "id": "way/808936560"
    },
    {
      "type": "Feature",
      "properties": {
        "@id": "way/808936561",
        "electrified": "contact_line",
        "frequency": "50",
        "gauge": "1676",
        "name": "Dedicated Freight Corridor",
        "railway": "rail",
        "railway:traffic_mode": "freight",
        "voltage": "25000"
      },
      "geometry": {
        "type": "LineString",
        "coordinates": [
          [
            75.2107084,
            26.8200609
          ],
          [
            75.2109246,
            26.820461
          ]
        ]
      },
      "id": "way/808936561"
    },
    {
      "type": "Feature",
      "properties": {
        "@id": "way/808936562",
        "electrified": "contact_line",
        "frequency": "50",
        "gauge": "1676",
        "name": "Dedicated Freight Corridor",
        "railway": "rail",
        "railway:traffic_mode": "freight",
        "service": "yard",
        "voltage": "25000"
      },
      "geometry": {
        "type": "LineString",
        "coordinates": [
          [
            75.2117826,
            26.8215108
          ],
          [
            75.2107342,
            26.8195802
          ],
          [
            75.2105302,
            26.8192045
          ]
        ]
      },
      "id": "way/808936562"
    },
    {
      "type": "Feature",
      "properties": {
        "@id": "way/808936563",
        "electrified": "contact_line",
        "frequency": "50",
        "gauge": "1676",
        "name": "Dedicated Freight Corridor",
        "railway": "rail",
        "railway:traffic_mode": "freight",
        "service": "yard",
        "voltage": "25000"
      },
      "geometry": {
        "type": "LineString",
        "coordinates": [
          [
            75.2124853,
            26.8226719
          ],
          [
            75.2122642,
            26.8222642
          ],
          [
            75.211359,
            26.8205952
          ]
        ]
      },
      "id": "way/808936563"
    },
    {
      "type": "Feature",
      "properties": {
        "@id": "way/808936564",
        "electrified": "contact_line",
        "frequency": "50",
        "gauge": "1676",
        "name": "Dedicated Freight Corridor",
        "railway": "rail",
        "railway:traffic_mode": "freight",
        "service": "yard",
        "voltage": "25000"
      },
      "geometry": {
        "type": "LineString",
        "coordinates": [
          [
            75.2208728,
            26.8381059
          ],
          [
            75.2203161,
            26.8370835
          ]
        ]
      },
      "id": "way/808936564"
    },
    {
      "type": "Feature",
      "properties": {
        "@id": "way/808936565",
        "electrified": "contact_line",
        "frequency": "50",
        "gauge": "1676",
        "name": "Dedicated Freight Corridor",
        "railway": "rail",
        "railway:traffic_mode": "freight",
        "service": "yard",
        "voltage": "25000"
      },
      "geometry": {
        "type": "LineString",
        "coordinates": [
          [
            75.2204156,
            26.8380371
          ],
          [
            75.220854,
            26.8388431
          ]
        ]
      },
      "id": "way/808936565"
    },
    {
      "type": "Feature",
      "properties": {
        "@id": "way/808936566",
        "electrified": "contact_line",
        "frequency": "50",
        "gauge": "1676",
        "name": "Dedicated Freight Corridor",
        "railway": "rail",
        "railway:traffic_mode": "freight",
        "service": "yard",
        "voltage": "25000"
      },
      "geometry": {
        "type": "LineString",
        "coordinates": [
          [
            75.2199026,
            26.8372475
          ],
          [
            75.2208003,
            26.8389005
          ]
        ]
      },
      "id": "way/808936566"
    },
    {
      "type": "Feature",
      "properties": {
        "@id": "way/808936567",
        "electrified": "contact_line",
        "frequency": "50",
        "gauge": "1676",
        "name": "Dedicated Freight Corridor",
        "railway": "rail",
        "railway:traffic_mode": "freight",
        "service": "yard",
        "voltage": "25000"
      },
      "geometry": {
        "type": "LineString",
        "coordinates": [
          [
            75.2218839,
            26.8401139
          ],
          [
            75.2209041,
            26.8382881
          ]
        ]
      },
      "id": "way/808936567"
    },
    {
      "type": "Feature",
      "properties": {
        "@id": "way/808936568",
        "electrified": "contact_line",
        "frequency": "50",
        "gauge": "1676",
        "name": "Dedicated Freight Corridor",
        "railway": "rail",
        "railway:traffic_mode": "freight",
        "voltage": "25000"
      },
      "geometry": {
        "type": "LineString",
        "coordinates": [
          [
            75.2111877,
            26.8205639
          ],
          [
            75.2108498,
            26.8200492
          ]
        ]
      },
      "id": "way/808936568"
    },
    {
      "type": "Feature",
      "properties": {
        "@id": "way/808936569",
        "electrified": "contact_line",
        "frequency": "50",
        "gauge": "1676",
        "name": "Dedicated Freight Corridor",
        "railway": "rail",
        "railway:traffic_mode": "freight",
        "service": "crossover",
        "voltage": "25000"
      },
      "geometry": {
        "type": "LineString",
        "coordinates": [
          [
            75.2221399,
            26.8408338
          ],
          [
            75.2224694,
            26.8415746
          ]
        ]
      },
      "id": "way/808936569"
    },
    {
      "type": "Feature",
      "properties": {
        "@id": "way/808936570",
        "electrified": "contact_line",
        "frequency": "50",
        "gauge": "1676",
        "name": "Dedicated Freight Corridor",
        "railway": "rail",
        "railway:traffic_mode": "freight",
        "service": "crossover",
        "voltage": "25000"
      },
      "geometry": {
        "type": "LineString",
        "coordinates": [
          [
            75.2102689,
            26.8190996
          ],
          [
            75.2106565,
            26.8196987
          ]
        ]
      },
      "id": "way/808936570"
    },
    {
      "type": "Feature",
      "properties": {
        "@id": "way/808936571",
        "electrified": "contact_line",
        "frequency": "50",
        "gauge": "1676",
        "name": "Dedicated Freight Corridor",
        "railway": "rail",
        "railway:traffic_mode": "freight",
        "voltage": "25000"
      },
      "geometry": {
        "type": "LineString",
        "coordinates": [
          [
            75.2097332,
            26.8179888
          ],
          [
            75.2100394,
            26.8186767
          ]
        ]
      },
      "id": "way/808936571"
    },
    {
      "type": "Feature",
      "properties": {
        "@id": "way/808936572",
        "electrified": "contact_line",
        "frequency": "50",
        "gauge": "1676",
        "name": "Dedicated Freight Corridor",
        "railway": "rail",
        "railway:traffic_mode": "freight",
        "voltage": "25000"
      },
      "geometry": {
        "type": "LineString",
        "coordinates": [
          [
            75.2107084,
            26.8200609
          ],
          [
            75.2104855,
            26.8194985
          ]
        ]
      },
      "id": "way/808936572"
    },
    {
      "type": "Feature",
      "properties": {
        "@id": "way/808936573",
        "electrified": "contact_line",
        "frequency": "50",
        "gauge": "1676",
        "name": "Dedicated Freight Corridor",
        "railway": "rail",
        "railway:traffic_mode": "freight",
        "voltage": "25000"
      },
      "geometry": {
        "type": "LineString",
        "coordinates": [
          [
            75.2208332,
            26.8386644
          ],
          [
            75.2204156,
            26.8380371
          ],
          [
            75.2203501,
            26.8379167
          ],
          [
            75.216179,
            26.8301676
          ],
          [
            75.2160297,
            26.8298933
          ],
          [
            75.2114372,
            26.821528
          ],
          [
            75.211208,
            26.8211066
          ],
          [
            75.2109246,
            26.820461
          ]
        ]
      },
      "id": "way/808936573"
    },
    {
      "type": "Feature",
      "properties": {
        "@id": "way/808936574",
        "electrified": "contact_line",
        "frequency": "50",
        "gauge": "1676",
        "name": "Dedicated Freight Corridor",
        "railway": "rail",
        "railway:traffic_mode": "freight",
        "service": "siding",
        "voltage": "25000"
      },
      "geometry": {
        "type": "LineString",
        "coordinates": [
          [
            75.2124853,
            26.8226719
          ],
          [
            75.2121301,
            26.8221505
          ]
        ]
      },
      "id": "way/808936574"
    },
    {
      "type": "Feature",
      "properties": {
        "@id": "way/808936575",
        "electrified": "contact_line",
        "frequency": "50",
        "gauge": "1676",
        "name": "Dedicated Freight Corridor",
        "railway": "rail",
        "railway:traffic_mode": "freight",
        "voltage": "25000"
      },
      "geometry": {
        "type": "LineString",
        "coordinates": [
          [
            75.2117826,
            26.8215108
          ],
          [
            75.2115096,
            26.8211456
          ]
        ]
      },
      "id": "way/808936575"
    },
    {
      "type": "Feature",
      "properties": {
        "@id": "way/808936576",
        "electrified": "contact_line",
        "frequency": "50",
        "gauge": "1676",
        "name": "Dedicated Freight Corridor",
        "railway": "rail",
        "railway:traffic_mode": "freight",
        "service": "yard",
        "voltage": "25000"
      },
      "geometry": {
        "type": "LineString",
        "coordinates": [
          [
            75.2107342,
            26.8195802
          ],
          [
            75.2110058,
            26.8202178
          ]
        ]
      },
      "id": "way/808936576"
    },
    {
      "type": "Feature",
      "properties": {
        "@id": "way/808936577",
        "electrified": "contact_line",
        "frequency": "50",
        "gauge": "1676",
        "name": "Dedicated Freight Corridor",
        "railway": "rail",
        "railway:traffic_mode": "freight",
        "service": "yard",
        "voltage": "25000"
      },
      "geometry": {
        "type": "LineString",
        "coordinates": [
          [
            75.2119035,
            26.821871
          ],
          [
            75.2115096,
            26.8211456
          ]
        ]
      },
      "id": "way/808936577"
    },
    {
      "type": "Feature",
      "properties": {
        "@id": "way/808936578",
        "electrified": "contact_line",
        "frequency": "50",
        "gauge": "1676",
        "name": "Dedicated Freight Corridor",
        "railway": "rail",
        "railway:traffic_mode": "freight",
        "service": "yard",
        "voltage": "25000"
      },
      "geometry": {
        "type": "LineString",
        "coordinates": [
          [
            75.2099872,
            26.8187263
          ],
          [
            75.2101894,
            26.8192334
          ]
        ]
      },
      "id": "way/808936578"
    },
    {
      "type": "Feature",
      "properties": {
        "@id": "way/808936579",
        "electrified": "contact_line",
        "frequency": "50",
        "gauge": "1676",
        "name": "Dedicated Freight Corridor",
        "railway": "rail",
        "railway:traffic_mode": "freight",
        "service": "yard",
        "voltage": "25000"
      },
      "geometry": {
        "type": "LineString",
        "coordinates": [
          [
            75.2102485,
            26.8193421
          ],
          [
            75.2105302,
            26.8197311
          ]
        ]
      },
      "id": "way/808936579"
    },
    {
      "type": "Feature",
      "properties": {
        "@id": "way/808936580",
        "electrified": "contact_line",
        "frequency": "50",
        "gauge": "1676",
        "name": "Dedicated Freight Corridor",
        "railway": "rail",
        "railway:traffic_mode": "freight",
        "service": "yard",
        "voltage": "25000"
      },
      "geometry": {
        "type": "LineString",
        "coordinates": [
          [
            75.2119291,
            26.8215113
          ],
          [
            75.2122642,
            26.8222642
          ]
        ]
      },
      "id": "way/808936580"
    },
    {
      "type": "Feature",
      "properties": {
        "@id": "way/808936581",
        "electrified": "contact_line",
        "frequency": "50",
        "gauge": "1676",
        "name": "Dedicated Freight Corridor",
        "railway": "rail",
        "railway:traffic_mode": "freight",
        "service": "yard",
        "voltage": "25000"
      },
      "geometry": {
        "type": "LineString",
        "coordinates": [
          [
            75.2114207,
            26.8205737
          ],
          [
            75.2119291,
            26.8215113
          ],
          [
            75.212228,
            26.8220625
          ]
        ]
      },
      "id": "way/808936581"
    },
    {
      "type": "Feature",
      "properties": {
        "@id": "way/808936582",
        "electrified": "contact_line",
        "frequency": "50",
        "gauge": "1676",
        "name": "Dedicated Freight Corridor",
        "railway": "rail",
        "railway:traffic_mode": "freight",
        "service": "yard",
        "voltage": "25000"
      },
      "geometry": {
        "type": "LineString",
        "coordinates": [
          [
            75.2156877,
            26.8287473
          ],
          [
            75.2154261,
            26.8283734
          ]
        ]
      },
      "id": "way/808936582"
    },
    {
      "type": "Feature",
      "properties": {
        "@id": "way/808936583",
        "electrified": "contact_line",
        "frequency": "50",
        "gauge": "1676",
        "name": "Dedicated Freight Corridor",
        "railway": "rail",
        "railway:traffic_mode": "freight",
        "service": "yard",
        "voltage": "25000"
      },
      "geometry": {
        "type": "LineString",
        "coordinates": [
          [
            75.2176031,
            26.8319622
          ],
          [
            75.2171069,
            26.8309689
          ],
          [
            75.2170184,
            26.8308133
          ],
          [
            75.2167427,
            26.8304134
          ]
        ]
      },
      "id": "way/808936583"
    },
    {
      "type": "Feature",
      "properties": {
        "@id": "way/808936584",
        "electrified": "contact_line",
        "frequency": "50",
        "gauge": "1676",
        "name": "Dedicated Freight Corridor",
        "railway": "rail",
        "railway:traffic_mode": "freight",
        "service": "crossover",
        "voltage": "25000"
      },
      "geometry": {
        "type": "LineString",
        "coordinates": [
          [
            75.2216708,
            26.8400953
          ],
          [
            75.2220045,
            26.8406105
          ]
        ]
      },
      "id": "way/808936584"
    },
    {
      "type": "Feature",
      "properties": {
        "@id": "way/808936585",
        "electrified": "contact_line",
        "frequency": "50",
        "gauge": "1676",
        "name": "Dedicated Freight Corridor",
        "railway": "rail",
        "railway:traffic_mode": "freight",
        "service": "yard",
        "voltage": "25000"
      },
      "geometry": {
        "type": "LineString",
        "coordinates": [
          [
            75.221943,
            26.8408654
          ],
          [
            75.2212831,
            26.8396544
          ],
          [
            75.2212,
            26.8394701
          ],
          [
            75.2209915,
            26.8389564
          ]
        ]
      },
      "id": "way/808936585"
    },
    {
      "type": "Feature",
      "properties": {
        "@id": "way/808936587",
        "electrified": "contact_line",
        "frequency": "50",
        "gauge": "1676",
        "name": "Dedicated Freight Corridor",
        "railway": "rail",
        "railway:traffic_mode": "freight",
        "service": "siding",
        "voltage": "25000"
      },
      "geometry": {
        "type": "LineString",
        "coordinates": [
          [
            75.2114372,
            26.821528
          ],
          [
            75.2117161,
            26.8221718
          ],
          [
            75.21557,
            26.8291756
          ],
          [
            75.2157508,
            26.8294797
          ],
          [
            75.2199026,
            26.8372475
          ],
          [
            75.2203501,
            26.8379167
          ]
        ]
      },
      "id": "way/808936587"
    },
    {
      "type": "Feature",
      "properties": {
        "@id": "way/808936588",
        "electrified": "contact_line",
        "frequency": "50",
        "gauge": "1676",
        "name": "Dedicated Freight Corridor",
        "railway": "rail",
        "railway:traffic_mode": "freight",
        "service": "crossover",
        "voltage": "25000"
      },
      "geometry": {
        "type": "LineString",
        "coordinates": [
          [
            75.2215958,
            26.8398031
          ],
          [
            75.2213097,
            26.8391651
          ]
        ]
      },
      "id": "way/808936588"
    },
    {
      "type": "Feature",
      "properties": {
        "@id": "way/808936589",
        "electrified": "contact_line",
        "frequency": "50",
        "gauge": "1676",
        "name": "Dedicated Freight Corridor",
        "railway": "rail",
        "railway:traffic_mode": "freight",
        "usage": "main",
        "voltage": "25000"
      },
      "geometry": {
        "type": "LineString",
        "coordinates": [
          [
            75.3244677,
            26.8852394
          ],
          [
            75.3205737,
            26.884635
          ],
          [
            75.3194604,
            26.8844552
          ],
          [
            75.3163755,
            26.8839893
          ],
          [
            75.2692169,
            26.8767966
          ],
          [
            75.2656254,
            26.8762128
          ],
          [
            75.2651855,
            26.8761362
          ],
          [
            75.2648274,
            26.8760645
          ],
          [
            75.2644734,
            26.8759759
          ],
          [
            75.2641784,
            26.8758686
          ],
          [
            75.2639504,
            26.8757941
          ],
          [
            75.2637385,
            26.875708
          ],
          [
            75.2634998,
            26.87558
          ],
          [
            75.2634166,
            26.8755381
          ],
          [
            75.2630183,
            26.8752845
          ],
          [
            75.2627152,
            26.875062
          ],
          [
            75.2623907,
            26.8747821
          ],
          [
            75.2621251,
            26.8745021
          ],
          [
            75.261873,
            26.8741959
          ],
          [
            75.2616906,
            26.8739327
          ],
          [
            75.2615002,
            26.8736097
          ],
          [
            75.2613473,
            26.8732796
          ],
          [
            75.2612078,
            26.8728943
          ],
          [
            75.2610871,
            26.8724541
          ],
          [
            75.2609771,
            26.8719206
          ],
          [
            75.2608806,
            26.8714133
          ],
          [
            75.2607679,
            26.8709181
          ],
          [
            75.2606499,
            26.8705472
          ],
          [
            75.2605158,
            26.8701692
          ],
          [
            75.2603093,
            26.8697242
          ],
          [
            75.2600759,
            26.8693413
          ],
          [
            75.2597567,
            26.86887
          ],
          [
            75.259518,
            26.8685637
          ],
          [
            75.2592739,
            26.868291
          ],
          [
            75.2589655,
            26.8680015
          ],
          [
            75.2586356,
            26.8677191
          ],
          [
            75.2582118,
            26.8674105
          ],
          [
            75.2578309,
            26.8671544
          ],
          [
            75.2573803,
            26.8668745
          ],
          [
            75.2566615,
            26.8664127
          ],
          [
            75.2447203,
            26.8589616
          ],
          [
            75.2437788,
            26.858373
          ],
          [
            75.2414614,
            26.8568439
          ],
          [
            75.226846,
            26.8472408
          ],
          [
            75.226225,
            26.8467882
          ],
          [
            75.2256434,
            26.8462953
          ],
          [
            75.2251236,
            26.8457632
          ],
          [
            75.2246777,
            26.8452052
          ],
          [
            75.2242991,
            26.8446289
          ],
          [
            75.2239448,
            26.8440133
          ],
          [
            75.2213097,
            26.8391651
          ],
          [
            75.2212442,
            26.8390532
          ]
        ]
      },
      "id": "way/808936589"
    },
    {
      "type": "Feature",
      "properties": {
        "@id": "way/808936590",
        "electrified": "no",
        "gauge": "1676",
        "railway": "rail",
        "service": "yard"
      },
      "geometry": {
        "type": "LineString",
        "coordinates": [
          [
            75.3228101,
            26.8851364
          ],
          [
            75.3238188,
            26.8852816
          ]
        ]
      },
      "id": "way/808936590"
    },
    {
      "type": "Feature",
      "properties": {
        "@id": "way/808936591",
        "electrified": "no",
        "gauge": "1676",
        "railway": "rail",
        "service": "yard"
      },
      "geometry": {
        "type": "LineString",
        "coordinates": [
          [
            75.3327396,
            26.8864892
          ],
          [
            75.3315722,
            26.8863201
          ]
        ]
      },
      "id": "way/808936591"
    },
    {
      "type": "Feature",
      "properties": {
        "@id": "way/808936592",
        "electrified": "no",
        "gauge": "1676",
        "railway": "rail",
        "service": "yard"
      },
      "geometry": {
        "type": "LineString",
        "coordinates": [
          [
            75.3309292,
            26.8863637
          ],
          [
            75.3319122,
            26.8865192
          ]
        ]
      },
      "id": "way/808936592"
    },
    {
      "type": "Feature",
      "properties": {
        "@id": "way/808936593",
        "electrified": "contact_line",
        "frequency": "50",
        "gauge": "1676",
        "railway": "rail",
        "service": "siding",
        "voltage": "25000"
      },
      "geometry": {
        "type": "LineString",
        "coordinates": [
          [
            75.3228767,
            26.8850979
          ],
          [
            75.3238188,
            26.8852816
          ],
          [
            75.3309292,
            26.8863637
          ],
          [
            75.3318972,
            26.8864629
          ]
        ]
      },
      "id": "way/808936593"
    },
    {
      "type": "Feature",
      "properties": {
        "@id": "way/808936594",
        "bridge": "yes",
        "electrified": "contact_line",
        "frequency": "50",
        "gauge": "1676",
        "name": "Western Dedicated Freight Corridor",
        "railway": "rail",
        "railway:traffic_mode": "freight",
        "usage": "main",
        "voltage": "25000"
      },
      "geometry": {
        "type": "LineString",
        "coordinates": [
          [
            75.2605896,
            26.8749029
          ],
          [
            75.2603764,
            26.8757798
          ]
        ]
      },
      "id": "way/808936594"
    },
    {
      "type": "Feature",
      "properties": {
        "@id": "way/808936595",
        "bridge": "yes",
        "electrified": "contact_line",
        "frequency": "50",
        "gauge": "1676",
        "name": "Western Dedicated Freight Corridor",
        "railway": "rail",
        "railway:traffic_mode": "freight",
        "usage": "main",
        "voltage": "25000"
      },
      "geometry": {
        "type": "LineString",
        "coordinates": [
          [
            75.2604355,
            26.8757911
          ],
          [
            75.2606487,
            26.8749142
          ]
        ]
      },
      "id": "way/808936595"
    },
    {
      "type": "Feature",
      "properties": {
        "@id": "way/808936596",
        "electrified": "contact_line",
        "frequency": "50",
        "gauge": "1676",
        "name": "Western Dedicated Freight Corridor",
        "railway": "rail",
        "railway:traffic_mode": "freight",
        "usage": "main",
        "voltage": "25000"
      },
      "geometry": {
        "type": "LineString",
        "coordinates": [
          [
            75.2606487,
            26.8749142
          ],
          [
            75.2607954,
            26.8741095
          ],
          [
            75.2608629,
            26.8736682
          ],
          [
            75.2609062,
            26.8731864
          ],
          [
            75.2609116,
            26.8727834
          ],
          [
            75.2608831,
            26.8723539
          ],
          [
            75.2608263,
            26.8719337
          ],
          [
            75.2606872,
            26.8714436
          ],
          [
            75.2605169,
            26.8709228
          ],
          [
            75.2603168,
            26.8704354
          ],
          [
            75.2600543,
            26.869943
          ],
          [
            75.2597379,
            26.8694606
          ],
          [
            75.2593782,
            26.8690022
          ],
          [
            75.2589697,
            26.8685702
          ],
          [
            75.2586343,
            26.8682734
          ],
          [
            75.2583124,
            26.8680128
          ],
          [
            75.2579721,
            26.8677767
          ],
          [
            75.2575692,
            26.8675084
          ],
          [
            75.2534224,
            26.8647734
          ],
          [
            75.2414409,
            26.8568914
          ],
          [
            75.2267972,
            26.847289
          ],
          [
            75.2261752,
            26.8468389
          ],
          [
            75.2255888,
            26.8463419
          ],
          [
            75.2250643,
            26.845805
          ],
          [
            75.2246142,
            26.8452419
          ],
          [
            75.2242329,
            26.8446614
          ],
          [
            75.2238773,
            26.8440434
          ],
          [
            75.2221399,
            26.8408338
          ],
          [
            75.2220045,
            26.8406105
          ],
          [
            75.2215958,
            26.8398031
          ],
          [
            75.2169372,
            26.8312147
          ],
          [
            75.2154261,
            26.8283734
          ]
        ]
      },
      "id": "way/808936596"
    },
    {
      "type": "Feature",
      "properties": {
        "@id": "way/808936597",
        "electrified": "contact_line",
        "frequency": "50",
        "gauge": "1676",
        "name": "Western Dedicated Freight Corridor",
        "railway": "rail",
        "railway:traffic_mode": "freight",
        "usage": "main",
        "voltage": "25000"
      },
      "geometry": {
        "type": "LineString",
        "coordinates": [
          [
            75.2104855,
            26.8194985
          ],
          [
            75.2168909,
            26.8312382
          ],
          [
            75.2216708,
            26.8400953
          ],
          [
            75.2224694,
            26.8415746
          ],
          [
            75.2238232,
            26.8440675
          ],
          [
            75.2241799,
            26.8446873
          ],
          [
            75.2245635,
            26.8452712
          ],
          [
            75.2250168,
            26.8458384
          ],
          [
            75.2255452,
            26.8463793
          ],
          [
            75.2261353,
            26.8468794
          ],
          [
            75.2267602,
            26.8473317
          ],
          [
            75.2414051,
            26.8569348
          ],
          [
            75.2533865,
            26.8648168
          ],
          [
            75.2575332,
            26.8675516
          ],
          [
            75.2579355,
            26.8678196
          ],
          [
            75.2582735,
            26.8680541
          ],
          [
            75.2585927,
            26.8683125
          ],
          [
            75.2589253,
            26.8686068
          ],
          [
            75.2593303,
            26.8690351
          ],
          [
            75.259687,
            26.8694897
          ],
          [
            75.2600008,
            26.8699682
          ],
          [
            75.260261,
            26.8704563
          ],
          [
            75.2604595,
            26.8709396
          ],
          [
            75.2606285,
            26.8714564
          ],
          [
            75.2607665,
            26.8719421
          ],
          [
            75.2608229,
            26.8723584
          ],
          [
            75.2608511,
            26.8727843
          ],
          [
            75.2608458,
            26.8731839
          ],
          [
            75.2608029,
            26.8736624
          ],
          [
            75.2607358,
            26.8741002
          ],
          [
            75.2605896,
            26.8749029
          ]
        ]
      },
      "id": "way/808936597"
    },
    {
      "type": "Feature",
      "properties": {
        "@id": "way/808936598",
        "electrified": "contact_line",
        "frequency": "50",
        "gauge": "1676",
        "name": "Western Dedicated Freight Corridor",
        "railway": "rail",
        "railway:traffic_mode": "freight",
        "usage": "main",
        "voltage": "25000"
      },
      "geometry": {
        "type": "LineString",
        "coordinates": [
          [
            75.300816,
            27.0580823
          ],
          [
            75.2916416,
            27.0401651
          ],
          [
            75.2911534,
            27.0391952
          ],
          [
            75.2906496,
            27.0382117
          ],
          [
            75.2901676,
            27.0371624
          ],
          [
            75.2878801,
            27.0316348
          ],
          [
            75.2771941,
            27.0058786
          ],
          [
            75.2748633,
            27.0003176
          ],
          [
            75.2729294,
            26.995643
          ],
          [
            75.2712346,
            26.9915616
          ],
          [
            75.2709971,
            26.9909339
          ],
          [
            75.2708533,
            26.9903741
          ],
          [
            75.2707282,
            26.989698
          ],
          [
            75.2707016,
            26.988999
          ],
          [
            75.2707362,
            26.9885018
          ],
          [
            75.2708268,
            26.9879392
          ],
          [
            75.2709442,
            26.9874374
          ],
          [
            75.2718278,
            26.984178
          ],
          [
            75.2748976,
            26.9727665
          ],
          [
            75.2754904,
            26.9705624
          ],
          [
            75.2759249,
            26.9689178
          ],
          [
            75.276295,
            26.9675529
          ],
          [
            75.2782396,
            26.9603115
          ],
          [
            75.2800797,
            26.9533255
          ],
          [
            75.2812545,
            26.948839
          ],
          [
            75.2813859,
            26.9483465
          ],
          [
            75.2830438,
            26.9420173
          ],
          [
            75.2831733,
            26.941397
          ],
          [
            75.2832328,
            26.9408738
          ],
          [
            75.2832463,
            26.9403192
          ],
          [
            75.2831976,
            26.9397211
          ],
          [
            75.2830786,
            26.9390843
          ],
          [
            75.2828951,
            26.9385215
          ],
          [
            75.282707,
            26.9379632
          ],
          [
            75.2813011,
            26.9342655
          ],
          [
            75.2804963,
            26.9321464
          ],
          [
            75.2800341,
            26.9309892
          ],
          [
            75.2795449,
            26.9299969
          ],
          [
            75.2741992,
            26.9196491
          ],
          [
            75.2723565,
            26.9159086
          ],
          [
            75.2653643,
            26.9023645
          ],
          [
            75.2651875,
            26.9019799
          ],
          [
            75.2649885,
            26.9015744
          ],
          [
            75.264779,
            26.9011745
          ],
          [
            75.2604138,
            26.892757
          ],
          [
            75.2602268,
            26.8923937
          ],
          [
            75.260065,
            26.8920241
          ],
          [
            75.2598966,
            26.8916532
          ],
          [
            75.2597617,
            26.8912971
          ],
          [
            75.2596169,
            26.8909146
          ],
          [
            75.2594954,
            26.8905846
          ],
          [
            75.2593684,
            26.8901842
          ],
          [
            75.2592522,
            26.8897922
          ],
          [
            75.2591533,
            26.8893942
          ],
          [
            75.2590705,
            26.8890317
          ],
          [
            75.258993,
            26.8886374
          ],
          [
            75.2589275,
            26.8882309
          ],
          [
            75.2588727,
            26.8878279
          ],
          [
            75.2588299,
            26.8874321
          ],
          [
            75.2588018,
            26.8870732
          ],
          [
            75.2587764,
            26.886663
          ],
          [
            75.2587657,
            26.8862566
          ],
          [
            75.2587657,
            26.8858524
          ],
          [
            75.2587764,
            26.8854856
          ],
          [
            75.2587992,
            26.8851362
          ],
          [
            75.258897,
            26.8838318
          ],
          [
            75.2591035,
            26.8815298
          ],
          [
            75.2591463,
            26.8811231
          ],
          [
            75.2591943,
            26.8807733
          ],
          [
            75.2592705,
            26.8803607
          ],
          [
            75.259332,
            26.8800448
          ],
          [
            75.2594042,
            26.8797324
          ],
          [
            75.2604355,
            26.8757911
          ]
        ]
      },
      "id": "way/808936598"
    },
    {
      "type": "Feature",
      "properties": {
        "@id": "way/808936599",
        "electrified": "contact_line",
        "frequency": "50",
        "gauge": "1676",
        "name": "Dedicated Freight Corridor",
        "railway": "rail",
        "railway:traffic_mode": "freight",
        "usage": "main",
        "voltage": "25000"
      },
      "geometry": {
        "type": "LineString",
        "coordinates": [
          [
            75.2208332,
            26.8386644
          ],
          [
            75.2209915,
            26.8389564
          ],
          [
            75.2222648,
            26.841289
          ],
          [
            75.2224379,
            26.8416539
          ],
          [
            75.2225733,
            26.8419507
          ],
          [
            75.2227061,
            26.8422571
          ],
          [
            75.2228267,
            26.8425933
          ],
          [
            75.2229314,
            26.8429415
          ],
          [
            75.223268,
            26.8440878
          ],
          [
            75.2233833,
            26.8444444
          ],
          [
            75.223492,
            26.8447795
          ],
          [
            75.2236542,
            26.8451755
          ],
          [
            75.2238916,
            26.8456673
          ],
          [
            75.2366714,
            26.8691529
          ]
        ]
      },
      "id": "way/808936599"
    },
    {
      "type": "Feature",
      "properties": {
        "@id": "way/808936600",
        "electrified": "contact_line",
        "frequency": "50",
        "gauge": "1676",
        "name": "Dedicated Freight Corridor",
        "railway": "rail",
        "railway:traffic_mode": "freight",
        "service": "yard",
        "voltage": "25000"
      },
      "geometry": {
        "type": "LineString",
        "coordinates": [
          [
            75.2166344,
            26.8308851
          ],
          [
            75.2168909,
            26.8312382
          ]
        ]
      },
      "id": "way/808936600"
    },
    {
      "type": "Feature",
      "properties": {
        "@id": "way/808936601",
        "electrified": "contact_line",
        "frequency": "50",
        "gauge": "1676",
        "name": "Dedicated Freight Corridor",
        "railway": "rail",
        "railway:traffic_mode": "freight",
        "service": "yard",
        "voltage": "25000"
      },
      "geometry": {
        "type": "LineString",
        "coordinates": [
          [
            75.216179,
            26.8301676
          ],
          [
            75.2164878,
            26.8306074
          ]
        ]
      },
      "id": "way/808936601"
    },
    {
      "type": "Feature",
      "properties": {
        "@id": "way/808936603",
        "electrified": "contact_line",
        "frequency": "50",
        "gauge": "1676",
        "name": "Dedicated Freight Corridor",
        "railway": "rail",
        "railway:traffic_mode": "freight",
        "service": "siding",
        "voltage": "25000"
      },
      "geometry": {
        "type": "LineString",
        "coordinates": [
          [
            75.216592,
            26.8301576
          ],
          [
            75.2163333,
            26.8297823
          ]
        ]
      },
      "id": "way/808936603"
    },
    {
      "type": "Feature",
      "properties": {
        "@id": "way/808936604",
        "electrified": "contact_line",
        "frequency": "50",
        "gauge": "1676",
        "name": "Dedicated Freight Corridor",
        "railway": "rail",
        "railway:traffic_mode": "freight",
        "service": "yard",
        "voltage": "25000"
      },
      "geometry": {
        "type": "LineString",
        "coordinates": [
          [
            75.2161312,
            26.8294411
          ],
          [
            75.2158572,
            26.8290589
          ]
        ]
      },
      "id": "way/808936604"
    },
    {
      "type": "Feature",
      "properties": {
        "@id": "way/808936605",
        "electrified": "contact_line",
        "frequency": "50",
        "gauge": "1676",
        "name": "Dedicated Freight Corridor",
        "railway": "rail",
        "railway:traffic_mode": "freight",
        "service": "siding",
        "voltage": "25000"
      },
      "geometry": {
        "type": "LineString",
        "coordinates": [
          [
            75.2157508,
            26.8294797
          ],
          [
            75.2160297,
            26.8298933
          ]
        ]
      },
      "id": "way/808936605"
    },
    {
      "type": "Feature",
      "properties": {
        "@id": "way/808936606",
        "electrified": "contact_line",
        "frequency": "50",
        "gauge": "1676",
        "name": "Dedicated Freight Corridor",
        "railway": "rail",
        "railway:traffic_mode": "freight",
        "service": "yard",
        "voltage": "25000"
      },
      "geometry": {
        "type": "LineString",
        "coordinates": [
          [
            75.2153033,
            26.8288231
          ],
          [
            75.21557,
            26.8291756
          ]
        ]
      },
      "id": "way/808936606"
    },
    {
      "type": "Feature",
      "properties": {
        "@id": "way/808936608",
        "electrified": "contact_line",
        "frequency": "50",
        "gauge": "1676",
        "name": "Dedicated Freight Corridor",
        "railway": "rail",
        "railway:traffic_mode": "freight",
        "service": "yard",
        "voltage": "25000"
      },
      "geometry": {
        "type": "LineString",
        "coordinates": [
          [
            75.2146446,
            26.8275893
          ],
          [
            75.2153033,
            26.8288231
          ],
          [
            75.2159643,
            26.8300235
          ]
        ]
      },
      "id": "way/808936608"
    },
    {
      "type": "Feature",
      "properties": {
        "@id": "way/808936609",
        "electrified": "contact_line",
        "frequency": "50",
        "gauge": "1676",
        "name": "Dedicated Freight Corridor",
        "railway": "rail",
        "railway:traffic_mode": "freight",
        "service": "yard",
        "voltage": "25000"
      },
      "geometry": {
        "type": "LineString",
        "coordinates": [
          [
            75.2095458,
            26.8179095
          ],
          [
            75.2099872,
            26.8187263
          ],
          [
            75.2105302,
            26.8197311
          ],
          [
            75.2107084,
            26.8200609
          ]
        ]
      },
      "id": "way/808936609"
    },
    {
      "type": "Feature",
      "properties": {
        "@id": "way/808936610",
        "electrified": "contact_line",
        "frequency": "50",
        "gauge": "1676",
        "name": "Dedicated Freight Corridor",
        "railway": "rail",
        "railway:traffic_mode": "freight",
        "service": "siding",
        "voltage": "25000"
      },
      "geometry": {
        "type": "LineString",
        "coordinates": [
          [
            75.2206951,
            26.8379242
          ],
          [
            75.2203161,
            26.8370835
          ],
          [
            75.2167427,
            26.8304134
          ],
          [
            75.216592,
            26.8301576
          ],
          [
            75.2124853,
            26.8226719
          ]
        ]
      },
      "id": "way/808936610"
    },
    {
      "type": "Feature",
      "properties": {
        "@id": "way/808936611",
        "electrified": "contact_line",
        "frequency": "50",
        "gauge": "1676",
        "name": "Dedicated Freight Corridor",
        "railway": "rail",
        "railway:traffic_mode": "freight",
        "voltage": "25000"
      },
      "geometry": {
        "type": "LineString",
        "coordinates": [
          [
            75.2212442,
            26.8390532
          ],
          [
            75.2209041,
            26.8382881
          ],
          [
            75.2206951,
            26.8379242
          ],
          [
            75.2163333,
            26.8297823
          ],
          [
            75.2161312,
            26.8294411
          ],
          [
            75.2121301,
            26.8221505
          ],
          [
            75.2117826,
            26.8215108
          ]
        ]
      },
      "id": "way/808936611"
    },
    {
      "type": "Feature",
      "properties": {
        "@id": "way/808936612",
        "electrified": "contact_line",
        "frequency": "50",
        "gauge": "1676",
        "name": "Western Dedicated Freight Corridor",
        "railway": "rail",
        "railway:traffic_mode": "freight",
        "usage": "main",
        "voltage": "25000"
      },
      "geometry": {
        "type": "LineString",
        "coordinates": [
          [
            75.2603764,
            26.8757798
          ],
          [
            75.259345,
            26.8797213
          ],
          [
            75.2592726,
            26.8800347
          ],
          [
            75.2592109,
            26.8803517
          ],
          [
            75.2591345,
            26.8807656
          ],
          [
            75.2590862,
            26.8811173
          ],
          [
            75.2590433,
            26.8815252
          ],
          [
            75.2588367,
            26.8838278
          ],
          [
            75.2587388,
            26.8851328
          ],
          [
            75.258716,
            26.8854833
          ],
          [
            75.2587053,
            26.8858517
          ],
          [
            75.2587053,
            26.8862572
          ],
          [
            75.258716,
            26.8866651
          ],
          [
            75.2587415,
            26.8870766
          ],
          [
            75.2587697,
            26.8874366
          ],
          [
            75.2588126,
            26.8878337
          ],
          [
            75.2588676,
            26.888238
          ],
          [
            75.2589333,
            26.8886459
          ],
          [
            75.2590111,
            26.8890418
          ],
          [
            75.2590942,
            26.8894054
          ],
          [
            75.2591935,
            26.8898049
          ],
          [
            75.2593102,
            26.8901984
          ],
          [
            75.2594376,
            26.8906003
          ],
          [
            75.2595596,
            26.8909316
          ],
          [
            75.2597044,
            26.8913144
          ],
          [
            75.2598399,
            26.891672
          ],
          [
            75.2600089,
            26.892044
          ],
          [
            75.2601711,
            26.8924148
          ],
          [
            75.2603589,
            26.8927796
          ],
          [
            75.2647242,
            26.9011972
          ],
          [
            75.2649334,
            26.9015967
          ],
          [
            75.2651319,
            26.9020009
          ],
          [
            75.2653089,
            26.902386
          ],
          [
            75.2723014,
            26.9159307
          ],
          [
            75.2741441,
            26.9196712
          ],
          [
            75.2794898,
            26.9300191
          ],
          [
            75.2799779,
            26.9310091
          ],
          [
            75.2804393,
            26.9321641
          ],
          [
            75.2812439,
            26.9342827
          ],
          [
            75.2826494,
            26.9379796
          ],
          [
            75.2828371,
            26.9385367
          ],
          [
            75.2830195,
            26.9390963
          ],
          [
            75.2831376,
            26.9397275
          ],
          [
            75.2831858,
            26.9403205
          ],
          [
            75.2831724,
            26.9408705
          ],
          [
            75.2831134,
            26.9413894
          ],
          [
            75.2829847,
            26.9420063
          ],
          [
            75.2813271,
            26.9483341
          ],
          [
            75.2811956,
            26.9488267
          ],
          [
            75.2800208,
            26.9533132
          ],
          [
            75.2781808,
            26.9602991
          ],
          [
            75.2762362,
            26.9675403
          ],
          [
            75.2758661,
            26.9689053
          ],
          [
            75.2754316,
            26.9705499
          ],
          [
            75.2748388,
            26.972754
          ],
          [
            75.271769,
            26.9841654
          ],
          [
            75.2708852,
            26.9874256
          ],
          [
            75.2707672,
            26.9879299
          ],
          [
            75.270676,
            26.9884963
          ],
          [
            75.2706411,
            26.9889982
          ],
          [
            75.270668,
            26.9897033
          ],
          [
            75.270794,
            26.9903845
          ],
          [
            75.2709389,
            26.9909486
          ],
          [
            75.2711776,
            26.9915795
          ],
          [
            75.2728727,
            26.9956616
          ],
          [
            75.2748066,
            27.0003363
          ],
          [
            75.2771375,
            27.0058974
          ],
          [
            75.2878234,
            27.0316534
          ],
          [
            75.2901113,
            27.0371819
          ],
          [
            75.2905941,
            27.0382331
          ],
          [
            75.2910984,
            27.0392174
          ],
          [
            75.2915865,
            27.0401873
          ],
          [
            75.300761,
            27.0581047
          ]
        ]
      },
      "id": "way/808936612"
    },
    {
      "type": "Feature",
      "properties": {
        "@id": "way/809041309",
        "bridge": "yes",
        "electrified": "contact_line",
        "frequency": "50",
        "gauge": "1676",
        "layer": "1",
        "name": "Western Dedicated Freight Corridor",
        "railway": "rail",
        "railway:traffic_mode": "freight",
        "usage": "main",
        "voltage": "25000"
      },
      "geometry": {
        "type": "LineString",
        "coordinates": [
          [
            75.1423684,
            26.7661529
          ],
          [
            75.141738,
            26.765547
          ]
        ]
      },
      "id": "way/809041309"
    },
    {
      "type": "Feature",
      "properties": {
        "@id": "way/809041310",
        "electrified": "contact_line",
        "frequency": "50",
        "gauge": "1676",
        "name": "Western Dedicated Freight Corridor",
        "railway": "rail",
        "railway:traffic_mode": "freight",
        "usage": "main",
        "voltage": "25000"
      },
      "geometry": {
        "type": "LineString",
        "coordinates": [
          [
            75.141738,
            26.765547
          ],
          [
            75.1400159,
            26.7639051
          ],
          [
            75.1392881,
            26.7632218
          ],
          [
            75.1385785,
            26.7626002
          ],
          [
            75.1379969,
            26.7621241
          ],
          [
            75.1374125,
            26.7617081
          ],
          [
            75.1367855,
            26.7612901
          ],
          [
            75.1362067,
            26.760944
          ],
          [
            75.1355005,
            26.7605507
          ],
          [
            75.0931527,
            26.7382699
          ],
          [
            75.0753335,
            26.7288507
          ],
          [
            75.0751506,
            26.728754
          ],
          [
            75.074532,
            26.7284303
          ],
          [
            75.0643182,
            26.7230277
          ],
          [
            75.0572405,
            26.7193029
          ],
          [
            75.0554704,
            26.7183646
          ],
          [
            75.0509416,
            26.7159634
          ],
          [
            75.0508207,
            26.7158994
          ],
          [
            74.9815835,
            26.6793086
          ],
          [
            74.9656112,
            26.6708356
          ],
          [
            74.9410567,
            26.6578086
          ],
          [
            74.940602,
            26.6575597
          ],
          [
            74.9400448,
            26.6572173
          ],
          [
            74.9395471,
            26.656885
          ],
          [
            74.9390813,
            26.6565476
          ],
          [
            74.9385827,
            26.6561739
          ],
          [
            74.935726,
            26.6540259
          ],
          [
            74.9240266,
            26.6453184
          ],
          [
            74.9195022,
            26.6419488
          ]
        ]
      },
      "id": "way/809041310"
    },
    {
      "type": "Feature",
      "properties": {
        "@id": "way/809041311",
        "bridge": "yes",
        "electrified": "contact_line",
        "frequency": "50",
        "gauge": "1676",
        "layer": "1",
        "name": "Western Dedicated Freight Corridor",
        "railway": "rail",
        "railway:traffic_mode": "freight",
        "usage": "main",
        "voltage": "25000"
      },
      "geometry": {
        "type": "LineString",
        "coordinates": [
          [
            75.1416953,
            26.7655886
          ],
          [
            75.1423229,
            26.7661849
          ]
        ]
      },
      "id": "way/809041311"
    },
    {
      "type": "Feature",
      "properties": {
        "@id": "way/809041312",
        "electrified": "contact_line",
        "frequency": "50",
        "gauge": "1676",
        "name": "Western Dedicated Freight Corridor",
        "railway": "rail",
        "railway:traffic_mode": "freight",
        "usage": "main",
        "voltage": "25000"
      },
      "geometry": {
        "type": "LineString",
        "coordinates": [
          [
            74.919483,
            26.6420026
          ],
          [
            74.9240027,
            26.6453473
          ],
          [
            74.9357003,
            26.6540535
          ],
          [
            74.9385568,
            26.6562014
          ],
          [
            74.9390557,
            26.6565753
          ],
          [
            74.9395224,
            26.6569133
          ],
          [
            74.9400213,
            26.6572465
          ],
          [
            74.9405792,
            26.6575893
          ],
          [
            74.9410245,
            26.657841
          ],
          [
            74.9815567,
            26.6793589
          ],
          [
            75.0507966,
            26.7159282
          ],
          [
            75.0509198,
            26.7159934
          ],
          [
            75.0561996,
            26.7188136
          ],
          [
            75.0564398,
            26.7189403
          ],
          [
            75.0568567,
            26.7191634
          ],
          [
            75.0670181,
            26.7245054
          ],
          [
            75.073586,
            26.7279807
          ],
          [
            75.0760291,
            26.7292734
          ],
          [
            75.0931232,
            26.7383178
          ],
          [
            75.1354685,
            26.7605965
          ],
          [
            75.136174,
            26.7609892
          ],
          [
            75.1367506,
            26.7613341
          ],
          [
            75.1373756,
            26.7617508
          ],
          [
            75.1379576,
            26.7621651
          ],
          [
            75.138537,
            26.7626393
          ],
          [
            75.1392451,
            26.7632596
          ],
          [
            75.139972,
            26.7639421
          ],
          [
            75.1416953,
            26.7655886
          ]
        ]
      },
      "id": "way/809041312"
    },
    {
      "type": "Feature",
      "properties": {
        "@id": "way/809041316",
        "electrified": "contact_line",
        "frequency": "50",
        "gauge": "1676",
        "name": "Western Dedicated Freight Corridor",
        "passenger_lines": "2",
        "railway": "rail",
        "railway:traffic_mode": "freight",
        "usage": "main",
        "voltage": "25000"
      },
      "geometry": {
        "type": "LineString",
        "coordinates": [
          [
            75.1666168,
            26.7812435
          ],
          [
            75.150529,
            26.7723069
          ],
          [
            75.1494785,
            26.7717159
          ],
          [
            75.1485172,
            26.7711398
          ],
          [
            75.1476526,
            26.7705781
          ],
          [
            75.1466859,
            26.7699064
          ],
          [
            75.1458268,
            26.7692636
          ],
          [
            75.1448764,
            26.7684867
          ],
          [
            75.1442341,
            26.7679228
          ],
          [
            75.1435994,
            26.7673274
          ],
          [
            75.1423684,
            26.7661529
          ]
        ]
      },
      "id": "way/809041316"
    },
    {
      "type": "Feature",
      "properties": {
        "@id": "way/809041317",
        "bridge": "yes",
        "electrified": "contact_line",
        "frequency": "50",
        "gauge": "1676",
        "layer": "1",
        "name": "Western Dedicated Freight Corridor",
        "passenger_lines": "2",
        "railway": "rail",
        "railway:traffic_mode": "freight",
        "usage": "main",
        "voltage": "25000"
      },
      "geometry": {
        "type": "LineString",
        "coordinates": [
          [
            75.166814,
            26.7813537
          ],
          [
            75.1666168,
            26.7812435
          ]
        ]
      },
      "id": "way/809041317"
    },
    {
      "type": "Feature",
      "properties": {
        "@id": "way/809041318",
        "bridge": "yes",
        "electrified": "contact_line",
        "frequency": "50",
        "gauge": "1676",
        "layer": "1",
        "name": "Western Dedicated Freight Corridor",
        "railway": "rail",
        "railway:traffic_mode": "freight",
        "usage": "main",
        "voltage": "25000"
      },
      "geometry": {
        "type": "LineString",
        "coordinates": [
          [
            75.1665848,
            26.7812892
          ],
          [
            75.166782,
            26.7813993
          ]
        ]
      },
      "id": "way/809041318"
    },
    {
      "type": "Feature",
      "properties": {
        "@id": "way/809041319",
        "electrified": "contact_line",
        "frequency": "50",
        "gauge": "1676",
        "name": "Western Dedicated Freight Corridor",
        "passenger_lines": "2",
        "railway": "rail",
        "railway:traffic_mode": "freight",
        "usage": "main",
        "voltage": "25000"
      },
      "geometry": {
        "type": "LineString",
        "coordinates": [
          [
            75.1423229,
            26.7661849
          ],
          [
            75.1435554,
            26.7673643
          ],
          [
            75.1441911,
            26.7679606
          ],
          [
            75.1448348,
            26.7685258
          ],
          [
            75.145787,
            26.7693041
          ],
          [
            75.146648,
            26.7699483
          ],
          [
            75.1476163,
            26.7706212
          ],
          [
            75.1484826,
            26.771184
          ],
          [
            75.1494455,
            26.7717611
          ],
          [
            75.150497,
            26.7723526
          ],
          [
            75.1665848,
            26.7812892
          ]
        ]
      },
      "id": "way/809041319"
    },
    {
      "type": "Feature",
      "properties": {
        "@id": "way/809056023",
        "bridge": "yes",
        "electrified": "contact_line",
        "frequency": "50",
        "gauge": "1676",
        "layer": "1",
        "name": "Western Dedicated Freight Corridor",
        "railway": "rail",
        "railway:traffic_mode": "freight",
        "usage": "main",
        "voltage": "25000"
      },
      "geometry": {
        "type": "LineString",
        "coordinates": [
          [
            74.8674792,
            26.5974385
          ],
          [
            74.8673898,
            26.5972995
          ]
        ]
      },
      "id": "way/809056023"
    },
    {
      "type": "Feature",
      "properties": {
        "@id": "way/809056024",
        "electrified": "contact_line",
        "frequency": "50",
        "gauge": "1676",
        "name": "Western Dedicated Freight Corridor",
        "railway": "rail",
        "railway:traffic_mode": "freight",
        "usage": "main",
        "voltage": "25000"
      },
      "geometry": {
        "type": "LineString",
        "coordinates": [
          [
            74.8752929,
            26.6095168
          ],
          [
            74.8750224,
            26.6092714
          ],
          [
            74.8747038,
            26.6089257
          ],
          [
            74.8744355,
            26.6085976
          ],
          [
            74.8741792,
            26.6082455
          ],
          [
            74.8739344,
            26.6078664
          ],
          [
            74.8689105,
            26.5996649
          ],
          [
            74.8674792,
            26.5974385
          ]
        ]
      },
      "id": "way/809056024"
    },
    {
      "type": "Feature",
      "properties": {
        "@id": "way/809056025",
        "electrified": "contact_line",
        "frequency": "50",
        "gauge": "1676",
        "name": "Western Dedicated Freight Corridor",
        "railway": "rail",
        "railway:traffic_mode": "freight",
        "usage": "main",
        "voltage": "25000"
      },
      "geometry": {
        "type": "LineString",
        "coordinates": [
          [
            74.8674301,
            26.5974642
          ],
          [
            74.8688564,
            26.5996727
          ],
          [
            74.8738995,
            26.6078842
          ],
          [
            74.8741449,
            26.6082643
          ],
          [
            74.8744024,
            26.608618
          ],
          [
            74.874672,
            26.6089478
          ],
          [
            74.8749925,
            26.6092955
          ],
          [
            74.8752648,
            26.6095425
          ]
        ]
      },
      "id": "way/809056025"
    },
    {
      "type": "Feature",
      "properties": {
        "@id": "way/809056026",
        "bridge": "yes",
        "electrified": "contact_line",
        "frequency": "50",
        "gauge": "1676",
        "layer": "1",
        "name": "Western Dedicated Freight Corridor",
        "railway": "rail",
        "railway:traffic_mode": "freight",
        "usage": "main",
        "voltage": "25000"
      },
      "geometry": {
        "type": "LineString",
        "coordinates": [
          [
            74.8673362,
            26.5973187
          ],
          [
            74.8674301,
            26.5974642
          ]
        ]
      },
      "id": "way/809056026"
    },
    {
      "type": "Feature",
      "properties": {
        "@id": "way/809056027",
        "bridge": "yes",
        "electrified": "contact_line",
        "frequency": "50",
        "gauge": "1676",
        "layer": "1",
        "passenger_lines": "2",
        "railway": "rail",
        "usage": "main",
        "voltage": "25000"
      },
      "geometry": {
        "type": "LineString",
        "coordinates": [
          [
            74.8672881,
            26.597533
          ],
          [
            74.8672242,
            26.5974307
          ]
        ]
      },
      "id": "way/809056027"
    },
    {
      "type": "Feature",
      "properties": {
        "@id": "way/809056028",
        "electrified": "contact_line",
        "frequency": "50",
        "gauge": "1676",
        "passenger_lines": "2",
        "railway": "rail",
        "usage": "main",
        "voltage": "25000"
      },
      "geometry": {
        "type": "LineString",
        "coordinates": [
          [
            74.8750888,
            26.609564
          ],
          [
            74.8748142,
            26.6092775
          ],
          [
            74.8745351,
            26.6089478
          ],
          [
            74.8743381,
            26.6087044
          ],
          [
            74.8741551,
            26.608439
          ],
          [
            74.8738647,
            26.60799
          ],
          [
            74.8708085,
            26.6031898
          ],
          [
            74.8672881,
            26.597533
          ]
        ]
      },
      "id": "way/809056028"
    },
    {
      "type": "Feature",
      "properties": {
        "@id": "way/809056029",
        "electrified": "contact_line",
        "frequency": "50",
        "gauge": "1676",
        "passenger_lines": "2",
        "railway": "rail",
        "usage": "main",
        "voltage": "25000"
      },
      "geometry": {
        "type": "LineString",
        "coordinates": [
          [
            74.867245,
            26.5975551
          ],
          [
            74.8707341,
            26.6031648
          ],
          [
            74.8737985,
            26.6080044
          ],
          [
            74.8741134,
            26.6084753
          ],
          [
            74.8742884,
            26.6087223
          ],
          [
            74.8745081,
            26.6089973
          ],
          [
            74.8747645,
            26.6093039
          ],
          [
            74.8750393,
            26.6095917
          ]
        ]
      },
      "id": "way/809056029"
    },
    {
      "type": "Feature",
      "properties": {
        "@id": "way/809056030",
        "bridge": "yes",
        "electrified": "contact_line",
        "frequency": "50",
        "gauge": "1676",
        "layer": "1",
        "passenger_lines": "2",
        "railway": "rail",
        "usage": "main",
        "voltage": "25000"
      },
      "geometry": {
        "type": "LineString",
        "coordinates": [
          [
            74.8671821,
            26.5974543
          ],
          [
            74.867245,
            26.5975551
          ]
        ]
      },
      "id": "way/809056030"
    },
    {
      "type": "Feature",
      "properties": {
        "@id": "way/809056031",
        "electrified": "contact_line",
        "frequency": "50",
        "gauge": "1676",
        "name": "Western Dedicated Freight Corridor",
        "railway": "rail",
        "railway:traffic_mode": "freight",
        "usage": "main",
        "voltage": "25000"
      },
      "geometry": {
        "type": "LineString",
        "coordinates": [
          [
            74.8673898,
            26.5972995
          ],
          [
            74.8659871,
            26.5952439
          ],
          [
            74.865941,
            26.5951763
          ],
          [
            74.8655212,
            26.5945941
          ],
          [
            74.8652787,
            26.5943001
          ],
          [
            74.8650039,
            26.5939894
          ],
          [
            74.864694,
            26.5936785
          ],
          [
            74.8644081,
            26.5934204
          ],
          [
            74.8640577,
            26.5931384
          ],
          [
            74.8619108,
            26.5916122
          ],
          [
            74.8615208,
            26.5913404
          ],
          [
            74.8611792,
            26.5911288
          ],
          [
            74.8607731,
            26.5908899
          ],
          [
            74.8603163,
            26.5906485
          ],
          [
            74.8598839,
            26.5904437
          ],
          [
            74.8594016,
            26.5902497
          ],
          [
            74.8588525,
            26.5900584
          ],
          [
            74.8584054,
            26.5899259
          ],
          [
            74.8579138,
            26.589803
          ],
          [
            74.8574507,
            26.5897152
          ],
          [
            74.8568719,
            26.5896191
          ],
          [
            74.8541362,
            26.5891946
          ],
          [
            74.8534699,
            26.5890809
          ],
          [
            74.8529515,
            26.5889614
          ],
          [
            74.8523434,
            26.5887977
          ],
          [
            74.8518426,
            26.5886305
          ],
          [
            74.8514032,
            26.5884609
          ],
          [
            74.8509474,
            26.5882601
          ],
          [
            74.8505792,
            26.5880841
          ],
          [
            74.8341822,
            26.5797167
          ],
          [
            74.8313189,
            26.5783099
          ],
          [
            74.8280242,
            26.5766117
          ],
          [
            74.8187517,
            26.5718823
          ],
          [
            74.8167538,
            26.5708714
          ],
          [
            74.8161473,
            26.5705469
          ],
          [
            74.8154552,
            26.570147
          ],
          [
            74.81483,
            26.5697591
          ],
          [
            74.8143438,
            26.5694368
          ],
          [
            74.8138463,
            26.5690866
          ],
          [
            74.802674,
            26.5605266
          ],
          [
            74.8013354,
            26.5595009
          ],
          [
            74.7987192,
            26.5574964
          ],
          [
            74.7983409,
            26.5572028
          ],
          [
            74.7894958,
            26.5504958
          ],
          [
            74.7834487,
            26.5459198
          ],
          [
            74.7811293,
            26.544152
          ],
          [
            74.7787358,
            26.5424179
          ],
          [
            74.7618315,
            26.5296036
          ],
          [
            74.75222,
            26.5223066
          ]
        ]
      },
      "id": "way/809056031"
    },
    {
      "type": "Feature",
      "properties": {
        "@id": "way/809056032",
        "electrified": "contact_line",
        "frequency": "50",
        "gauge": "1676",
        "name": "Western Dedicated Freight Corridor",
        "railway": "rail",
        "railway:traffic_mode": "freight",
        "usage": "main",
        "voltage": "25000"
      },
      "geometry": {
        "type": "LineString",
        "coordinates": [
          [
            74.7521756,
            26.5223392
          ],
          [
            74.761802,
            26.5296348
          ],
          [
            74.7786955,
            26.5424522
          ],
          [
            74.7810911,
            26.5441898
          ],
          [
            74.7828865,
            26.5455586
          ],
          [
            74.7833644,
            26.545923
          ],
          [
            74.7912944,
            26.5519344
          ],
          [
            74.7980926,
            26.5570801
          ],
          [
            74.8012654,
            26.5595131
          ],
          [
            74.80263,
            26.5605595
          ],
          [
            74.8138046,
            26.5691284
          ],
          [
            74.8143075,
            26.5694763
          ],
          [
            74.8147944,
            26.5698013
          ],
          [
            74.8154153,
            26.5701924
          ],
          [
            74.81611,
            26.570593
          ],
          [
            74.8167188,
            26.5709192
          ],
          [
            74.8186715,
            26.5719028
          ],
          [
            74.8279922,
            26.5766609
          ],
          [
            74.8312899,
            26.5783473
          ],
          [
            74.8341626,
            26.5797481
          ],
          [
            74.8505603,
            26.5881158
          ],
          [
            74.8509291,
            26.5882921
          ],
          [
            74.8513864,
            26.5884936
          ],
          [
            74.8518276,
            26.5886639
          ],
          [
            74.8523305,
            26.5888318
          ],
          [
            74.8529407,
            26.5889961
          ],
          [
            74.8534611,
            26.589116
          ],
          [
            74.854129,
            26.5892299
          ],
          [
            74.8568648,
            26.5896545
          ],
          [
            74.8574428,
            26.5897504
          ],
          [
            74.8579042,
            26.5898379
          ],
          [
            74.8583937,
            26.5899603
          ],
          [
            74.8588389,
            26.5900922
          ],
          [
            74.8593861,
            26.5902829
          ],
          [
            74.8598662,
            26.590476
          ],
          [
            74.8602967,
            26.5906798
          ],
          [
            74.8607527,
            26.5909209
          ],
          [
            74.8611563,
            26.5911583
          ],
          [
            74.861497,
            26.5913694
          ],
          [
            74.8618859,
            26.5916404
          ],
          [
            74.8640317,
            26.5931658
          ],
          [
            74.8643804,
            26.5934465
          ],
          [
            74.8646647,
            26.5937031
          ],
          [
            74.8649731,
            26.5940125
          ],
          [
            74.8652467,
            26.5943219
          ],
          [
            74.8654881,
            26.5946145
          ],
          [
            74.8659065,
            26.5951949
          ],
          [
            74.8659521,
            26.5952626
          ],
          [
            74.8673362,
            26.5973187
          ]
        ]
      },
      "id": "way/809056032"
    },
    {
      "type": "Feature",
      "properties": {
        "@id": "way/809056033",
        "electrified": "contact_line",
        "frequency": "50",
        "gauge": "1676",
        "passenger_lines": "2",
        "railway": "rail",
        "usage": "main",
        "voltage": "25000"
      },
      "geometry": {
        "type": "LineString",
        "coordinates": [
          [
            74.8753265,
            26.6098782
          ],
          [
            74.8756562,
            26.6101688
          ],
          [
            74.8763822,
            26.6107227
          ],
          [
            74.8879836,
            26.6192609
          ],
          [
            74.8922058,
            26.6223374
          ],
          [
            74.8959471,
            26.6250633
          ],
          [
            74.919181,
            26.6420702
          ]
        ]
      },
      "id": "way/809056033"
    },
    {
      "type": "Feature",
      "properties": {
        "@id": "way/809056034",
        "bridge": "yes",
        "electrified": "contact_line",
        "frequency": "50",
        "gauge": "1676",
        "layer": "1",
        "passenger_lines": "2",
        "railway": "rail",
        "usage": "main",
        "voltage": "25000"
      },
      "geometry": {
        "type": "LineString",
        "coordinates": [
          [
            74.8750393,
            26.6095917
          ],
          [
            74.8753265,
            26.6098782
          ]
        ]
      },
      "id": "way/809056034"
    },
    {
      "type": "Feature",
      "properties": {
        "@id": "way/809056035",
        "bridge": "yes",
        "electrified": "contact_line",
        "frequency": "50",
        "gauge": "1676",
        "layer": "1",
        "passenger_lines": "2",
        "railway": "rail",
        "usage": "main",
        "voltage": "25000"
      },
      "geometry": {
        "type": "LineString",
        "coordinates": [
          [
            74.8753573,
            26.6098387
          ],
          [
            74.8750888,
            26.609564
          ]
        ]
      },
      "id": "way/809056035"
    },
    {
      "type": "Feature",
      "properties": {
        "@id": "way/809056036",
        "electrified": "contact_line",
        "frequency": "50",
        "gauge": "1676",
        "passenger_lines": "2",
        "railway": "rail",
        "usage": "main",
        "voltage": "25000"
      },
      "geometry": {
        "type": "LineString",
        "coordinates": [
          [
            74.919194,
            26.6420013
          ],
          [
            74.8959854,
            26.6250274
          ],
          [
            74.8881463,
            26.6192854
          ],
          [
            74.8764368,
            26.6106936
          ],
          [
            74.875695,
            26.6101314
          ],
          [
            74.8753573,
            26.6098387
          ]
        ]
      },
      "id": "way/809056036"
    },
    {
      "type": "Feature",
      "properties": {
        "@id": "way/809056037",
        "bridge": "yes",
        "electrified": "contact_line",
        "frequency": "50",
        "gauge": "1676",
        "layer": "1",
        "name": "Western Dedicated Freight Corridor",
        "railway": "rail",
        "railway:traffic_mode": "freight",
        "usage": "main",
        "voltage": "25000"
      },
      "geometry": {
        "type": "LineString",
        "coordinates": [
          [
            74.8754394,
            26.6096407
          ],
          [
            74.8752929,
            26.6095168
          ]
        ]
      },
      "id": "way/809056037"
    },
    {
      "type": "Feature",
      "properties": {
        "@id": "way/809056038",
        "electrified": "contact_line",
        "frequency": "50",
        "gauge": "1676",
        "name": "Western Dedicated Freight Corridor",
        "railway": "rail",
        "railway:traffic_mode": "freight",
        "usage": "main",
        "voltage": "25000"
      },
      "geometry": {
        "type": "LineString",
        "coordinates": [
          [
            74.9192385,
            26.6417524
          ],
          [
            74.9059781,
            26.632129
          ],
          [
            74.8759279,
            26.6100272
          ],
          [
            74.8754394,
            26.6096407
          ]
        ]
      },
      "id": "way/809056038"
    },
    {
      "type": "Feature",
      "properties": {
        "@id": "way/809056039",
        "electrified": "contact_line",
        "frequency": "50",
        "gauge": "1676",
        "name": "Western Dedicated Freight Corridor",
        "railway": "rail",
        "railway:traffic_mode": "freight",
        "usage": "main",
        "voltage": "25000"
      },
      "geometry": {
        "type": "LineString",
        "coordinates": [
          [
            74.8754123,
            26.6096672
          ],
          [
            74.8759018,
            26.6100545
          ],
          [
            74.905944,
            26.6321666
          ],
          [
            74.9164814,
            26.639819
          ],
          [
            74.9192041,
            26.6417962
          ]
        ]
      },
      "id": "way/809056039"
    },
    {
      "type": "Feature",
      "properties": {
        "@id": "way/809056040",
        "bridge": "yes",
        "electrified": "contact_line",
        "frequency": "50",
        "gauge": "1676",
        "layer": "1",
        "name": "Western Dedicated Freight Corridor",
        "railway": "rail",
        "railway:traffic_mode": "freight",
        "usage": "main",
        "voltage": "25000"
      },
      "geometry": {
        "type": "LineString",
        "coordinates": [
          [
            74.8752648,
            26.6095425
          ],
          [
            74.8754123,
            26.6096672
          ]
        ]
      },
      "id": "way/809056040"
    },
    {
      "type": "Feature",
      "properties": {
        "@id": "way/809056041",
        "bridge": "yes",
        "electrified": "contact_line",
        "frequency": "50",
        "gauge": "1676",
        "layer": "1",
        "name": "Western Dedicated Freight Corridor",
        "railway": "rail",
        "railway:traffic_mode": "freight",
        "usage": "main",
        "voltage": "25000"
      },
      "geometry": {
        "type": "LineString",
        "coordinates": [
          [
            74.9195022,
            26.6419488
          ],
          [
            74.9192385,
            26.6417524
          ]
        ]
      },
      "id": "way/809056041"
    },
    {
      "type": "Feature",
      "properties": {
        "@id": "way/809056042",
        "bridge": "yes",
        "electrified": "contact_line",
        "frequency": "50",
        "gauge": "1676",
        "layer": "1",
        "name": "Western Dedicated Freight Corridor",
        "railway": "rail",
        "railway:traffic_mode": "freight",
        "usage": "main",
        "voltage": "25000"
      },
      "geometry": {
        "type": "LineString",
        "coordinates": [
          [
            74.9192041,
            26.6417962
          ],
          [
            74.919483,
            26.6420026
          ]
        ]
      },
      "id": "way/809056042"
    },
    {
      "type": "Feature",
      "properties": {
        "@id": "way/809056043",
        "bridge": "yes",
        "electrified": "contact_line",
        "frequency": "50",
        "gauge": "1676",
        "layer": "1",
        "passenger_lines": "2",
        "railway": "rail",
        "usage": "main",
        "voltage": "25000"
      },
      "geometry": {
        "type": "LineString",
        "coordinates": [
          [
            74.9194012,
            26.6421528
          ],
          [
            74.919194,
            26.6420013
          ]
        ]
      },
      "id": "way/809056043"
    },
    {
      "type": "Feature",
      "properties": {
        "@id": "way/809056044",
        "electrified": "contact_line",
        "frequency": "50",
        "gauge": "1676",
        "passenger_lines": "2",
        "railway": "rail",
        "usage": "main",
        "voltage": "25000"
      },
      "geometry": {
        "type": "LineString",
        "coordinates": [
          [
            75.1416312,
            26.7658071
          ],
          [
            75.1391056,
            26.7634382
          ],
          [
            75.138334,
            26.7627722
          ],
          [
            75.1376016,
            26.762213
          ],
          [
            75.1369144,
            26.7617438
          ],
          [
            75.136296,
            26.7613591
          ],
          [
            75.1351742,
            26.7607393
          ],
          [
            75.1341416,
            26.7602053
          ],
          [
            75.1209483,
            26.7532411
          ],
          [
            75.1127018,
            26.748902
          ],
          [
            75.1041589,
            26.74439
          ],
          [
            75.093816,
            26.7389593
          ],
          [
            75.0859876,
            26.7348194
          ],
          [
            75.0811433,
            26.7322253
          ],
          [
            75.0711843,
            26.7269566
          ],
          [
            75.0320999,
            26.7062821
          ],
          [
            75.0049379,
            26.6919153
          ],
          [
            74.9691964,
            26.67296
          ],
          [
            74.9408278,
            26.6579107
          ],
          [
            74.9398808,
            26.6572865
          ],
          [
            74.9373935,
            26.6554657
          ],
          [
            74.9308732,
            26.6507106
          ],
          [
            74.9245367,
            26.6459084
          ],
          [
            74.9194012,
            26.6421528
          ]
        ]
      },
      "id": "way/809056044"
    },
    {
      "type": "Feature",
      "properties": {
        "@id": "way/809056045",
        "electrified": "contact_line",
        "frequency": "50",
        "gauge": "1676",
        "passenger_lines": "2",
        "railway": "rail",
        "usage": "main",
        "voltage": "25000"
      },
      "geometry": {
        "type": "LineString",
        "coordinates": [
          [
            74.9193881,
            26.6422218
          ],
          [
            74.9244867,
            26.6459535
          ],
          [
            74.9308436,
            26.6507401
          ],
          [
            74.9371982,
            26.6553898
          ],
          [
            74.9398512,
            26.6573216
          ],
          [
            74.940802,
            26.6579631
          ],
          [
            74.9691471,
            26.6730372
          ],
          [
            75.004846,
            26.6919246
          ],
          [
            75.0320763,
            26.7063212
          ],
          [
            75.0810867,
            26.7322503
          ],
          [
            75.0856459,
            26.7346976
          ],
          [
            75.0936321,
            26.7389073
          ],
          [
            75.1041303,
            26.7444273
          ],
          [
            75.1126551,
            26.7489355
          ],
          [
            75.1209054,
            26.7532928
          ],
          [
            75.134079,
            26.7602347
          ],
          [
            75.1351057,
            26.760845
          ],
          [
            75.1361385,
            26.7615033
          ],
          [
            75.1367503,
            26.761895
          ],
          [
            75.137416,
            26.7623854
          ],
          [
            75.1381234,
            26.7629131
          ],
          [
            75.1392426,
            26.7638032
          ],
          [
            75.1407484,
            26.7651163
          ],
          [
            75.1415544,
            26.7658798
          ]
        ]
      },
      "id": "way/809056045"
    },
    {
      "type": "Feature",
      "properties": {
        "@id": "way/809056046",
        "bridge": "yes",
        "electrified": "contact_line",
        "frequency": "50",
        "gauge": "1676",
        "layer": "1",
        "passenger_lines": "2",
        "railway": "rail",
        "usage": "main",
        "voltage": "25000"
      },
      "geometry": {
        "type": "LineString",
        "coordinates": [
          [
            74.919181,
            26.6420702
          ],
          [
            74.9193267,
            26.6421769
          ],
          [
            74.9193881,
            26.6422218
          ]
        ]
      },
      "id": "way/809056046"
    },
    {
      "type": "Feature",
      "properties": {
        "@id": "way/809059756",
        "electrified": "no",
        "gauge": "1676",
        "railway": "rail",
        "service": "siding"
      },
      "geometry": {
        "type": "LineString",
        "coordinates": [
          [
            74.8284514,
            26.5771098
          ],
          [
            74.8278522,
            26.5767432
          ],
          [
            74.8209735,
            26.5732286
          ],
          [
            74.8203108,
            26.5729547
          ]
        ]
      },
      "id": "way/809059756"
    },
    {
      "type": "Feature",
      "properties": {
        "@id": "way/809059757",
        "electrified": "no",
        "gauge": "1676",
        "railway": "rail",
        "service": "yard"
      },
      "geometry": {
        "type": "LineString",
        "coordinates": [
          [
            74.819558,
            26.5727064
          ],
          [
            74.8209602,
            26.5734192
          ]
        ]
      },
      "id": "way/809059757"
    },
    {
      "type": "Feature",
      "properties": {
        "@id": "way/809059758",
        "electrified": "no",
        "gauge": "1676",
        "railway": "rail",
        "service": "yard"
      },
      "geometry": {
        "type": "LineString",
        "coordinates": [
          [
            74.8277085,
            26.5768492
          ],
          [
            74.8304303,
            26.5782441
          ]
        ]
      },
      "id": "way/809059758"
    },
    {
      "type": "Feature",
      "properties": {
        "@id": "way/809059759",
        "electrified": "no",
        "gauge": "1676",
        "railway": "rail",
        "service": "yard"
      },
      "geometry": {
        "type": "LineString",
        "coordinates": [
          [
            74.8287968,
            26.5772258
          ],
          [
            74.8278522,
            26.5767432
          ]
        ]
      },
      "id": "way/809059759"
    },
    {
      "type": "Feature",
      "properties": {
        "@id": "way/809059760",
        "electrified": "no",
        "gauge": "1676",
        "railway": "rail",
        "service": "crossover"
      },
      "geometry": {
        "type": "LineString",
        "coordinates": [
          [
            74.8201057,
            26.57285
          ],
          [
            74.8192962,
            26.5724972
          ]
        ]
      },
      "id": "way/809059760"
    },
    {
      "type": "Feature",
      "properties": {
        "@id": "way/809059761",
        "electrified": "no",
        "gauge": "1676",
        "railway": "rail",
        "service": "crossover"
      },
      "geometry": {
        "type": "LineString",
        "coordinates": [
          [
            74.8286662,
            26.5772202
          ],
          [
            74.829189,
            26.5775524
          ]
        ]
      },
      "id": "way/809059761"
    },
    {
      "type": "Feature",
      "properties": {
        "@id": "way/809059762",
        "electrified": "no",
        "gauge": "1676",
        "railway": "rail",
        "service": "siding"
      },
      "geometry": {
        "type": "LineString",
        "coordinates": [
          [
            74.8202956,
            26.5730087
          ],
          [
            74.8209602,
            26.5734192
          ],
          [
            74.8277085,
            26.5768492
          ],
          [
            74.8284121,
            26.5771544
          ]
        ]
      },
      "id": "way/809059762"
    },
    {
      "type": "Feature",
      "properties": {
        "@id": "way/809059763",
        "electrified": "no",
        "gauge": "1676",
        "railway": "rail",
        "service": "yard"
      },
      "geometry": {
        "type": "LineString",
        "coordinates": [
          [
            74.8209735,
            26.5732286
          ],
          [
            74.8169737,
            26.5711879
          ],
          [
            74.8163138,
            26.5708413
          ],
          [
            74.8158203,
            26.5705474
          ],
          [
            74.8156755,
            26.5704551
          ]
        ]
      },
      "id": "way/809059763"
    },
    {
      "type": "Feature",
      "properties": {
        "@id": "way/809069772",
        "electrified": "no",
        "gauge": "1676",
        "railway": "rail",
        "service": "yard"
      },
      "geometry": {
        "type": "LineString",
        "coordinates": [
          [
            74.776187,
            26.5406926
          ],
          [
            74.7753364,
            26.5400482
          ]
        ]
      },
      "id": "way/809069772"
    },
    {
      "type": "Feature",
      "properties": {
        "@id": "way/809069773",
        "electrified": "no",
        "gauge": "1676",
        "railway": "rail",
        "service": "siding"
      },
      "geometry": {
        "type": "LineString",
        "coordinates": [
          [
            74.7819303,
            26.5452346
          ],
          [
            74.7828466,
            26.5459282
          ]
        ]
      },
      "id": "way/809069773"
    },
    {
      "type": "Feature",
      "properties": {
        "@id": "way/809069774",
        "electrified": "no",
        "gauge": "1676",
        "railway": "rail",
        "service": "crossover"
      },
      "geometry": {
        "type": "LineString",
        "coordinates": [
          [
            74.7754085,
            26.5402357
          ],
          [
            74.7748566,
            26.5397477
          ]
        ]
      },
      "id": "way/809069774"
    },
    {
      "type": "Feature",
      "properties": {
        "@id": "way/809069775",
        "electrified": "no",
        "gauge": "1676",
        "railway": "rail",
        "service": "siding"
      },
      "geometry": {
        "type": "LineString",
        "coordinates": [
          [
            74.7827193,
            26.5456939
          ],
          [
            74.7823142,
            26.5453427
          ],
          [
            74.7821961,
            26.5452444
          ],
          [
            74.776187,
            26.5406926
          ],
          [
            74.7756768,
            26.5403696
          ]
        ]
      },
      "id": "way/809069775"
    },
    {
      "type": "Feature",
      "properties": {
        "@id": "way/809069776",
        "electrified": "no",
        "gauge": "1676",
        "railway": "rail",
        "service": "crossover"
      },
      "geometry": {
        "type": "LineString",
        "coordinates": [
          [
            74.7829881,
            26.5459671
          ],
          [
            74.7835796,
            26.5463465
          ]
        ]
      },
      "id": "way/809069776"
    },
    {
      "type": "Feature",
      "properties": {
        "@id": "way/809069777",
        "electrified": "no",
        "gauge": "1676",
        "railway": "rail",
        "service": "siding"
      },
      "geometry": {
        "type": "LineString",
        "coordinates": [
          [
            74.7756369,
            26.540409
          ],
          [
            74.7760445,
            26.5407669
          ],
          [
            74.7762027,
            26.5408989
          ],
          [
            74.7819303,
            26.5452346
          ],
          [
            74.7827036,
            26.5457513
          ]
        ]
      },
      "id": "way/809069777"
    },
    {
      "type": "Feature",
      "properties": {
        "@id": "way/809069781",
        "construction": "rail",
        "electrified": "contact_line",
        "frequency": "50",
        "gauge": "1676",
        "name": "Dedicated Freight Corridor",
        "railway": "rail",
        "railway:traffic_mode": "freight",
        "service": "yard",
        "voltage": "25000"
      },
      "geometry": {
        "type": "LineString",
        "coordinates": [
          [
            74.7994789,
            26.5579991
          ],
          [
            74.7978163,
            26.5567376
          ]
        ]
      },
      "id": "way/809069781"
    },
    {
      "type": "Feature",
      "properties": {
        "@id": "way/809069784",
        "construction": "rail",
        "electrified": "contact_line",
        "frequency": "50",
        "gauge": "1676",
        "name": "Dedicated Freight Corridor",
        "railway": "rail",
        "railway:traffic_mode": "freight",
        "service": "siding",
        "voltage": "25000"
      },
      "geometry": {
        "type": "LineString",
        "coordinates": [
          [
            74.7833644,
            26.545923
          ],
          [
            74.7838783,
            26.5463839
          ],
          [
            74.7906392,
            26.5515069
          ],
          [
            74.7912944,
            26.5519344
          ]
        ]
      },
      "id": "way/809069784"
    },
    {
      "type": "Feature",
      "properties": {
        "@id": "way/809069785",
        "construction": "rail",
        "electrified": "contact_line",
        "frequency": "50",
        "gauge": "1676",
        "name": "Dedicated Freight Corridor",
        "railway": "rail",
        "railway:traffic_mode": "freight",
        "service": "siding",
        "voltage": "25000"
      },
      "geometry": {
        "type": "LineString",
        "coordinates": [
          [
            74.7983409,
            26.5572028
          ],
          [
            74.7978163,
            26.5567376
          ],
          [
            74.7911086,
            26.5516476
          ],
          [
            74.790368,
            26.5510856
          ],
          [
            74.7894958,
            26.5504958
          ]
        ]
      },
      "id": "way/809069785"
    },
    {
      "type": "Feature",
      "properties": {
        "@id": "way/809090798",
        "electrified": "no",
        "gauge": "1676",
        "railway": "rail",
        "service": "yard"
      },
      "geometry": {
        "type": "LineString",
        "coordinates": [
          [
            74.6930489,
            26.4704698
          ],
          [
            74.6934749,
            26.4709655
          ]
        ]
      },
      "id": "way/809090798"
    },
    {
      "type": "Feature",
      "properties": {
        "@id": "way/809090799",
        "electrified": "no",
        "gauge": "1676",
        "railway": "rail",
        "service": "yard"
      },
      "geometry": {
        "type": "LineString",
        "coordinates": [
          [
            74.685874,
            26.4630552
          ],
          [
            74.6910211,
            26.4681912
          ],
          [
            74.691402,
            26.4685922
          ],
          [
            74.6917507,
            26.4689691
          ],
          [
            74.6921691,
            26.4694421
          ],
          [
            74.6927485,
            26.470136
          ],
          [
            74.6930489,
            26.4704698
          ],
          [
            74.6956734,
            26.4730929
          ],
          [
            74.6982913,
            26.4757195
          ]
        ]
      },
      "id": "way/809090799"
    },
    {
      "type": "Feature",
      "properties": {
        "@id": "way/809090800",
        "electrified": "no",
        "gauge": "1676",
        "railway": "rail",
        "service": "crossover"
      },
      "geometry": {
        "type": "LineString",
        "coordinates": [
          [
            74.6940264,
            26.4715923
          ],
          [
            74.6936444,
            26.4711371
          ]
        ]
      },
      "id": "way/809090800"
    },
    {
      "type": "Feature",
      "properties": {
        "@id": "way/809090803",
        "electrified": "contact_line",
        "frequency": "50",
        "gauge": "1676",
        "name": "Western Dedicated Freight Corridor",
        "railway": "rail",
        "railway:traffic_mode": "freight",
        "usage": "main",
        "voltage": "25000"
      },
      "geometry": {
        "type": "LineString",
        "coordinates": [
          [
            74.7229131,
            26.4991015
          ],
          [
            74.7170399,
            26.4941498
          ],
          [
            74.7165175,
            26.4937129
          ],
          [
            74.7159259,
            26.4931917
          ],
          [
            74.7152843,
            26.4925653
          ],
          [
            74.7023095,
            26.4795498
          ],
          [
            74.7021776,
            26.4794221
          ],
          [
            74.7005955,
            26.4779147
          ],
          [
            74.6993247,
            26.4766356
          ],
          [
            74.698919,
            26.4761901
          ],
          [
            74.6980665,
            26.4752289
          ],
          [
            74.6972788,
            26.474308
          ],
          [
            74.6900209,
            26.4652659
          ],
          [
            74.6896716,
            26.4648474
          ],
          [
            74.6893862,
            26.4645196
          ],
          [
            74.6890841,
            26.4641984
          ],
          [
            74.6887894,
            26.4639152
          ],
          [
            74.6885025,
            26.4636729
          ],
          [
            74.6881323,
            26.4633923
          ],
          [
            74.6876926,
            26.4631001
          ],
          [
            74.6866453,
            26.4624631
          ],
          [
            74.6845662,
            26.4612166
          ],
          [
            74.6841516,
            26.4609724
          ],
          [
            74.6837231,
            26.4606888
          ],
          [
            74.6832807,
            26.4603429
          ],
          [
            74.6828082,
            26.4599366
          ],
          [
            74.6820574,
            26.4592155
          ],
          [
            74.6816674,
            26.4588409
          ],
          [
            74.6798521,
            26.4569853
          ],
          [
            74.6789736,
            26.4560944
          ],
          [
            74.6787468,
            26.4558479
          ],
          [
            74.6785276,
            26.4555942
          ],
          [
            74.6782896,
            26.4552866
          ],
          [
            74.6780576,
            26.4549619
          ],
          [
            74.6778629,
            26.4545943
          ],
          [
            74.6776999,
            26.4542401
          ],
          [
            74.6762518,
            26.4506099
          ],
          [
            74.6760429,
            26.4500751
          ],
          [
            74.6759306,
            26.4497306
          ],
          [
            74.6758156,
            26.449309
          ],
          [
            74.6756951,
            26.4487745
          ],
          [
            74.6755101,
            26.4477733
          ],
          [
            74.6753706,
            26.4471055
          ],
          [
            74.6752364,
            26.4464234
          ],
          [
            74.6751613,
            26.4460748
          ],
          [
            74.6750778,
            26.4457109
          ],
          [
            74.674946,
            26.4453086
          ],
          [
            74.6747954,
            26.4448752
          ],
          [
            74.6746633,
            26.4445711
          ],
          [
            74.6744748,
            26.444195
          ],
          [
            74.6742674,
            26.4438429
          ],
          [
            74.673827,
            26.4431985
          ],
          [
            74.6736227,
            26.4429024
          ],
          [
            74.6733801,
            26.4425911
          ],
          [
            74.673068,
            26.4422538
          ],
          [
            74.6728901,
            26.442068
          ]
        ]
      },
      "id": "way/809090803"
    },
    {
      "type": "Feature",
      "properties": {
        "@id": "way/809090804",
        "electrified": "contact_line",
        "frequency": "50",
        "gauge": "1676",
        "name": "Western Dedicated Freight Corridor",
        "railway": "rail",
        "railway:traffic_mode": "freight",
        "usage": "main",
        "voltage": "25000"
      },
      "geometry": {
        "type": "LineString",
        "coordinates": [
          [
            74.6729263,
            26.4421742
          ],
          [
            74.673022,
            26.4422885
          ],
          [
            74.6733321,
            26.4426237
          ],
          [
            74.6735723,
            26.442932
          ],
          [
            74.6737757,
            26.4432267
          ],
          [
            74.6742151,
            26.4438696
          ],
          [
            74.6744207,
            26.4442187
          ],
          [
            74.6746077,
            26.4445919
          ],
          [
            74.6747385,
            26.444893
          ],
          [
            74.6748883,
            26.4453242
          ],
          [
            74.6750194,
            26.4457239
          ],
          [
            74.6751022,
            26.4460853
          ],
          [
            74.6751772,
            26.4464332
          ],
          [
            74.6753113,
            26.4471151
          ],
          [
            74.6754508,
            26.4477826
          ],
          [
            74.6756359,
            26.4487842
          ],
          [
            74.6757568,
            26.4493207
          ],
          [
            74.6758724,
            26.4497445
          ],
          [
            74.6759855,
            26.4500916
          ],
          [
            74.676195,
            26.4506278
          ],
          [
            74.6776437,
            26.4542594
          ],
          [
            74.6778079,
            26.4546161
          ],
          [
            74.6780048,
            26.4549881
          ],
          [
            74.6782395,
            26.4553165
          ],
          [
            74.678479,
            26.4556261
          ],
          [
            74.6786997,
            26.4558815
          ],
          [
            74.6789284,
            26.45613
          ],
          [
            74.6798068,
            26.4570209
          ],
          [
            74.6816227,
            26.4588771
          ],
          [
            74.6820272,
            26.4592656
          ],
          [
            74.6827653,
            26.4599745
          ],
          [
            74.6832401,
            26.4603827
          ],
          [
            74.6836853,
            26.4607308
          ],
          [
            74.6841171,
            26.4610166
          ],
          [
            74.6845329,
            26.4612615
          ],
          [
            74.6866116,
            26.4625077
          ],
          [
            74.6876577,
            26.463144
          ],
          [
            74.6880949,
            26.4634346
          ],
          [
            74.6884623,
            26.4637131
          ],
          [
            74.6887466,
            26.4639532
          ],
          [
            74.689039,
            26.4642342
          ],
          [
            74.6893394,
            26.4645535
          ],
          [
            74.6896237,
            26.4648801
          ],
          [
            74.6899724,
            26.4652979
          ],
          [
            74.6972305,
            26.4743402
          ],
          [
            74.698019,
            26.4752621
          ],
          [
            74.698872,
            26.4762237
          ],
          [
            74.6992797,
            26.4766714
          ],
          [
            74.700551,
            26.4779511
          ],
          [
            74.7021335,
            26.4794588
          ],
          [
            74.702265,
            26.4795861
          ],
          [
            74.7152396,
            26.4926015
          ],
          [
            74.7158825,
            26.4932292
          ],
          [
            74.7164753,
            26.4937513
          ],
          [
            74.7169943,
            26.494193
          ],
          [
            74.7228553,
            26.4991341
          ]
        ]
      },
      "id": "way/809090804"
    },
    {
      "type": "Feature",
      "properties": {
        "@id": "way/809090805",
        "bridge": "yes",
        "electrified": "contact_line",
        "frequency": "50",
        "gauge": "1676",
        "layer": "1",
        "passenger_lines": "2",
        "railway": "rail",
        "usage": "main",
        "voltage": "25000"
      },
      "geometry": {
        "type": "LineString",
        "coordinates": [
          [
            74.7302642,
            26.5058328
          ],
          [
            74.730464,
            26.5060045
          ]
        ]
      },
      "id": "way/809090805"
    },
    {
      "type": "Feature",
      "properties": {
        "@id": "way/809090806",
        "electrified": "contact_line",
        "frequency": "50",
        "gauge": "1676",
        "passenger_lines": "2",
        "railway": "rail",
        "usage": "main",
        "voltage": "25000"
      },
      "geometry": {
        "type": "LineString",
        "coordinates": [
          [
            74.7228394,
            26.499447
          ],
          [
            74.7242334,
            26.5006228
          ],
          [
            74.7268823,
            26.5028669
          ],
          [
            74.7296217,
            26.5052466
          ],
          [
            74.7302642,
            26.5058328
          ]
        ]
      },
      "id": "way/809090806"
    },
    {
      "type": "Feature",
      "properties": {
        "@id": "way/809090807",
        "electrified": "contact_line",
        "frequency": "50",
        "gauge": "1676",
        "passenger_lines": "2",
        "railway": "rail",
        "usage": "main",
        "voltage": "25000"
      },
      "geometry": {
        "type": "LineString",
        "coordinates": [
          [
            74.7303346,
            26.5058138
          ],
          [
            74.729664,
            26.5052113
          ],
          [
            74.7269306,
            26.5028285
          ],
          [
            74.7242953,
            26.5005735
          ],
          [
            74.7228933,
            26.4994001
          ]
        ]
      },
      "id": "way/809090807"
    },
    {
      "type": "Feature",
      "properties": {
        "@id": "way/809090808",
        "bridge": "yes",
        "electrified": "contact_line",
        "frequency": "50",
        "gauge": "1676",
        "layer": "1",
        "passenger_lines": "2",
        "railway": "rail",
        "usage": "main",
        "voltage": "25000"
      },
      "geometry": {
        "type": "LineString",
        "coordinates": [
          [
            74.7304995,
            26.5059751
          ],
          [
            74.7303346,
            26.5058138
          ]
        ]
      },
      "id": "way/809090808"
    },
    {
      "type": "Feature",
      "properties": {
        "@id": "way/809090809",
        "bridge": "yes",
        "electrified": "contact_line",
        "frequency": "50",
        "gauge": "1676",
        "layer": "1",
        "name": "Western Dedicated Freight Corridor",
        "railway": "rail",
        "railway:traffic_mode": "freight",
        "usage": "main",
        "voltage": "25000"
      },
      "geometry": {
        "type": "LineString",
        "coordinates": [
          [
            74.7304121,
            26.5056916
          ],
          [
            74.7306293,
            26.5058553
          ]
        ]
      },
      "id": "way/809090809"
    },
    {
      "type": "Feature",
      "properties": {
        "@id": "way/809090810",
        "electrified": "contact_line",
        "frequency": "50",
        "gauge": "1676",
        "name": "Western Dedicated Freight Corridor",
        "railway": "rail",
        "railway:traffic_mode": "freight",
        "usage": "main",
        "voltage": "25000"
      },
      "geometry": {
        "type": "LineString",
        "coordinates": [
          [
            74.7230369,
            26.4992908
          ],
          [
            74.7304121,
            26.5056916
          ]
        ]
      },
      "id": "way/809090810"
    },
    {
      "type": "Feature",
      "properties": {
        "@id": "way/809090811",
        "electrified": "contact_line",
        "frequency": "50",
        "gauge": "1676",
        "name": "Western Dedicated Freight Corridor",
        "railway": "rail",
        "railway:traffic_mode": "freight",
        "usage": "main",
        "voltage": "25000"
      },
      "geometry": {
        "type": "LineString",
        "coordinates": [
          [
            74.7304728,
            26.5056768
          ],
          [
            74.7230842,
            26.4992496
          ]
        ]
      },
      "id": "way/809090811"
    },
    {
      "type": "Feature",
      "properties": {
        "@id": "way/809090812",
        "bridge": "yes",
        "electrified": "contact_line",
        "frequency": "50",
        "gauge": "1676",
        "layer": "1",
        "name": "Western Dedicated Freight Corridor",
        "railway": "rail",
        "railway:traffic_mode": "freight",
        "usage": "main",
        "voltage": "25000"
      },
      "geometry": {
        "type": "LineString",
        "coordinates": [
          [
            74.730666,
            26.5058247
          ],
          [
            74.7304728,
            26.5056768
          ]
        ]
      },
      "id": "way/809090812"
    },
    {
      "type": "Feature",
      "properties": {
        "@id": "way/809090813",
        "bridge": "yes",
        "electrified": "contact_line",
        "frequency": "50",
        "gauge": "1676",
        "layer": "1",
        "name": "Western Dedicated Freight Corridor",
        "railway": "rail",
        "railway:traffic_mode": "freight",
        "usage": "main",
        "voltage": "25000"
      },
      "geometry": {
        "type": "LineString",
        "coordinates": [
          [
            74.7230842,
            26.4992496
          ],
          [
            74.7229131,
            26.4991015
          ]
        ]
      },
      "id": "way/809090813"
    },
    {
      "type": "Feature",
      "properties": {
        "@id": "way/809090814",
        "bridge": "yes",
        "electrified": "contact_line",
        "frequency": "50",
        "gauge": "1676",
        "layer": "1",
        "name": "Western Dedicated Freight Corridor",
        "railway": "rail",
        "railway:traffic_mode": "freight",
        "usage": "main",
        "voltage": "25000"
      },
      "geometry": {
        "type": "LineString",
        "coordinates": [
          [
            74.7228553,
            26.4991341
          ],
          [
            74.7230369,
            26.4992908
          ]
        ]
      },
      "id": "way/809090814"
    },
    {
      "type": "Feature",
      "properties": {
        "@id": "way/809090815",
        "bridge": "yes",
        "electrified": "contact_line",
        "frequency": "50",
        "gauge": "1676",
        "layer": "1",
        "passenger_lines": "2",
        "railway": "rail",
        "usage": "main",
        "voltage": "25000"
      },
      "geometry": {
        "type": "LineString",
        "coordinates": [
          [
            74.7228933,
            26.4994001
          ],
          [
            74.7227317,
            26.4992648
          ]
        ]
      },
      "id": "way/809090815"
    },
    {
      "type": "Feature",
      "properties": {
        "@id": "way/809090816",
        "electrified": "contact_line",
        "frequency": "50",
        "gauge": "1676",
        "passenger_lines": "2",
        "railway": "rail",
        "usage": "main",
        "voltage": "25000"
      },
      "geometry": {
        "type": "LineString",
        "coordinates": [
          [
            74.7519461,
            26.522386
          ],
          [
            74.7497515,
            26.5207541
          ],
          [
            74.7433431,
            26.5158872
          ],
          [
            74.7402757,
            26.5135476
          ],
          [
            74.7391208,
            26.5126926
          ],
          [
            74.7380625,
            26.5119447
          ],
          [
            74.7375251,
            26.5115649
          ],
          [
            74.733228,
            26.5083248
          ],
          [
            74.7326343,
            26.507862
          ],
          [
            74.731989,
            26.5073397
          ],
          [
            74.7311364,
            26.5065573
          ],
          [
            74.7304995,
            26.5059751
          ]
        ]
      },
      "id": "way/809090816"
    },
    {
      "type": "Feature",
      "properties": {
        "@id": "way/809090817",
        "electrified": "contact_line",
        "frequency": "50",
        "gauge": "1676",
        "passenger_lines": "2",
        "railway": "rail",
        "usage": "main",
        "voltage": "25000"
      },
      "geometry": {
        "type": "LineString",
        "coordinates": [
          [
            74.730464,
            26.5060045
          ],
          [
            74.7310939,
            26.5065713
          ],
          [
            74.7319621,
            26.5073684
          ],
          [
            74.7326021,
            26.507898
          ],
          [
            74.7331941,
            26.5083604
          ],
          [
            74.7374939,
            26.5116007
          ],
          [
            74.7380326,
            26.5119811
          ],
          [
            74.7390776,
            26.512719
          ],
          [
            74.7402367,
            26.5135833
          ],
          [
            74.7432955,
            26.515922
          ],
          [
            74.7497237,
            26.5207981
          ],
          [
            74.7519064,
            26.5224178
          ]
        ]
      },
      "id": "way/809090817"
    },
    {
      "type": "Feature",
      "properties": {
        "@id": "way/809090818",
        "bridge": "yes",
        "electrified": "contact_line",
        "frequency": "50",
        "gauge": "1676",
        "layer": "1",
        "passenger_lines": "2",
        "railway": "rail",
        "usage": "main",
        "voltage": "25000"
      },
      "geometry": {
        "type": "LineString",
        "coordinates": [
          [
            74.7226773,
            26.4993103
          ],
          [
            74.7228394,
            26.499447
          ]
        ]
      },
      "id": "way/809090818"
    },
    {
      "type": "Feature",
      "properties": {
        "@id": "way/809090819",
        "electrified": "no",
        "gauge": "1676",
        "railway": "rail",
        "service": "yard"
      },
      "geometry": {
        "type": "LineString",
        "coordinates": [
          [
            74.7316711,
            26.5069753
          ],
          [
            74.7308841,
            26.5062574
          ]
        ]
      },
      "id": "way/809090819"
    },
    {
      "type": "Feature",
      "properties": {
        "@id": "way/809090820",
        "electrified": "no",
        "gauge": "1676",
        "railway": "rail",
        "service": "yard"
      },
      "geometry": {
        "type": "LineString",
        "coordinates": [
          [
            74.7373603,
            26.5115631
          ],
          [
            74.7381623,
            26.5121535
          ]
        ]
      },
      "id": "way/809090820"
    },
    {
      "type": "Feature",
      "properties": {
        "@id": "way/809090821",
        "electrified": "no",
        "gauge": "1676",
        "railway": "rail",
        "service": "siding"
      },
      "geometry": {
        "type": "LineString",
        "coordinates": [
          [
            74.7310939,
            26.5065713
          ],
          [
            74.7317626,
            26.5072523
          ],
          [
            74.7319315,
            26.5074107
          ],
          [
            74.7325779,
            26.50794
          ],
          [
            74.7331627,
            26.50839
          ],
          [
            74.7373603,
            26.5115631
          ],
          [
            74.7380326,
            26.5119811
          ]
        ]
      },
      "id": "way/809090821"
    },
    {
      "type": "Feature",
      "properties": {
        "@id": "way/809090822",
        "electrified": "no",
        "gauge": "1676",
        "railway": "rail",
        "service": "siding"
      },
      "geometry": {
        "type": "LineString",
        "coordinates": [
          [
            74.7380625,
            26.5119447
          ],
          [
            74.737595,
            26.5115643
          ],
          [
            74.7374381,
            26.5114382
          ],
          [
            74.7332606,
            26.5082868
          ],
          [
            74.7326651,
            26.5078259
          ],
          [
            74.7320297,
            26.5073025
          ],
          [
            74.7316711,
            26.5069753
          ],
          [
            74.7311364,
            26.5065573
          ]
        ]
      },
      "id": "way/809090822"
    },
    {
      "type": "Feature",
      "properties": {
        "@id": "way/809090823",
        "electrified": "contact_line",
        "frequency": "50",
        "gauge": "1676",
        "name": "Western Dedicated Freight Corridor",
        "railway": "rail",
        "railway:traffic_mode": "freight",
        "usage": "main",
        "voltage": "25000"
      },
      "geometry": {
        "type": "LineString",
        "coordinates": [
          [
            74.7521017,
            26.5222169
          ],
          [
            74.7402222,
            26.5132288
          ],
          [
            74.7378767,
            26.5115511
          ],
          [
            74.7374132,
            26.511217
          ],
          [
            74.7368588,
            26.5107904
          ],
          [
            74.7360196,
            26.5100875
          ],
          [
            74.7355574,
            26.5097147
          ],
          [
            74.73513,
            26.50939
          ],
          [
            74.7344321,
            26.5088808
          ],
          [
            74.7340392,
            26.5085973
          ],
          [
            74.7335872,
            26.5082711
          ],
          [
            74.7332208,
            26.5080055
          ],
          [
            74.7318785,
            26.5069145
          ],
          [
            74.7313487,
            26.5064644
          ],
          [
            74.730666,
            26.5058247
          ]
        ]
      },
      "id": "way/809090823"
    },
    {
      "type": "Feature",
      "properties": {
        "@id": "way/809090824",
        "electrified": "contact_line",
        "frequency": "50",
        "gauge": "1676",
        "name": "Western Dedicated Freight Corridor",
        "railway": "rail",
        "railway:traffic_mode": "freight",
        "usage": "main",
        "voltage": "25000"
      },
      "geometry": {
        "type": "LineString",
        "coordinates": [
          [
            74.7306293,
            26.5058553
          ],
          [
            74.7313133,
            26.5064962
          ],
          [
            74.7318444,
            26.5069475
          ],
          [
            74.7331881,
            26.5080396
          ],
          [
            74.7335556,
            26.508306
          ],
          [
            74.7340077,
            26.5086322
          ],
          [
            74.7344005,
            26.5089156
          ],
          [
            74.7350979,
            26.5094245
          ],
          [
            74.7355244,
            26.5097485
          ],
          [
            74.7359857,
            26.5101206
          ],
          [
            74.7368252,
            26.5108238
          ],
          [
            74.7373804,
            26.511251
          ],
          [
            74.7378364,
            26.5115823
          ],
          [
            74.7401887,
            26.5132594
          ],
          [
            74.7520696,
            26.5222589
          ]
        ]
      },
      "id": "way/809090824"
    },
    {
      "type": "Feature",
      "properties": {
        "@id": "way/809090825",
        "bridge": "yes",
        "electrified": "contact_line",
        "frequency": "50",
        "gauge": "1676",
        "layer": "1",
        "name": "Western Dedicated Freight Corridor",
        "railway": "rail",
        "railway:traffic_mode": "freight",
        "usage": "main",
        "voltage": "25000"
      },
      "geometry": {
        "type": "LineString",
        "coordinates": [
          [
            74.75222,
            26.5223066
          ],
          [
            74.7521017,
            26.5222169
          ]
        ]
      },
      "id": "way/809090825"
    },
    {
      "type": "Feature",
      "properties": {
        "@id": "way/809090826",
        "bridge": "yes",
        "electrified": "contact_line",
        "frequency": "50",
        "gauge": "1676",
        "layer": "1",
        "name": "Western Dedicated Freight Corridor",
        "railway": "rail",
        "railway:traffic_mode": "freight",
        "usage": "main",
        "voltage": "25000"
      },
      "geometry": {
        "type": "LineString",
        "coordinates": [
          [
            74.7520696,
            26.5222589
          ],
          [
            74.7521756,
            26.5223392
          ]
        ]
      },
      "id": "way/809090826"
    },
    {
      "type": "Feature",
      "properties": {
        "@id": "way/809090827",
        "bridge": "yes",
        "electrified": "contact_line",
        "frequency": "50",
        "gauge": "1676",
        "layer": "1",
        "passenger_lines": "2",
        "railway": "rail",
        "usage": "main",
        "voltage": "25000"
      },
      "geometry": {
        "type": "LineString",
        "coordinates": [
          [
            74.7520672,
            26.5224772
          ],
          [
            74.7519461,
            26.522386
          ]
        ]
      },
      "id": "way/809090827"
    },
    {
      "type": "Feature",
      "properties": {
        "@id": "way/809090828",
        "electrified": "contact_line",
        "frequency": "50",
        "gauge": "1676",
        "passenger_lines": "2",
        "railway": "rail",
        "usage": "main",
        "voltage": "25000"
      },
      "geometry": {
        "type": "LineString",
        "coordinates": [
          [
            74.8672242,
            26.5974307
          ],
          [
            74.8659158,
            26.595349
          ],
          [
            74.8658821,
            26.5952999
          ],
          [
            74.8655775,
            26.5948562
          ],
          [
            74.8649823,
            26.5941394
          ],
          [
            74.8647741,
            26.5939153
          ],
          [
            74.8644533,
            26.5936178
          ],
          [
            74.8641377,
            26.5933551
          ],
          [
            74.8637744,
            26.5930866
          ],
          [
            74.8619545,
            26.5918046
          ],
          [
            74.8615287,
            26.591509
          ],
          [
            74.8610649,
            26.5912002
          ],
          [
            74.8603336,
            26.5907981
          ],
          [
            74.8600107,
            26.590633
          ],
          [
            74.8596481,
            26.5904737
          ],
          [
            74.8591163,
            26.5902717
          ],
          [
            74.8586015,
            26.5901094
          ],
          [
            74.8581117,
            26.5899901
          ],
          [
            74.8575877,
            26.5898775
          ],
          [
            74.8570095,
            26.5897736
          ],
          [
            74.8536928,
            26.5892395
          ],
          [
            74.852931,
            26.5890806
          ],
          [
            74.8522891,
            26.5889095
          ],
          [
            74.8517799,
            26.588739
          ],
          [
            74.8513453,
            26.5885692
          ],
          [
            74.8508526,
            26.5883497
          ],
          [
            74.8504021,
            26.5881297
          ],
          [
            74.8484535,
            26.5871436
          ],
          [
            74.8347064,
            26.5801066
          ],
          [
            74.8339614,
            26.5797529
          ],
          [
            74.8312309,
            26.5785188
          ],
          [
            74.8305202,
            26.5781733
          ],
          [
            74.8286662,
            26.5772202
          ],
          [
            74.8284514,
            26.5771098
          ],
          [
            74.8203108,
            26.5729547
          ],
          [
            74.8201057,
            26.57285
          ],
          [
            74.816944,
            26.5712356
          ],
          [
            74.816287,
            26.5708941
          ],
          [
            74.8157834,
            26.5705944
          ],
          [
            74.8152463,
            26.5702523
          ],
          [
            74.8146971,
            26.5698784
          ],
          [
            74.8142462,
            26.5695443
          ],
          [
            74.8137641,
            26.5691755
          ],
          [
            74.8025026,
            26.5606571
          ],
          [
            74.8010569,
            26.5595635
          ],
          [
            74.7934171,
            26.5538079
          ],
          [
            74.7835796,
            26.5463465
          ],
          [
            74.7827193,
            26.5456939
          ],
          [
            74.7756768,
            26.5403696
          ],
          [
            74.7748566,
            26.5397477
          ],
          [
            74.7662013,
            26.5331848
          ]
        ]
      },
      "id": "way/809090828"
    },
    {
      "type": "Feature",
      "properties": {
        "@id": "way/809090829",
        "electrified": "contact_line",
        "frequency": "50",
        "gauge": "1676",
        "passenger_lines": "2",
        "railway": "rail",
        "usage": "main",
        "voltage": "25000"
      },
      "geometry": {
        "type": "LineString",
        "coordinates": [
          [
            74.7661938,
            26.5332414
          ],
          [
            74.7722585,
            26.5378448
          ],
          [
            74.7754085,
            26.5402357
          ],
          [
            74.7756369,
            26.540409
          ],
          [
            74.7827036,
            26.5457513
          ],
          [
            74.7829881,
            26.5459671
          ],
          [
            74.793359,
            26.5538313
          ],
          [
            74.8010062,
            26.5595888
          ],
          [
            74.8024585,
            26.5606887
          ],
          [
            74.8137034,
            26.5692045
          ],
          [
            74.8142101,
            26.5695786
          ],
          [
            74.8146732,
            26.5699193
          ],
          [
            74.8152061,
            26.5702859
          ],
          [
            74.8157386,
            26.5706277
          ],
          [
            74.8162723,
            26.5709432
          ],
          [
            74.8169148,
            26.5712784
          ],
          [
            74.8192962,
            26.5724972
          ],
          [
            74.8202956,
            26.5730087
          ],
          [
            74.8284121,
            26.5771544
          ],
          [
            74.829189,
            26.5775524
          ],
          [
            74.8304853,
            26.5782165
          ],
          [
            74.8312068,
            26.5785583
          ],
          [
            74.83394,
            26.5797937
          ],
          [
            74.8346927,
            26.5801522
          ],
          [
            74.8375013,
            26.581597
          ],
          [
            74.8484182,
            26.5871926
          ],
          [
            74.8503746,
            26.5881769
          ],
          [
            74.8508231,
            26.5883916
          ],
          [
            74.8513313,
            26.5886127
          ],
          [
            74.8517726,
            26.588785
          ],
          [
            74.8522726,
            26.5889562
          ],
          [
            74.8529269,
            26.5891411
          ],
          [
            74.8536791,
            26.5892864
          ],
          [
            74.8570015,
            26.5898269
          ],
          [
            74.857585,
            26.5899291
          ],
          [
            74.858093,
            26.5900425
          ],
          [
            74.8585815,
            26.5901577
          ],
          [
            74.8590971,
            26.5903191
          ],
          [
            74.8596232,
            26.5905259
          ],
          [
            74.8599828,
            26.5906856
          ],
          [
            74.8603073,
            26.5908387
          ],
          [
            74.8610315,
            26.5912447
          ],
          [
            74.861497,
            26.5915445
          ],
          [
            74.8619288,
            26.5918423
          ],
          [
            74.8637359,
            26.5931211
          ],
          [
            74.8641022,
            26.5933925
          ],
          [
            74.8644157,
            26.5936589
          ],
          [
            74.8647274,
            26.5939537
          ],
          [
            74.8649233,
            26.5941708
          ],
          [
            74.8655242,
            26.5948854
          ],
          [
            74.865837,
            26.5953238
          ],
          [
            74.8658702,
            26.5953704
          ],
          [
            74.8671821,
            26.5974543
          ]
        ]
      },
      "id": "way/809090829"
    },
    {
      "type": "Feature",
      "properties": {
        "@id": "way/809090830",
        "bridge": "yes",
        "electrified": "contact_line",
        "frequency": "50",
        "gauge": "1676",
        "layer": "1",
        "passenger_lines": "2",
        "railway": "rail",
        "usage": "main",
        "voltage": "25000"
      },
      "geometry": {
        "type": "LineString",
        "coordinates": [
          [
            74.7519064,
            26.5224178
          ],
          [
            74.7520224,
            26.5225051
          ]
        ]
      },
      "id": "way/809090830"
    },
    {
      "type": "Feature",
      "properties": {
        "@id": "way/809144105",
        "electrified": "contact_line",
        "frequency": "50",
        "gauge": "1676",
        "passenger_lines": "1",
        "railway": "rail",
        "usage": "main",
        "voltage": "25000"
      },
      "geometry": {
        "type": "LineString",
        "coordinates": [
          [
            75.3006226,
            27.0581729
          ],
          [
            75.2952808,
            27.0477116
          ],
          [
            75.2903877,
            27.0383177
          ],
          [
            75.2876542,
            27.0317095
          ],
          [
            75.2808558,
            27.0153319
          ],
          [
            75.27698,
            27.0060179
          ],
          [
            75.2709729,
            26.9914444
          ],
          [
            75.2706771,
            26.9905654
          ],
          [
            75.2705241,
            26.989869
          ],
          [
            75.2704844,
            26.9890977
          ],
          [
            75.2705117,
            26.9886162
          ],
          [
            75.2705903,
            26.988045
          ],
          [
            75.2708044,
            26.9871378
          ],
          [
            75.2752185,
            26.9701983
          ],
          [
            75.2798424,
            26.9527606
          ],
          [
            75.2825232,
            26.9424806
          ],
          [
            75.2826642,
            26.9418432
          ],
          [
            75.2827543,
            26.9410964
          ],
          [
            75.2827837,
            26.9403317
          ],
          [
            75.2827378,
            26.9395998
          ],
          [
            75.2825762,
            26.9387755
          ],
          [
            75.282349,
            26.9380298
          ],
          [
            75.2810464,
            26.9344949
          ],
          [
            75.2797923,
            26.9310443
          ],
          [
            75.2795541,
            26.930526
          ],
          [
            75.2793156,
            26.9300525
          ],
          [
            75.2763281,
            26.924213
          ],
          [
            75.269199,
            26.9105467
          ],
          [
            75.2623675,
            26.8972509
          ],
          [
            75.2595267,
            26.8917423
          ],
          [
            75.2589212,
            26.8906008
          ],
          [
            75.2579982,
            26.8887626
          ],
          [
            75.2572556,
            26.887366
          ],
          [
            75.256987,
            26.8868294
          ],
          [
            75.2567849,
            26.8864139
          ],
          [
            75.2566159,
            26.8860132
          ],
          [
            75.256452,
            26.8855761
          ],
          [
            75.2557348,
            26.8836954
          ],
          [
            75.2557027,
            26.8836112
          ],
          [
            75.2556168,
            26.8833697
          ],
          [
            75.2555354,
            26.8830846
          ],
          [
            75.25548,
            26.8827967
          ],
          [
            75.2554595,
            26.8825344
          ],
          [
            75.2554451,
            26.8822919
          ],
          [
            75.2554607,
            26.8820443
          ],
          [
            75.2554947,
            26.881774
          ],
          [
            75.2555685,
            26.8814833
          ],
          [
            75.2556628,
            26.8812062
          ],
          [
            75.2557978,
            26.8809151
          ],
          [
            75.25594,
            26.8806819
          ],
          [
            75.2560928,
            26.880451
          ],
          [
            75.2562834,
            26.880224
          ],
          [
            75.257064,
            26.8793948
          ],
          [
            75.2572905,
            26.8791435
          ],
          [
            75.2574548,
            26.878941
          ],
          [
            75.2575734,
            26.8787835
          ],
          [
            75.2576794,
            26.8786184
          ],
          [
            75.2577914,
            26.8783762
          ],
          [
            75.2578738,
            26.878128
          ],
          [
            75.2579248,
            26.8778935
          ],
          [
            75.2579688,
            26.8776419
          ],
          [
            75.2579704,
            26.8773827
          ],
          [
            75.257953,
            26.877147
          ],
          [
            75.2579048,
            26.8769054
          ],
          [
            75.2578577,
            26.8767355
          ],
          [
            75.2577679,
            26.8765011
          ],
          [
            75.257671,
            26.8762896
          ],
          [
            75.2575533,
            26.8760908
          ],
          [
            75.2573723,
            26.8758707
          ],
          [
            75.2571978,
            26.8756828
          ],
          [
            75.2570035,
            26.8755094
          ],
          [
            75.2567616,
            26.8753377
          ],
          [
            75.2565247,
            26.8751948
          ],
          [
            75.256281,
            26.8750808
          ],
          [
            75.2560244,
            26.874989
          ],
          [
            75.2557844,
            26.8749246
          ],
          [
            75.2554987,
            26.8748694
          ],
          [
            75.2551409,
            26.8748098
          ],
          [
            75.2527079,
            26.8744418
          ]
        ]
      },
      "id": "way/809144105"
    },
    {
      "type": "Feature",
      "properties": {
        "@id": "way/809144118",
        "electrified": "contact_line",
        "frequency": "50",
        "gauge": "1676",
        "name": "Western Dedicated Freight Corridor",
        "passenger_lines": "2",
        "railway": "rail",
        "railway:traffic_mode": "freight",
        "usage": "main",
        "voltage": "25000"
      },
      "geometry": {
        "type": "LineString",
        "coordinates": [
          [
            74.6726583,
            26.441858
          ],
          [
            74.6718373,
            26.4411637
          ],
          [
            74.6707733,
            26.4402905
          ],
          [
            74.6706658,
            26.4402135
          ],
          [
            74.6689906,
            26.4389535
          ],
          [
            74.6683606,
            26.4384662
          ],
          [
            74.6678936,
            26.4380892
          ],
          [
            74.6633598,
            26.4336916
          ],
          [
            74.6613715,
            26.4317542
          ],
          [
            74.6609233,
            26.4313843
          ],
          [
            74.6605282,
            26.431096
          ],
          [
            74.6601455,
            26.4308626
          ],
          [
            74.6596505,
            26.4306204
          ],
          [
            74.6590389,
            26.4303622
          ],
          [
            74.6497554,
            26.4268614
          ]
        ]
      },
      "id": "way/809144118"
    },
    {
      "type": "Feature",
      "properties": {
        "@id": "way/809144119",
        "bridge": "yes",
        "electrified": "contact_line",
        "frequency": "50",
        "gauge": "1676",
        "layer": "1",
        "name": "Western Dedicated Freight Corridor",
        "railway": "rail",
        "railway:traffic_mode": "freight",
        "usage": "main",
        "voltage": "25000"
      },
      "geometry": {
        "type": "LineString",
        "coordinates": [
          [
            74.6728901,
            26.442068
          ],
          [
            74.6726583,
            26.441858
          ]
        ]
      },
      "id": "way/809144119"
    },
    {
      "type": "Feature",
      "properties": {
        "@id": "way/809144120",
        "bridge": "yes",
        "electrified": "contact_line",
        "frequency": "50",
        "gauge": "1676",
        "layer": "1",
        "name": "Western Dedicated Freight Corridor",
        "railway": "rail",
        "railway:traffic_mode": "freight",
        "usage": "main",
        "voltage": "25000"
      },
      "geometry": {
        "type": "LineString",
        "coordinates": [
          [
            74.6726779,
            26.4419542
          ],
          [
            74.6729263,
            26.4421742
          ]
        ]
      },
      "id": "way/809144120"
    },
    {
      "type": "Feature",
      "properties": {
        "@id": "way/809144121",
        "electrified": "contact_line",
        "frequency": "50",
        "gauge": "1676",
        "name": "Western Dedicated Freight Corridor",
        "passenger_lines": "2",
        "railway": "rail",
        "railway:traffic_mode": "freight",
        "usage": "main",
        "voltage": "25000"
      },
      "geometry": {
        "type": "LineString",
        "coordinates": [
          [
            74.649732,
            26.4269111
          ],
          [
            74.6590143,
            26.4304114
          ],
          [
            74.6596232,
            26.4306684
          ],
          [
            74.660114,
            26.4309086
          ],
          [
            74.6604922,
            26.4311392
          ],
          [
            74.6608838,
            26.431425
          ],
          [
            74.6613291,
            26.4317925
          ],
          [
            74.6633147,
            26.4337269
          ],
          [
            74.6678496,
            26.4381259
          ],
          [
            74.6683201,
            26.4385061
          ],
          [
            74.6689508,
            26.438994
          ],
          [
            74.6706284,
            26.4402557
          ],
          [
            74.6707354,
            26.4403324
          ],
          [
            74.6717958,
            26.4412028
          ],
          [
            74.6726779,
            26.4419542
          ]
        ]
      },
      "id": "way/809144121"
    },
    {
      "type": "Feature",
      "properties": {
        "@id": "way/809144122",
        "bridge": "yes",
        "electrified": "contact_line",
        "frequency": "50",
        "gauge": "1676",
        "layer": "1",
        "name": "Western Dedicated Freight Corridor",
        "passenger_lines": "2",
        "railway": "rail",
        "railway:traffic_mode": "freight",
        "usage": "main",
        "voltage": "25000"
      },
      "geometry": {
        "type": "LineString",
        "coordinates": [
          [
            74.6491854,
            26.4267048
          ],
          [
            74.649732,
            26.4269111
          ]
        ]
      },
      "id": "way/809144122"
    },
    {
      "type": "Feature",
      "properties": {
        "@id": "way/809144123",
        "electrified": "contact_line",
        "frequency": "50",
        "gauge": "1676",
        "name": "Western Dedicated Freight Corridor",
        "passenger_lines": "2",
        "railway": "rail",
        "railway:traffic_mode": "freight",
        "usage": "main",
        "voltage": "25000"
      },
      "geometry": {
        "type": "LineString",
        "coordinates": [
          [
            74.648821,
            26.4265752
          ],
          [
            74.6491854,
            26.4267048
          ]
        ]
      },
      "id": "way/809144123"
    },
    {
      "type": "Feature",
      "properties": {
        "@id": "way/809144124",
        "bridge": "yes",
        "electrified": "contact_line",
        "frequency": "50",
        "gauge": "1676",
        "layer": "1",
        "name": "Western Dedicated Freight Corridor",
        "passenger_lines": "2",
        "railway": "rail",
        "railway:traffic_mode": "freight",
        "usage": "main",
        "voltage": "25000"
      },
      "geometry": {
        "type": "LineString",
        "coordinates": [
          [
            74.6485687,
            26.4264839
          ],
          [
            74.648821,
            26.4265752
          ]
        ]
      },
      "id": "way/809144124"
    },
    {
      "type": "Feature",
      "properties": {
        "@id": "way/809144125",
        "electrified": "contact_line",
        "frequency": "50",
        "gauge": "1676",
        "name": "Western Dedicated Freight Corridor",
        "passenger_lines": "2",
        "railway": "rail",
        "railway:traffic_mode": "freight",
        "usage": "main",
        "voltage": "25000"
      },
      "geometry": {
        "type": "LineString",
        "coordinates": [
          [
            74.6361308,
            26.4196673
          ],
          [
            74.636467,
            26.420356
          ],
          [
            74.636504,
            26.4204281
          ],
          [
            74.6365887,
            26.4205934
          ],
          [
            74.6368299,
            26.420955
          ],
          [
            74.6369982,
            26.4211787
          ],
          [
            74.6372465,
            26.4214662
          ],
          [
            74.6375007,
            26.4217521
          ],
          [
            74.6381991,
            26.4223944
          ],
          [
            74.6400442,
            26.4238496
          ],
          [
            74.6404326,
            26.424137
          ],
          [
            74.6407926,
            26.4243721
          ],
          [
            74.6411361,
            26.4245635
          ],
          [
            74.6415055,
            26.4247518
          ],
          [
            74.6418568,
            26.4249163
          ],
          [
            74.6421817,
            26.4250473
          ],
          [
            74.6425051,
            26.4251592
          ],
          [
            74.6428224,
            26.4252394
          ],
          [
            74.6437877,
            26.4254561
          ],
          [
            74.6442842,
            26.4255431
          ],
          [
            74.6447781,
            26.4256083
          ],
          [
            74.6449254,
            26.4256205
          ],
          [
            74.6454303,
            26.4256494
          ],
          [
            74.6458186,
            26.4256732
          ],
          [
            74.646149,
            26.4257253
          ],
          [
            74.6464942,
            26.425799
          ],
          [
            74.6470698,
            26.4259541
          ],
          [
            74.647727,
            26.426179
          ],
          [
            74.6485687,
            26.4264839
          ]
        ]
      },
      "id": "way/809144125"
    },
    {
      "type": "Feature",
      "properties": {
        "@id": "way/809144126",
        "electrified": "contact_line",
        "frequency": "50",
        "gauge": "1676",
        "name": "Western Dedicated Freight Corridor",
        "passenger_lines": "2",
        "railway": "rail",
        "railway:traffic_mode": "freight",
        "usage": "main",
        "voltage": "25000"
      },
      "geometry": {
        "type": "LineString",
        "coordinates": [
          [
            74.6485913,
            26.4264339
          ],
          [
            74.6477491,
            26.4261289
          ],
          [
            74.6470892,
            26.4259031
          ],
          [
            74.6465099,
            26.4257469
          ],
          [
            74.6461612,
            26.4256725
          ],
          [
            74.6458259,
            26.4256196
          ],
          [
            74.6454343,
            26.4255956
          ],
          [
            74.6449301,
            26.4255668
          ],
          [
            74.6447852,
            26.4255548
          ],
          [
            74.6442944,
            26.4254899
          ],
          [
            74.6438009,
            26.4254035
          ],
          [
            74.6428379,
            26.4251873
          ],
          [
            74.6425241,
            26.425108
          ],
          [
            74.6422049,
            26.4249975
          ],
          [
            74.6418831,
            26.4248678
          ],
          [
            74.6415344,
            26.4247045
          ],
          [
            74.6411669,
            26.4245171
          ],
          [
            74.6408263,
            26.4243274
          ],
          [
            74.6404695,
            26.4240944
          ],
          [
            74.6400833,
            26.4238086
          ],
          [
            74.6382406,
            26.4223553
          ],
          [
            74.6375459,
            26.4217164
          ],
          [
            74.6372938,
            26.421433
          ],
          [
            74.637047,
            26.4211471
          ],
          [
            74.6368808,
            26.4209261
          ],
          [
            74.636642,
            26.4205682
          ],
          [
            74.6365612,
            26.4204107
          ],
          [
            74.6365213,
            26.4203328
          ],
          [
            74.6361847,
            26.4196434
          ]
        ]
      },
      "id": "way/809144126"
    },
    {
      "type": "Feature",
      "properties": {
        "@id": "way/809144127",
        "bridge": "yes",
        "electrified": "contact_line",
        "frequency": "50",
        "gauge": "1676",
        "layer": "1",
        "name": "Western Dedicated Freight Corridor",
        "passenger_lines": "2",
        "railway": "rail",
        "railway:traffic_mode": "freight",
        "usage": "main",
        "voltage": "25000"
      },
      "geometry": {
        "type": "LineString",
        "coordinates": [
          [
            74.6488434,
            26.4265252
          ],
          [
            74.6485913,
            26.4264339
          ]
        ]
      },
      "id": "way/809144127"
    },
    {
      "type": "Feature",
      "properties": {
        "@id": "way/809144128",
        "electrified": "contact_line",
        "frequency": "50",
        "gauge": "1676",
        "name": "Western Dedicated Freight Corridor",
        "passenger_lines": "2",
        "railway": "rail",
        "railway:traffic_mode": "freight",
        "usage": "main",
        "voltage": "25000"
      },
      "geometry": {
        "type": "LineString",
        "coordinates": [
          [
            74.6492082,
            26.4266549
          ],
          [
            74.6488434,
            26.4265252
          ]
        ]
      },
      "id": "way/809144128"
    },
    {
      "type": "Feature",
      "properties": {
        "@id": "way/809144129",
        "bridge": "yes",
        "electrified": "contact_line",
        "frequency": "50",
        "gauge": "1676",
        "layer": "1",
        "name": "Western Dedicated Freight Corridor",
        "passenger_lines": "2",
        "railway": "rail",
        "railway:traffic_mode": "freight",
        "usage": "main",
        "voltage": "25000"
      },
      "geometry": {
        "type": "LineString",
        "coordinates": [
          [
            74.6497554,
            26.4268614
          ],
          [
            74.6492082,
            26.4266549
          ]
        ]
      },
      "id": "way/809144129"
    },
    {
      "type": "Feature",
      "properties": {
        "@id": "way/809144130",
        "bridge": "yes",
        "construction": "rail",
        "electrified": "contact_line",
        "frequency": "50",
        "gauge": "1676",
        "layer": "1",
        "passenger_lines": "1",
        "railway": "rail",
        "usage": "main",
        "voltage": "25000"
      },
      "geometry": {
        "type": "LineString",
        "coordinates": [
          [
            74.649231,
            26.426605
          ],
          [
            74.6497787,
            26.4268118
          ]
        ]
      },
      "id": "way/809144130"
    },
    {
      "type": "Feature",
      "properties": {
        "@id": "way/809144131",
        "construction": "rail",
        "electrified": "contact_line",
        "frequency": "50",
        "gauge": "1676",
        "passenger_lines": "1",
        "railway": "rail",
        "usage": "main",
        "voltage": "25000"
      },
      "geometry": {
        "type": "LineString",
        "coordinates": [
          [
            74.6488658,
            26.4264751
          ],
          [
            74.649231,
            26.426605
          ]
        ]
      },
      "id": "way/809144131"
    },
    {
      "type": "Feature",
      "properties": {
        "@id": "way/809144132",
        "bridge": "yes",
        "construction": "rail",
        "electrified": "contact_line",
        "frequency": "50",
        "gauge": "1676",
        "layer": "1",
        "passenger_lines": "1",
        "railway": "rail",
        "usage": "main",
        "voltage": "25000"
      },
      "geometry": {
        "type": "LineString",
        "coordinates": [
          [
            74.6486138,
            26.4263839
          ],
          [
            74.6488658,
            26.4264751
          ]
        ]
      },
      "id": "way/809144132"
    },
    {
      "type": "Feature",
      "properties": {
        "@id": "way/809144133",
        "construction": "rail",
        "electrified": "contact_line",
        "frequency": "50",
        "gauge": "1676",
        "passenger_lines": "1",
        "railway": "rail",
        "usage": "main",
        "voltage": "25000"
      },
      "geometry": {
        "type": "LineString",
        "coordinates": [
          [
            74.6500647,
            26.4203903
          ],
          [
            74.6494807,
            26.4207666
          ],
          [
            74.6491053,
            26.4209569
          ],
          [
            74.6482554,
            26.4213878
          ],
          [
            74.6478632,
            26.4216176
          ],
          [
            74.6475989,
            26.4217885
          ],
          [
            74.6472931,
            26.4220383
          ],
          [
            74.6470463,
            26.4223025
          ],
          [
            74.6468398,
            26.4226028
          ],
          [
            74.6466762,
            26.4229318
          ],
          [
            74.6465743,
            26.4232153
          ],
          [
            74.6465099,
            26.4235467
          ],
          [
            74.6464884,
            26.423859
          ],
          [
            74.6465018,
            26.4241424
          ],
          [
            74.6465448,
            26.4244331
          ],
          [
            74.6466064,
            26.4247021
          ],
          [
            74.6466923,
            26.4249207
          ],
          [
            74.6468478,
            26.4252137
          ],
          [
            74.6470383,
            26.4254947
          ],
          [
            74.6472877,
            26.4257566
          ],
          [
            74.6475399,
            26.4259511
          ],
          [
            74.6479294,
            26.4261315
          ],
          [
            74.6486138,
            26.4263839
          ]
        ]
      },
      "id": "way/809144133"
    },
    {
      "type": "Feature",
      "properties": {
        "@id": "way/809144134",
        "electrified": "no",
        "gauge": "1676",
        "railway": "rail",
        "service": "crossover"
      },
      "geometry": {
        "type": "LineString",
        "coordinates": [
          [
            74.692894,
            26.4703816
          ],
          [
            74.6932628,
            26.4708223
          ]
        ]
      },
      "id": "way/809144134"
    },
    {
      "type": "Feature",
      "properties": {
        "@id": "way/812446744",
        "electrified": "contact_line",
        "frequency": "50",
        "gauge": "1676",
        "railway": "rail",
        "service": "yard",
        "voltage": "25000"
      },
      "geometry": {
        "type": "LineString",
        "coordinates": [
          [
            75.2513385,
            26.8740821
          ],
          [
            75.2524719,
            26.8742593
          ]
        ]
      },
      "id": "way/812446744"
    },
    {
      "type": "Feature",
      "properties": {
        "@id": "way/812446746",
        "electrified": "no",
        "gauge": "1676",
        "railway": "rail",
        "service": "crossover"
      },
      "geometry": {
        "type": "LineString",
        "coordinates": [
          [
            75.2357654,
            26.8676027
          ],
          [
            75.2354748,
            26.8671646
          ]
        ]
      },
      "id": "way/812446746"
    },
    {
      "type": "Feature",
      "properties": {
        "@id": "way/812446747",
        "electrified": "no",
        "gauge": "1676",
        "railway": "rail",
        "service": "yard"
      },
      "geometry": {
        "type": "LineString",
        "coordinates": [
          [
            75.2376473,
            26.870741
          ],
          [
            75.2373992,
            26.870357
          ],
          [
            75.2371457,
            26.8698916
          ]
        ]
      },
      "id": "way/812446747"
    },
    {
      "type": "Feature",
      "properties": {
        "@id": "way/812446748",
        "electrified": "no",
        "gauge": "1676",
        "railway": "rail",
        "service": "yard"
      },
      "geometry": {
        "type": "LineString",
        "coordinates": [
          [
            75.248014,
            26.8739447
          ],
          [
            75.2487771,
            26.8740607
          ],
          [
            75.2489166,
            26.874087
          ],
          [
            75.2497186,
            26.8743012
          ],
          [
            75.2498581,
            26.8743299
          ],
          [
            75.2499747,
            26.8743514
          ],
          [
            75.2501357,
            26.8743732
          ]
        ]
      },
      "id": "way/812446748"
    },
    {
      "type": "Feature",
      "properties": {
        "@id": "way/812446752",
        "electrified": "contact_line",
        "frequency": "50",
        "gauge": "1676",
        "railway": "rail",
        "service": "yard",
        "tunnel": "building_passage",
        "voltage": "25000"
      },
      "geometry": {
        "type": "LineString",
        "coordinates": [
          [
            75.2451763,
            26.872179
          ],
          [
            75.2459254,
            26.872291
          ]
        ]
      },
      "id": "way/812446752"
    },
    {
      "type": "Feature",
      "properties": {
        "@id": "way/812446753",
        "electrified": "contact_line",
        "frequency": "50",
        "gauge": "1676",
        "railway": "rail",
        "service": "yard",
        "tunnel": "building_passage",
        "voltage": "25000"
      },
      "geometry": {
        "type": "LineString",
        "coordinates": [
          [
            75.2451628,
            26.872234
          ],
          [
            75.2459154,
            26.8723423
          ]
        ]
      },
      "id": "way/812446753"
    },
    {
      "type": "Feature",
      "properties": {
        "@id": "way/812446755",
        "electrified": "no",
        "gauge": "1676",
        "railway": "rail",
        "service": "yard"
      },
      "geometry": {
        "type": "LineString",
        "coordinates": [
          [
            75.2547531,
            26.8745356
          ],
          [
            75.2541054,
            26.8744667
          ]
        ]
      },
      "id": "way/812446755"
    },
    {
      "type": "Feature",
      "properties": {
        "@id": "way/812446756",
        "electrified": "no",
        "gauge": "1676",
        "railway": "rail",
        "service": "yard"
      },
      "geometry": {
        "type": "LineString",
        "coordinates": [
          [
            75.2634542,
            26.8759039
          ],
          [
            75.2632074,
            26.8758479
          ],
          [
            75.2627608,
            26.8757187
          ],
          [
            75.262561,
            26.8756673
          ],
          [
            75.2623062,
            26.8756218
          ],
          [
            75.2602892,
            26.875324
          ],
          [
            75.2600518,
            26.8752988
          ],
          [
            75.2591184,
            26.875196
          ],
          [
            75.2587804,
            26.8751469
          ],
          [
            75.2547531,
            26.8745356
          ]
        ]
      },
      "id": "way/812446756"
    },
    {
      "type": "Feature",
      "properties": {
        "@id": "way/812446757",
        "electrified": "no",
        "gauge": "1676",
        "railway": "rail",
        "service": "yard"
      },
      "geometry": {
        "type": "LineString",
        "coordinates": [
          [
            75.2503792,
            26.8738608
          ],
          [
            75.2505943,
            26.8739112
          ],
          [
            75.2525778,
            26.874239
          ],
          [
            75.2537097,
            26.8744172
          ],
          [
            75.2541054,
            26.8744667
          ],
          [
            75.2597836,
            26.8753491
          ],
          [
            75.2634542,
            26.8759039
          ],
          [
            75.2638672,
            26.8759664
          ]
        ]
      },
      "id": "way/812446757"
    },
    {
      "type": "Feature",
      "properties": {
        "@id": "way/812446758",
        "electrified": "contact_line",
        "frequency": "50",
        "gauge": "1676",
        "railway": "rail",
        "service": "yard",
        "voltage": "25000"
      },
      "geometry": {
        "type": "LineString",
        "coordinates": [
          [
            75.2492206,
            26.8734931
          ],
          [
            75.2498281,
            26.8736916
          ]
        ]
      },
      "id": "way/812446758"
    },
    {
      "type": "Feature",
      "properties": {
        "@id": "way/812446759",
        "electrified": "contact_line",
        "frequency": "50",
        "gauge": "1676",
        "railway": "rail",
        "service": "yard",
        "voltage": "25000"
      },
      "geometry": {
        "type": "LineString",
        "coordinates": [
          [
            75.2459254,
            26.872291
          ],
          [
            75.2465683,
            26.8723895
          ],
          [
            75.2467896,
            26.8724374
          ],
          [
            75.2469653,
            26.8724948
          ],
          [
            75.2472603,
            26.8726371
          ],
          [
            75.247613,
            26.8728046
          ],
          [
            75.2479537,
            26.8729613
          ],
          [
            75.2482863,
            26.8731204
          ],
          [
            75.2485451,
            26.8732425
          ],
          [
            75.248757,
            26.8733394
          ],
          [
            75.2489183,
            26.8734085
          ]
        ]
      },
      "id": "way/812446759"
    },
    {
      "type": "Feature",
      "properties": {
        "@id": "way/812446760",
        "electrified": "contact_line",
        "frequency": "50",
        "gauge": "1676",
        "railway": "rail",
        "service": "yard",
        "voltage": "25000"
      },
      "geometry": {
        "type": "LineString",
        "coordinates": [
          [
            75.2459154,
            26.8723423
          ],
          [
            75.2466045,
            26.8724505
          ],
          [
            75.246799,
            26.8724912
          ],
          [
            75.2470069,
            26.8725486
          ],
          [
            75.2472603,
            26.8726371
          ]
        ]
      },
      "id": "way/812446760"
    },
    {
      "type": "Feature",
      "properties": {
        "@id": "way/812446761",
        "electrified": "contact_line",
        "frequency": "50",
        "gauge": "1676",
        "railway": "rail",
        "service": "yard",
        "voltage": "25000"
      },
      "geometry": {
        "type": "LineString",
        "coordinates": [
          [
            75.2413208,
            26.8718457
          ],
          [
            75.2469794,
            26.8726943
          ],
          [
            75.2471988,
            26.8727154
          ],
          [
            75.2473596,
            26.8727376
          ],
          [
            75.2474762,
            26.8727616
          ],
          [
            75.247613,
            26.8728046
          ]
        ]
      },
      "id": "way/812446761"
    },
    {
      "type": "Feature",
      "properties": {
        "@id": "way/812446762",
        "electrified": "contact_line",
        "frequency": "50",
        "gauge": "1676",
        "railway": "rail",
        "service": "yard",
        "voltage": "25000"
      },
      "geometry": {
        "type": "LineString",
        "coordinates": [
          [
            75.2395691,
            26.8718009
          ],
          [
            75.2397475,
            26.8718141
          ],
          [
            75.239899,
            26.8718189
          ],
          [
            75.2404113,
            26.8718105
          ],
          [
            75.2405669,
            26.8718177
          ],
          [
            75.240709,
            26.8718297
          ],
          [
            75.2408307,
            26.8718429
          ],
          [
            75.2474276,
            26.8728447
          ],
          [
            75.2475939,
            26.8728657
          ],
          [
            75.2477042,
            26.8728836
          ],
          [
            75.2479537,
            26.8729613
          ]
        ]
      },
      "id": "way/812446762"
    },
    {
      "type": "Feature",
      "properties": {
        "@id": "way/812446763",
        "electrified": "contact_line",
        "frequency": "50",
        "gauge": "1676",
        "railway": "rail",
        "service": "yard",
        "voltage": "25000"
      },
      "geometry": {
        "type": "LineString",
        "coordinates": [
          [
            75.2398677,
            26.8718485
          ],
          [
            75.2401391,
            26.871844
          ],
          [
            75.2405575,
            26.8718679
          ],
          [
            75.2407491,
            26.8718917
          ],
          [
            75.2477581,
            26.8729589
          ],
          [
            75.2478798,
            26.8729875
          ],
          [
            75.2482863,
            26.8731204
          ]
        ]
      },
      "id": "way/812446763"
    },
    {
      "type": "Feature",
      "properties": {
        "@id": "way/812446764",
        "electrified": "contact_line",
        "frequency": "50",
        "gauge": "1676",
        "railway": "rail",
        "service": "yard",
        "voltage": "25000"
      },
      "geometry": {
        "type": "LineString",
        "coordinates": [
          [
            75.2373629,
            26.8703858
          ],
          [
            75.2376473,
            26.870741
          ],
          [
            75.2377841,
            26.8708834
          ],
          [
            75.2379557,
            26.8710449
          ],
          [
            75.2381153,
            26.8711884
          ],
          [
            75.2382964,
            26.8713308
          ],
          [
            75.2384815,
            26.8714397
          ],
          [
            75.2386719,
            26.8715366
          ],
          [
            75.2389146,
            26.871637
          ],
          [
            75.2391145,
            26.8717052
          ],
          [
            75.2393706,
            26.8717627
          ],
          [
            75.2395691,
            26.8718009
          ],
          [
            75.2398677,
            26.8718485
          ],
          [
            75.2399392,
            26.8718572
          ],
          [
            75.2406856,
            26.8719618
          ],
          [
            75.2478363,
            26.8730528
          ],
          [
            75.2480127,
            26.8730846
          ],
          [
            75.248175,
            26.8731216
          ],
          [
            75.2485451,
            26.8732425
          ]
        ]
      },
      "id": "way/812446764"
    },
    {
      "type": "Feature",
      "properties": {
        "@id": "way/812446765",
        "electrified": "contact_line",
        "frequency": "50",
        "gauge": "1676",
        "railway": "rail",
        "service": "yard",
        "voltage": "25000"
      },
      "geometry": {
        "type": "LineString",
        "coordinates": [
          [
            75.2399392,
            26.8718572
          ],
          [
            75.2404448,
            26.8719804
          ],
          [
            75.2406728,
            26.8720282
          ],
          [
            75.2478236,
            26.8731192
          ],
          [
            75.2480234,
            26.8731551
          ],
          [
            75.248238,
            26.8732042
          ],
          [
            75.2484284,
            26.873258
          ],
          [
            75.2489183,
            26.8734085
          ],
          [
            75.2490789,
            26.8734578
          ],
          [
            75.2492206,
            26.8734931
          ]
        ]
      },
      "id": "way/812446765"
    },
    {
      "type": "Feature",
      "properties": {
        "@id": "way/812446766",
        "electrified": "contact_line",
        "frequency": "50",
        "gauge": "1676",
        "railway": "rail",
        "service": "siding",
        "voltage": "25000"
      },
      "geometry": {
        "type": "LineString",
        "coordinates": [
          [
            75.2492042,
            26.8735793
          ],
          [
            75.2486899,
            26.873459
          ],
          [
            75.2485089,
            26.8734255
          ],
          [
            75.2403268,
            26.8721646
          ],
          [
            75.2401552,
            26.8721443
          ],
          [
            75.239789,
            26.8721108
          ],
          [
            75.2396294,
            26.8720869
          ],
          [
            75.2394219,
            26.8720434
          ]
        ]
      },
      "id": "way/812446766"
    },
    {
      "type": "Feature",
      "properties": {
        "@id": "way/812446909",
        "electrified": "contact_line",
        "frequency": "50",
        "gauge": "1676",
        "railway": "rail",
        "service": "crossover",
        "voltage": "25000"
      },
      "geometry": {
        "type": "LineString",
        "coordinates": [
          [
            75.2545229,
            26.8746247
          ],
          [
            75.2537896,
            26.8745603
          ]
        ]
      },
      "id": "way/812446909"
    },
    {
      "type": "Feature",
      "properties": {
        "@id": "way/812446910",
        "electrified": "no",
        "gauge": "1676",
        "railway": "rail",
        "service": "crossover"
      },
      "geometry": {
        "type": "LineString",
        "coordinates": [
          [
            75.2551409,
            26.8748098
          ],
          [
            75.2545107,
            26.8746691
          ]
        ]
      },
      "id": "way/812446910"
    },
    {
      "type": "Feature",
      "properties": {
        "@id": "way/812502454",
        "electrified": "no",
        "gauge": "1676",
        "railway": "rail",
        "service": "yard"
      },
      "geometry": {
        "type": "LineString",
        "coordinates": [
          [
            75.2418704,
            26.8728549
          ],
          [
            75.2423492,
            26.872935
          ],
          [
            75.2427904,
            26.8729936
          ],
          [
            75.2432463,
            26.8730314
          ]
        ]
      },
      "id": "way/812502454"
    },
    {
      "type": "Feature",
      "properties": {
        "@id": "way/812502455",
        "electrified": "no",
        "gauge": "1676",
        "railway": "rail",
        "service": "yard"
      },
      "geometry": {
        "type": "LineString",
        "coordinates": [
          [
            75.2418637,
            26.8728836
          ],
          [
            75.2425652,
            26.8730933
          ]
        ]
      },
      "id": "way/812502455"
    },
    {
      "type": "Feature",
      "properties": {
        "@id": "way/812502456",
        "electrified": "no",
        "gauge": "1676",
        "railway": "rail",
        "service": "yard"
      },
      "geometry": {
        "type": "LineString",
        "coordinates": [
          [
            75.2492206,
            26.8734931
          ],
          [
            75.2494919,
            26.8735607
          ],
          [
            75.2499479,
            26.8736528
          ],
          [
            75.2509578,
            26.8738873
          ],
          [
            75.2518818,
            26.8740942
          ],
          [
            75.2521768,
            26.8741588
          ],
          [
            75.2525778,
            26.874239
          ]
        ]
      },
      "id": "way/812502456"
    },
    {
      "type": "Feature",
      "properties": {
        "@id": "way/812502457",
        "electrified": "contact_line",
        "frequency": "50",
        "gauge": "1676",
        "railway": "rail",
        "service": "yard",
        "voltage": "25000"
      },
      "geometry": {
        "type": "LineString",
        "coordinates": [
          [
            75.2405199,
            26.8724314
          ],
          [
            75.2425006,
            26.8727373
          ]
        ]
      },
      "id": "way/812502457"
    },
    {
      "type": "Feature",
      "properties": {
        "@id": "way/825174145",
        "electrified": "no",
        "gauge": "1676",
        "passenger_lines": "1",
        "railway": "rail",
        "service": "yard"
      },
      "geometry": {
        "type": "LineString",
        "coordinates": [
          [
            74.680872,
            26.4585566
          ],
          [
            74.6818141,
            26.4594976
          ]
        ]
      },
      "id": "way/825174145"
    },
    {
      "type": "Feature",
      "properties": {
        "@id": "way/825392107",
        "electrified": "contact_line",
        "frequency": "50",
        "gauge": "1676",
        "passenger_lines": "2",
        "railway": "rail",
        "usage": "main",
        "voltage": "25000"
      },
      "geometry": {
        "type": "LineString",
        "coordinates": [
          [
            74.6385599,
            26.4617139
          ],
          [
            74.6387157,
            26.4617922
          ]
        ]
      },
      "id": "way/825392107"
    },
    {
      "type": "Feature",
      "properties": {
        "@id": "way/825392115",
        "electrified": "contact_line",
        "frequency": "50",
        "gauge": "1676",
        "passenger_lines": "2",
        "railway": "rail",
        "usage": "main",
        "voltage": "25000"
      },
      "geometry": {
        "type": "LineString",
        "coordinates": [
          [
            74.6418814,
            26.4389865
          ],
          [
            74.6419488,
            26.4385162
          ],
          [
            74.6419729,
            26.43824
          ],
          [
            74.6419796,
            26.4379818
          ],
          [
            74.6419635,
            26.437696
          ],
          [
            74.641926,
            26.4373502
          ],
          [
            74.6418723,
            26.4370091
          ],
          [
            74.641816,
            26.4367425
          ],
          [
            74.6417382,
            26.4364399
          ],
          [
            74.6416309,
            26.4360821
          ],
          [
            74.6415407,
            26.4358238
          ],
          [
            74.6414646,
            26.4356257
          ],
          [
            74.6413359,
            26.4353495
          ],
          [
            74.6411964,
            26.4350854
          ],
          [
            74.6402442,
            26.4334425
          ],
          [
            74.6401289,
            26.4332192
          ],
          [
            74.6399948,
            26.4329598
          ],
          [
            74.6398701,
            26.432698
          ],
          [
            74.6397789,
            26.4324482
          ],
          [
            74.6396904,
            26.4321864
          ],
          [
            74.6395978,
            26.4318766
          ],
          [
            74.6395107,
            26.4315391
          ],
          [
            74.6394503,
            26.4312233
          ],
          [
            74.6394047,
            26.4308738
          ],
          [
            74.6392465,
            26.4292153
          ],
          [
            74.6391016,
            26.4277958
          ],
          [
            74.6390507,
            26.4274523
          ],
          [
            74.6389957,
            26.4271437
          ],
          [
            74.6389273,
            26.4268506
          ],
          [
            74.6388549,
            26.4265936
          ],
          [
            74.638769,
            26.426297
          ],
          [
            74.6386765,
            26.4260136
          ],
          [
            74.6385531,
            26.4256773
          ],
          [
            74.6383908,
            26.4252918
          ],
          [
            74.6363554,
            26.4204734
          ],
          [
            74.6360252,
            26.419677
          ]
        ]
      },
      "id": "way/825392115"
    },
    {
      "type": "Feature",
      "properties": {
        "@id": "way/825392118",
        "electrified": "contact_line",
        "frequency": "50",
        "gauge": "1676",
        "railway": "rail",
        "service": "crossover",
        "voltage": "25000"
      },
      "geometry": {
        "type": "LineString",
        "coordinates": [
          [
            74.625808,
            26.4042718
          ],
          [
            74.6254943,
            26.4039028
          ]
        ]
      },
      "id": "way/825392118"
    },
    {
      "type": "Feature",
      "properties": {
        "@id": "way/859327216",
        "railway": "rail",
        "service": "crossover"
      },
      "geometry": {
        "type": "LineString",
        "coordinates": [
          [
            75.4165743,
            26.8992349
          ],
          [
            75.4183601,
            26.899314
          ]
        ]
      },
      "id": "way/859327216"
    },
    {
      "type": "Feature",
      "properties": {
        "@id": "way/863292668",
        "bridge": "yes",
        "layer": "1",
        "network": "Jaipur Metro",
        "note": "Contributors are requested to not edit the \"network\" and the \"operator\" tags. (2023/11/08)",
        "operator": "Jaipur Metro Rail Corporation Limited",
        "railway": "subway",
        "subway": "yes"
      },
      "geometry": {
        "type": "LineString",
        "coordinates": [
          [
            75.7477574,
            26.8793764
          ],
          [
            75.748098,
            26.879339
          ],
          [
            75.7484972,
            26.8793111
          ],
          [
            75.7489277,
            26.8792789
          ],
          [
            75.7492579,
            26.8792525
          ],
          [
            75.7497934,
            26.8792159
          ],
          [
            75.7500481,
            26.8792027
          ],
          [
            75.7504342,
            26.879147
          ],
          [
            75.750569,
            26.8791245
          ],
          [
            75.7507759,
            26.8790899
          ],
          [
            75.7512424,
            26.8790269
          ],
          [
            75.7517813,
            26.8789595
          ],
          [
            75.752514,
            26.8789096
          ]
        ]
      },
      "id": "way/863292668"
    },
    {
      "type": "Feature",
      "properties": {
        "@id": "way/863292669",
        "network": "Jaipur Metro",
        "note": "Contributors are requested to not edit the \"network\" and the \"operator\" tags. (2023/11/08)",
        "operator": "Jaipur Metro Rail Corporation Limited",
        "railway": "subway",
        "subway": "yes"
      },
      "geometry": {
        "type": "LineString",
        "coordinates": [
          [
            75.752514,
            26.8789096
          ],
          [
            75.7529017,
            26.8788847
          ],
          [
            75.7540575,
            26.8788048
          ],
          [
            75.754271,
            26.8787901
          ],
          [
            75.7548219,
            26.8787443
          ],
          [
            75.7549222,
            26.8787315
          ],
          [
            75.7549542,
            26.8787275
          ],
          [
            75.7551244,
            26.8786937
          ],
          [
            75.7556105,
            26.8786456
          ]
        ]
      },
      "id": "way/863292669"
    },
    {
      "type": "Feature",
      "properties": {
        "@id": "way/863292670",
        "network": "Jaipur Metro",
        "note": "Contributors are requested to not edit the \"network\" and the \"operator\" tags. (2023/11/08)",
        "operator": "Jaipur Metro Rail Corporation Limited",
        "railway": "subway",
        "subway": "yes"
      },
      "geometry": {
        "type": "LineString",
        "coordinates": [
          [
            75.7556294,
            26.8788238
          ],
          [
            75.7553998,
            26.8788214
          ],
          [
            75.7552772,
            26.8788129
          ],
          [
            75.7550866,
            26.8787997
          ],
          [
            75.754776,
            26.8787973
          ],
          [
            75.7542953,
            26.878819
          ],
          [
            75.7537119,
            26.8788527
          ],
          [
            75.7532447,
            26.8788937
          ],
          [
            75.7524912,
            26.8789491
          ],
          [
            75.7520969,
            26.8789708
          ]
        ]
      },
      "id": "way/863292670"
    },
    {
      "type": "Feature",
      "properties": {
        "@id": "way/863292671",
        "bridge": "yes",
        "layer": "1",
        "network": "Jaipur Metro",
        "note": "Contributors are requested to not edit the \"network\" and the \"operator\" tags. (2023/11/08)",
        "operator": "Jaipur Metro Rail Corporation Limited",
        "railway": "subway",
        "subway": "yes"
      },
      "geometry": {
        "type": "LineString",
        "coordinates": [
          [
            75.7520969,
            26.8789708
          ],
          [
            75.7517593,
            26.8790214
          ],
          [
            75.7514191,
            26.879084
          ],
          [
            75.7504819,
            26.8792213
          ],
          [
            75.7500876,
            26.8792791
          ],
          [
            75.7493044,
            26.8793369
          ],
          [
            75.7488453,
            26.879373
          ],
          [
            75.7485293,
            26.8793914
          ]
        ]
      },
      "id": "way/863292671"
    },
    {
      "type": "Feature",
      "properties": {
        "@id": "way/863292672",
        "bridge": "yes",
        "layer": "1",
        "network": "Jaipur Metro",
        "note": "Contributors are requested to not edit the \"network\" and the \"operator\" tags. (2023/11/08)",
        "operator": "Jaipur Metro Rail Corporation Limited",
        "railway": "subway",
        "subway": "yes"
      },
      "geometry": {
        "type": "LineString",
        "coordinates": [
          [
            75.7475595,
            26.8794092
          ],
          [
            75.7478735,
            26.8793961
          ],
          [
            75.7481161,
            26.8793829
          ]
        ]
      },
      "id": "way/863292672"
    },
    {
      "type": "Feature",
      "properties": {
        "@id": "way/863292673",
        "network": "Jaipur Metro",
        "note": "Contributors are requested to not edit the \"network\" and the \"operator\" tags. (2023/11/08)",
        "operator": "Jaipur Metro Rail Corporation Limited",
        "railway": "subway",
        "subway": "yes"
      },
      "geometry": {
        "type": "LineString",
        "coordinates": [
          [
            75.7549222,
            26.8787315
          ],
          [
            75.7551489,
            26.8787322
          ],
          [
            75.755353,
            26.878746
          ],
          [
            75.7556329,
            26.8787474
          ]
        ]
      },
      "id": "way/863292673"
    },
    {
      "type": "Feature",
      "properties": {
        "@id": "way/863292674",
        "network": "Jaipur Metro",
        "note": "Contributors are requested to not edit the \"network\" and the \"operator\" tags. (2023/11/08)",
        "operator": "Jaipur Metro Rail Corporation Limited",
        "railway": "subway",
        "subway": "yes"
      },
      "geometry": {
        "type": "LineString",
        "coordinates": [
          [
            75.7556159,
            26.8785708
          ],
          [
            75.7554752,
            26.8785846
          ],
          [
            75.7551984,
            26.8786329
          ],
          [
            75.7550005,
            26.8786632
          ],
          [
            75.7547747,
            26.878677
          ],
          [
            75.7545567,
            26.8787005
          ],
          [
            75.7543774,
            26.878735
          ],
          [
            75.7542894,
            26.8787509
          ],
          [
            75.7541794,
            26.8787708
          ],
          [
            75.7540575,
            26.8788048
          ]
        ]
      },
      "id": "way/863292674"
    },
    {
      "type": "Feature",
      "properties": {
        "@id": "way/863292675",
        "network": "Jaipur Metro",
        "note": "Contributors are requested to not edit the \"network\" and the \"operator\" tags. (2023/11/08)",
        "operator": "Jaipur Metro Rail Corporation Limited",
        "railway": "subway",
        "subway": "yes"
      },
      "geometry": {
        "type": "LineString",
        "coordinates": [
          [
            75.7542894,
            26.8787509
          ],
          [
            75.7545474,
            26.8786591
          ],
          [
            75.7546368,
            26.8786309
          ],
          [
            75.7548227,
            26.8785722
          ],
          [
            75.755067,
            26.8784936
          ],
          [
            75.7551876,
            26.8784536
          ],
          [
            75.7552479,
            26.8784343
          ],
          [
            75.7556035,
            26.8783722
          ]
        ]
      },
      "id": "way/863292675"
    },
    {
      "type": "Feature",
      "properties": {
        "@id": "way/863292676",
        "network": "Jaipur Metro",
        "note": "Contributors are requested to not edit the \"network\" and the \"operator\" tags. (2023/11/08)",
        "operator": "Jaipur Metro Rail Corporation Limited",
        "railway": "subway",
        "subway": "yes"
      },
      "geometry": {
        "type": "LineString",
        "coordinates": [
          [
            75.755602,
            26.8785184
          ],
          [
            75.7554195,
            26.8785308
          ],
          [
            75.7551721,
            26.8785819
          ],
          [
            75.7548675,
            26.8786357
          ],
          [
            75.7545567,
            26.8787005
          ]
        ]
      },
      "id": "way/863292676"
    },
    {
      "type": "Feature",
      "properties": {
        "@id": "way/863292677",
        "network": "Jaipur Metro",
        "note": "Contributors are requested to not edit the \"network\" and the \"operator\" tags. (2023/11/08)",
        "operator": "Jaipur Metro Rail Corporation Limited",
        "railway": "subway",
        "subway": "yes"
      },
      "geometry": {
        "type": "LineString",
        "coordinates": [
          [
            75.7546368,
            26.8786309
          ],
          [
            75.7548598,
            26.8785957
          ],
          [
            75.755101,
            26.878546
          ],
          [
            75.7554164,
            26.8784867
          ],
          [
            75.7555989,
            26.8784646
          ]
        ]
      },
      "id": "way/863292677"
    },
    {
      "type": "Feature",
      "properties": {
        "@id": "way/863292678",
        "network": "Jaipur Metro",
        "note": "Contributors are requested to not edit the \"network\" and the \"operator\" tags. (2023/11/08)",
        "operator": "Jaipur Metro Rail Corporation Limited",
        "railway": "subway",
        "subway": "yes"
      },
      "geometry": {
        "type": "LineString",
        "coordinates": [
          [
            75.7521972,
            26.8786246
          ],
          [
            75.7528729,
            26.8785777
          ],
          [
            75.7533692,
            26.8785391
          ],
          [
            75.7536754,
            26.8785088
          ],
          [
            75.7538346,
            26.8785074
          ],
          [
            75.7541176,
            26.8785019
          ],
          [
            75.7543835,
            26.8785198
          ],
          [
            75.7545877,
            26.8785074
          ],
          [
            75.7548892,
            26.8784895
          ],
          [
            75.7550933,
            26.8784646
          ],
          [
            75.7551876,
            26.8784536
          ]
        ]
      },
      "id": "way/863292678"
    },
    {
      "type": "Feature",
      "properties": {
        "@id": "way/863292679",
        "network": "Jaipur Metro",
        "note": "Contributors are requested to not edit the \"network\" and the \"operator\" tags. (2023/11/08)",
        "operator": "Jaipur Metro Rail Corporation Limited",
        "railway": "subway",
        "subway": "yes"
      },
      "geometry": {
        "type": "LineString",
        "coordinates": [
          [
            75.7548892,
            26.8784895
          ],
          [
            75.7546851,
            26.8785377
          ],
          [
            75.754481,
            26.8785805
          ],
          [
            75.7542753,
            26.8786095
          ],
          [
            75.7540171,
            26.878626
          ],
          [
            75.7538331,
            26.8786329
          ],
          [
            75.7523982,
            26.8787474
          ]
        ]
      },
      "id": "way/863292679"
    },
    {
      "type": "Feature",
      "properties": {
        "@id": "way/863292680",
        "network": "Jaipur Metro",
        "note": "Contributors are requested to not edit the \"network\" and the \"operator\" tags. (2023/11/08)",
        "operator": "Jaipur Metro Rail Corporation Limited",
        "railway": "subway",
        "subway": "yes"
      },
      "geometry": {
        "type": "LineString",
        "coordinates": [
          [
            75.7523734,
            26.8787046
          ],
          [
            75.7531837,
            26.8786426
          ],
          [
            75.7536924,
            26.8786081
          ],
          [
            75.7542506,
            26.8785764
          ],
          [
            75.7544902,
            26.8785529
          ],
          [
            75.7546851,
            26.8785377
          ]
        ]
      },
      "id": "way/863292680"
    },
    {
      "type": "Feature",
      "properties": {
        "@id": "way/863292681",
        "network": "Jaipur Metro",
        "note": "Contributors are requested to not edit the \"network\" and the \"operator\" tags. (2023/11/08)",
        "operator": "Jaipur Metro Rail Corporation Limited",
        "railway": "subway",
        "subway": "yes"
      },
      "geometry": {
        "type": "LineString",
        "coordinates": [
          [
            75.7522374,
            26.8786688
          ],
          [
            75.7531265,
            26.8786081
          ],
          [
            75.7536182,
            26.8785708
          ],
          [
            75.7542088,
            26.8785433
          ],
          [
            75.7543835,
            26.8785198
          ]
        ]
      },
      "id": "way/863292681"
    },
    {
      "type": "Feature",
      "properties": {
        "@id": "way/863292682",
        "network": "Jaipur Metro",
        "note": "Contributors are requested to not edit the \"network\" and the \"operator\" tags. (2023/11/08)",
        "operator": "Jaipur Metro Rail Corporation Limited",
        "railway": "subway",
        "subway": "yes"
      },
      "geometry": {
        "type": "LineString",
        "coordinates": [
          [
            75.7506352,
            26.8785884
          ],
          [
            75.7511072,
            26.8786012
          ],
          [
            75.7512069,
            26.8786064
          ],
          [
            75.7513548,
            26.8786141
          ],
          [
            75.7516483,
            26.8786372
          ],
          [
            75.7518095,
            26.8786706
          ],
          [
            75.7521088,
            26.8787501
          ],
          [
            75.7522395,
            26.878783
          ],
          [
            75.7524053,
            26.8788246
          ],
          [
            75.7526096,
            26.8788528
          ],
          [
            75.7529017,
            26.8788847
          ]
        ]
      },
      "id": "way/863292682"
    },
    {
      "type": "Feature",
      "properties": {
        "@id": "way/863292683",
        "network": "Jaipur Metro",
        "note": "Contributors are requested to not edit the \"network\" and the \"operator\" tags. (2023/11/08)",
        "operator": "Jaipur Metro Rail Corporation Limited",
        "railway": "subway",
        "subway": "yes"
      },
      "geometry": {
        "type": "LineString",
        "coordinates": [
          [
            75.7515131,
            26.8788195
          ],
          [
            75.7526096,
            26.8788528
          ]
        ]
      },
      "id": "way/863292683"
    },
    {
      "type": "Feature",
      "properties": {
        "@id": "way/863292684",
        "network": "Jaipur Metro",
        "note": "Contributors are requested to not edit the \"network\" and the \"operator\" tags. (2023/11/08)",
        "operator": "Jaipur Metro Rail Corporation Limited",
        "railway": "subway",
        "subway": "yes"
      },
      "geometry": {
        "type": "LineString",
        "coordinates": [
          [
            75.7525636,
            26.8787784
          ],
          [
            75.7540056,
            26.8786757
          ],
          [
            75.7543884,
            26.8786474
          ],
          [
            75.7545985,
            26.8786166
          ],
          [
            75.7548227,
            26.8785722
          ]
        ]
      },
      "id": "way/863292684"
    },
    {
      "type": "Feature",
      "properties": {
        "@id": "way/863292685",
        "network": "Jaipur Metro",
        "note": "Contributors are requested to not edit the \"network\" and the \"operator\" tags. (2023/11/08)",
        "operator": "Jaipur Metro Rail Corporation Limited",
        "railway": "subway",
        "subway": "yes"
      },
      "geometry": {
        "type": "LineString",
        "coordinates": [
          [
            75.7553439,
            26.8779954
          ],
          [
            75.7542531,
            26.878116
          ],
          [
            75.7540343,
            26.8781366
          ],
          [
            75.7535048,
            26.878134
          ],
          [
            75.7531795,
            26.878116
          ],
          [
            75.752944,
            26.8780978
          ],
          [
            75.7517174,
            26.8780031
          ],
          [
            75.750995,
            26.8779338
          ],
          [
            75.7507417,
            26.8779106
          ]
        ]
      },
      "id": "way/863292685"
    },
    {
      "type": "Feature",
      "properties": {
        "@id": "way/863292686",
        "network": "Jaipur Metro",
        "note": "Contributors are requested to not edit the \"network\" and the \"operator\" tags. (2023/11/08)",
        "operator": "Jaipur Metro Rail Corporation Limited",
        "railway": "subway",
        "subway": "yes"
      },
      "geometry": {
        "type": "LineString",
        "coordinates": [
          [
            75.752944,
            26.8780978
          ],
          [
            75.7532025,
            26.8781391
          ],
          [
            75.7534645,
            26.8782187
          ],
          [
            75.7539394,
            26.8783753
          ],
          [
            75.7542358,
            26.8784549
          ],
          [
            75.7543855,
            26.8784831
          ],
          [
            75.7545877,
            26.8785074
          ]
        ]
      },
      "id": "way/863292686"
    },
    {
      "type": "Feature",
      "properties": {
        "@id": "way/863292687",
        "network": "Jaipur Metro",
        "note": "Contributors are requested to not edit the \"network\" and the \"operator\" tags. (2023/11/08)",
        "operator": "Jaipur Metro Rail Corporation Limited",
        "railway": "subway",
        "subway": "yes"
      },
      "geometry": {
        "type": "LineString",
        "coordinates": [
          [
            75.7539394,
            26.8783753
          ],
          [
            75.7535738,
            26.8782752
          ],
          [
            75.7532544,
            26.8782341
          ],
          [
            75.7530932,
            26.8782085
          ],
          [
            75.7515418,
            26.8781263
          ]
        ]
      },
      "id": "way/863292687"
    },
    {
      "type": "Feature",
      "properties": {
        "@id": "way/863292688",
        "network": "Jaipur Metro",
        "note": "Contributors are requested to not edit the \"network\" and the \"operator\" tags. (2023/11/08)",
        "operator": "Jaipur Metro Rail Corporation Limited",
        "railway": "subway",
        "subway": "yes"
      },
      "geometry": {
        "type": "LineString",
        "coordinates": [
          [
            75.7506489,
            26.8782921
          ],
          [
            75.7509133,
            26.8783086
          ],
          [
            75.7510926,
            26.8783362
          ],
          [
            75.7513292,
            26.8784052
          ],
          [
            75.7515271,
            26.8784728
          ],
          [
            75.7519338,
            26.8786521
          ],
          [
            75.7522395,
            26.878783
          ]
        ]
      },
      "id": "way/863292688"
    },
    {
      "type": "Feature",
      "properties": {
        "@id": "way/863292689",
        "network": "Jaipur Metro",
        "note": "Contributors are requested to not edit the \"network\" and the \"operator\" tags. (2023/11/08)",
        "operator": "Jaipur Metro Rail Corporation Limited",
        "railway": "subway",
        "subway": "yes"
      },
      "geometry": {
        "type": "LineString",
        "coordinates": [
          [
            75.7506272,
            26.8785183
          ],
          [
            75.7509055,
            26.8785459
          ],
          [
            75.751071,
            26.8785845
          ],
          [
            75.7512069,
            26.8786064
          ]
        ]
      },
      "id": "way/863292689"
    },
    {
      "type": "Feature",
      "properties": {
        "@id": "way/863292690",
        "network": "Jaipur Metro",
        "note": "Contributors are requested to not edit the \"network\" and the \"operator\" tags. (2023/11/08)",
        "operator": "Jaipur Metro Rail Corporation Limited",
        "railway": "subway",
        "subway": "yes"
      },
      "geometry": {
        "type": "LineString",
        "coordinates": [
          [
            75.7506334,
            26.8784714
          ],
          [
            75.7509519,
            26.8784769
          ],
          [
            75.7511699,
            26.8784948
          ],
          [
            75.7514359,
            26.8785541
          ],
          [
            75.7516468,
            26.8786199
          ],
          [
            75.7518095,
            26.8786706
          ]
        ]
      },
      "id": "way/863292690"
    },
    {
      "type": "Feature",
      "properties": {
        "@id": "way/863292691",
        "network": "Jaipur Metro",
        "note": "Contributors are requested to not edit the \"network\" and the \"operator\" tags. (2023/11/08)",
        "operator": "Jaipur Metro Rail Corporation Limited",
        "railway": "subway",
        "subway": "yes"
      },
      "geometry": {
        "type": "LineString",
        "coordinates": [
          [
            75.7506349,
            26.8783707
          ],
          [
            75.7508128,
            26.8783735
          ],
          [
            75.7509813,
            26.8783928
          ],
          [
            75.7511344,
            26.8784328
          ],
          [
            75.7512967,
            26.8784824
          ],
          [
            75.7514313,
            26.8785279
          ],
          [
            75.7516468,
            26.8786199
          ]
        ]
      },
      "id": "way/863292691"
    },
    {
      "type": "Feature",
      "properties": {
        "@id": "way/863292692",
        "network": "Jaipur Metro",
        "note": "Contributors are requested to not edit the \"network\" and the \"operator\" tags. (2023/11/08)",
        "operator": "Jaipur Metro Rail Corporation Limited",
        "railway": "subway",
        "subway": "yes"
      },
      "geometry": {
        "type": "LineString",
        "coordinates": [
          [
            75.750994,
            26.8782343
          ],
          [
            75.7516625,
            26.8783749
          ],
          [
            75.7519371,
            26.878393
          ],
          [
            75.7524226,
            26.8784067
          ],
          [
            75.7528775,
            26.8784248
          ],
          [
            75.7532792,
            26.8784339
          ],
          [
            75.7537367,
            26.878452
          ],
          [
            75.7540137,
            26.8784679
          ],
          [
            75.7543855,
            26.8784831
          ]
        ]
      },
      "id": "way/863292692"
    },
    {
      "type": "Feature",
      "properties": {
        "@id": "way/863292693",
        "network": "Jaipur Metro",
        "note": "Contributors are requested to not edit the \"network\" and the \"operator\" tags. (2023/11/08)",
        "operator": "Jaipur Metro Rail Corporation Limited",
        "railway": "subway",
        "subway": "yes"
      },
      "geometry": {
        "type": "LineString",
        "coordinates": [
          [
            75.7531434,
            26.8782803
          ],
          [
            75.7534725,
            26.8783083
          ],
          [
            75.7536678,
            26.8783412
          ],
          [
            75.7539655,
            26.8784046
          ],
          [
            75.754158,
            26.8784582
          ],
          [
            75.7543855,
            26.8784831
          ]
        ]
      },
      "id": "way/863292693"
    },
    {
      "type": "Feature",
      "properties": {
        "@id": "way/863292694",
        "network": "Jaipur Metro",
        "note": "Contributors are requested to not edit the \"network\" and the \"operator\" tags. (2023/11/08)",
        "operator": "Jaipur Metro Rail Corporation Limited",
        "railway": "subway",
        "subway": "yes"
      },
      "geometry": {
        "type": "LineString",
        "coordinates": [
          [
            75.7556269,
            26.8787781
          ],
          [
            75.7554289,
            26.8787891
          ],
          [
            75.7552772,
            26.8788129
          ]
        ]
      },
      "id": "way/863292694"
    },
    {
      "type": "Feature",
      "properties": {
        "@id": "way/863482405",
        "electrified": "contact_line",
        "frequency": "50",
        "gauge": "1676",
        "name": "Jaipur to Sawai Madhopur Line",
        "railway": "rail",
        "source": "Esri World Imagery (2024-09-15)",
        "usage": "main",
        "voltage": "25000"
      },
      "geometry": {
        "type": "LineString",
        "coordinates": [
          [
            75.7865276,
            26.8513911
          ],
          [
            75.7865263,
            26.8522563
          ],
          [
            75.7865311,
            26.8523303
          ],
          [
            75.78705,
            26.8604826
          ],
          [
            75.7870609,
            26.8606365
          ],
          [
            75.7871579,
            26.8614794
          ]
        ]
      },
      "id": "way/863482405"
    },
    {
      "type": "Feature",
      "properties": {
        "@id": "way/863482406",
        "electrified": "no",
        "gauge": "1676",
        "railway": "rail",
        "service": "siding",
        "usage": "branch"
      },
      "geometry": {
        "type": "LineString",
        "coordinates": [
          [
            75.7865311,
            26.8523303
          ],
          [
            75.7865401,
            26.8528724
          ],
          [
            75.7865304,
            26.8532326
          ],
          [
            75.7865231,
            26.8535384
          ],
          [
            75.7865207,
            26.8538031
          ],
          [
            75.7865353,
            26.8539658
          ],
          [
            75.786579,
            26.8547013
          ],
          [
            75.7866082,
            26.8553565
          ],
          [
            75.7866617,
            26.856042
          ],
          [
            75.7867055,
            26.8567319
          ],
          [
            75.7867565,
            26.8575953
          ],
          [
            75.7868003,
            26.8582006
          ],
          [
            75.7868344,
            26.8589469
          ],
          [
            75.7868635,
            26.8592224
          ],
          [
            75.7869292,
            26.8596064
          ],
          [
            75.78705,
            26.8604826
          ]
        ]
      },
      "id": "way/863482406"
    },
    {
      "type": "Feature",
      "properties": {
        "@id": "way/863690666",
        "electrified": "no",
        "gauge": "1676",
        "railway": "rail",
        "service": "siding"
      },
      "geometry": {
        "type": "LineString",
        "coordinates": [
          [
            75.8864616,
            26.8358862
          ],
          [
            75.8871519,
            26.8359476
          ],
          [
            75.8873693,
            26.8359539
          ],
          [
            75.8875572,
            26.8359572
          ],
          [
            75.8880876,
            26.8359666
          ],
          [
            75.8886476,
            26.8359835
          ],
          [
            75.8911247,
            26.8360467
          ],
          [
            75.8951792,
            26.8361501
          ],
          [
            75.8961377,
            26.8361135
          ]
        ]
      },
      "id": "way/863690666"
    },
    {
      "type": "Feature",
      "properties": {
        "@id": "way/865107642",
        "electrified": "no",
        "gauge": "1676",
        "railway": "rail",
        "service": "yard"
      },
      "geometry": {
        "type": "LineString",
        "coordinates": [
          [
            75.7723228,
            26.9306739
          ],
          [
            75.7729927,
            26.9302672
          ],
          [
            75.7735458,
            26.9298844
          ],
          [
            75.7738681,
            26.9296357
          ],
          [
            75.7743995,
            26.9292877
          ]
        ]
      },
      "id": "way/865107642"
    },
    {
      "type": "Feature",
      "properties": {
        "@id": "way/865107643",
        "bridge": "yes",
        "electrified": "no",
        "gauge": "1676",
        "layer": "1",
        "railway": "rail",
        "service": "yard"
      },
      "geometry": {
        "type": "LineString",
        "coordinates": [
          [
            75.7743995,
            26.9292877
          ],
          [
            75.7749896,
            26.9290024
          ]
        ]
      },
      "id": "way/865107643"
    },
    {
      "type": "Feature",
      "properties": {
        "@id": "way/866422980",
        "electrified": "no",
        "gauge": "1676",
        "railway": "rail",
        "service": "yard"
      },
      "geometry": {
        "type": "LineString",
        "coordinates": [
          [
            75.7877049,
            26.9185693
          ],
          [
            75.7873306,
            26.9189537
          ],
          [
            75.7860063,
            26.9202607
          ],
          [
            75.7856224,
            26.9206279
          ],
          [
            75.7854251,
            26.920799
          ],
          [
            75.7852748,
            26.9209157
          ]
        ]
      },
      "id": "way/866422980"
    },
    {
      "type": "Feature",
      "properties": {
        "@id": "way/866867106",
        "electrified": "contact_line",
        "frequency": "50",
        "gauge": "1676",
        "passenger_lines": "1",
        "railway": "rail",
        "usage": "main",
        "voltage": "25000"
      },
      "geometry": {
        "type": "LineString",
        "coordinates": [
          [
            75.7838986,
            26.7993328
          ],
          [
            75.7876755,
            26.7956526
          ],
          [
            75.7888922,
            26.7944613
          ],
          [
            75.7896002,
            26.7938097
          ],
          [
            75.7901424,
            26.793436
          ],
          [
            75.7906026,
            26.7931631
          ],
          [
            75.7915564,
            26.7927051
          ],
          [
            75.7955032,
            26.7909867
          ],
          [
            75.7987191,
            26.7895599
          ]
        ]
      },
      "id": "way/866867106"
    },
    {
      "type": "Feature",
      "properties": {
        "@id": "way/866867107",
        "bridge": "yes",
        "electrified": "contact_line",
        "frequency": "50",
        "gauge": "1676",
        "layer": "1",
        "passenger_lines": "1",
        "railway": "rail",
        "usage": "main",
        "voltage": "25000"
      },
      "geometry": {
        "type": "LineString",
        "coordinates": [
          [
            75.7987191,
            26.7895599
          ],
          [
            75.798828,
            26.7895116
          ]
        ]
      },
      "id": "way/866867107"
    },
    {
      "type": "Feature",
      "properties": {
        "@id": "way/866867108",
        "electrified": "contact_line",
        "frequency": "50",
        "gauge": "1676",
        "passenger_lines": "1",
        "railway": "rail",
        "usage": "main",
        "voltage": "25000"
      },
      "geometry": {
        "type": "LineString",
        "coordinates": [
          [
            75.798828,
            26.7895116
          ],
          [
            75.804155,
            26.7871481
          ],
          [
            75.8121372,
            26.7836006
          ],
          [
            75.8157832,
            26.7819868
          ],
          [
            75.8184401,
            26.7808037
          ],
          [
            75.8203083,
            26.7799839
          ],
          [
            75.8235573,
            26.7785087
          ],
          [
            75.8269258,
            26.7770492
          ],
          [
            75.8353787,
            26.7732321
          ],
          [
            75.8416951,
            26.7704035
          ],
          [
            75.8446212,
            26.7691183
          ],
          [
            75.8460685,
            26.7684686
          ],
          [
            75.8474751,
            26.7678383
          ],
          [
            75.8484093,
            26.7672865
          ],
          [
            75.8495766,
            26.7664435
          ],
          [
            75.8515743,
            26.7650028
          ],
          [
            75.8549032,
            26.7626127
          ]
        ]
      },
      "id": "way/866867108"
    },
    {
      "type": "Feature",
      "properties": {
        "@id": "way/866867109",
        "bridge": "yes",
        "electrified": "contact_line",
        "frequency": "50",
        "gauge": "1676",
        "layer": "1",
        "passenger_lines": "1",
        "railway": "rail",
        "usage": "main",
        "voltage": "25000"
      },
      "geometry": {
        "type": "LineString",
        "coordinates": [
          [
            75.8549032,
            26.7626127
          ],
          [
            75.8551365,
            26.7624451
          ]
        ]
      },
      "id": "way/866867109"
    },
    {
      "type": "Feature",
      "properties": {
        "@id": "way/872691902",
        "bridge": "yes",
        "electrified": "contact_line",
        "frequency": "50",
        "gauge": "1435",
        "layer": "2",
        "name": "Pink Line (Jaipur Metro)",
        "network": "Jaipur Metro",
        "note": "Contributors are requested to not edit the \"network\" and the \"operator\" tags. (2023/11/08)",
        "operator": "Jaipur Metro Rail Corporation Limited",
        "railway": "subway",
        "subway": "yes",
        "tracks": "2",
        "voltage": "25000"
      },
      "geometry": {
        "type": "LineString",
        "coordinates": [
          [
            75.7502156,
            26.8794171
          ],
          [
            75.7496325,
            26.8794033
          ],
          [
            75.7491161,
            26.8794026
          ],
          [
            75.7487875,
            26.8793968
          ],
          [
            75.7485293,
            26.8793914
          ],
          [
            75.7481161,
            26.8793829
          ],
          [
            75.7478691,
            26.8793777
          ],
          [
            75.7477574,
            26.8793764
          ],
          [
            75.7471085,
            26.8793689
          ],
          [
            75.7464875,
            26.8793514
          ],
          [
            75.7460078,
            26.8793294
          ],
          [
            75.7453845,
            26.8793216
          ],
          [
            75.7444529,
            26.8793799
          ]
        ]
      },
      "id": "way/872691902"
    },
    {
      "type": "Feature",
      "properties": {
        "@id": "way/878392573",
        "electrified": "contact_line",
        "frequency": "50",
        "gauge": "1676",
        "passenger_lines": "1",
        "railway": "rail",
        "usage": "main",
        "voltage": "25000"
      },
      "geometry": {
        "type": "LineString",
        "coordinates": [
          [
            75.7765439,
            26.8065705
          ],
          [
            75.7782363,
            26.804867
          ],
          [
            75.7799886,
            26.8031519
          ]
        ]
      },
      "id": "way/878392573"
    },
    {
      "type": "Feature",
      "properties": {
        "@id": "way/878392574",
        "bridge": "yes",
        "electrified": "contact_line",
        "frequency": "50",
        "gauge": "1676",
        "layer": "1",
        "passenger_lines": "1",
        "railway": "rail",
        "usage": "main",
        "voltage": "25000"
      },
      "geometry": {
        "type": "LineString",
        "coordinates": [
          [
            75.7799886,
            26.8031519
          ],
          [
            75.7800633,
            26.8030787
          ]
        ]
      },
      "id": "way/878392574"
    },
    {
      "type": "Feature",
      "properties": {
        "@id": "way/878392577",
        "electrified": "contact_line",
        "frequency": "50",
        "gauge": "1676",
        "passenger_lines": "1",
        "railway": "rail",
        "usage": "main",
        "voltage": "25000"
      },
      "geometry": {
        "type": "LineString",
        "coordinates": [
          [
            75.7800633,
            26.8030787
          ],
          [
            75.7820557,
            26.8011285
          ],
          [
            75.7836794,
            26.7995463
          ]
        ]
      },
      "id": "way/878392577"
    },
    {
      "type": "Feature",
      "properties": {
        "@id": "way/878392578",
        "bridge": "yes",
        "electrified": "contact_line",
        "frequency": "50",
        "gauge": "1676",
        "layer": "1",
        "passenger_lines": "1",
        "railway": "rail",
        "usage": "main",
        "voltage": "25000"
      },
      "geometry": {
        "type": "LineString",
        "coordinates": [
          [
            75.7836794,
            26.7995463
          ],
          [
            75.7838986,
            26.7993328
          ]
        ]
      },
      "id": "way/878392578"
    },
    {
      "type": "Feature",
      "properties": {
        "@id": "way/892931904",
        "electrified": "no",
        "gauge": "1676",
        "railway": "rail",
        "service": "siding"
      },
      "geometry": {
        "type": "LineString",
        "coordinates": [
          [
            74.6419153,
            26.4416516
          ],
          [
            74.6420869,
            26.4414234
          ],
          [
            74.6423846,
            26.4411568
          ],
          [
            74.6427307,
            26.4410079
          ],
          [
            74.6430498,
            26.4409719
          ],
          [
            74.6434548,
            26.4410223
          ],
          [
            74.6438625,
            26.4411544
          ],
          [
            74.6440932,
            26.4413201
          ],
          [
            74.644257,
            26.4415374
          ],
          [
            74.6443212,
            26.4416227
          ],
          [
            74.6444151,
            26.4419542
          ],
          [
            74.6443963,
            26.4422568
          ],
          [
            74.6441469,
            26.4432823
          ],
          [
            74.6440583,
            26.4434528
          ],
          [
            74.643943,
            26.4436329
          ],
          [
            74.6438947,
            26.4437506
          ],
          [
            74.6437535,
            26.4441187
          ],
          [
            74.6437418,
            26.4441492
          ],
          [
            74.6435219,
            26.4451891
          ]
        ]
      },
      "id": "way/892931904"
    },
    {
      "type": "Feature",
      "properties": {
        "@id": "way/892931905",
        "electrified": "no",
        "gauge": "1676",
        "railway": "rail",
        "service": "siding"
      },
      "geometry": {
        "type": "LineString",
        "coordinates": [
          [
            74.6464519,
            26.4323526
          ],
          [
            74.6463329,
            26.4329093
          ],
          [
            74.6461612,
            26.4332456
          ],
          [
            74.6457696,
            26.433726
          ],
          [
            74.6455765,
            26.4340382
          ],
          [
            74.6454906,
            26.4343072
          ],
          [
            74.6453619,
            26.4347971
          ],
          [
            74.6452331,
            26.4356809
          ],
          [
            74.6451688,
            26.4363439
          ],
          [
            74.6441656,
            26.4405132
          ]
        ]
      },
      "id": "way/892931905"
    },
    {
      "type": "Feature",
      "properties": {
        "@id": "way/892931906",
        "electrified": "no",
        "gauge": "1676",
        "railway": "rail",
        "service": "siding"
      },
      "geometry": {
        "type": "LineString",
        "coordinates": [
          [
            74.646576,
            26.4321357
          ],
          [
            74.6465206,
            26.4322296
          ],
          [
            74.6464519,
            26.4323526
          ],
          [
            74.6463034,
            26.4326187
          ],
          [
            74.6460003,
            26.4329478
          ],
          [
            74.6457052,
            26.4332144
          ],
          [
            74.6442327,
            26.4341198
          ],
          [
            74.6439162,
            26.4343384
          ],
          [
            74.6436802,
            26.434545
          ],
          [
            74.6434548,
            26.4348212
          ],
          [
            74.6433234,
            26.4351718
          ],
          [
            74.6428405,
            26.4366216
          ],
          [
            74.6422478,
            26.4397615
          ],
          [
            74.6421942,
            26.4403235
          ],
          [
            74.6421245,
            26.4405156
          ],
          [
            74.6419957,
            26.4407149
          ],
          [
            74.641584,
            26.4413474
          ],
          [
            74.6415424,
            26.4414138
          ],
          [
            74.6414003,
            26.4417644
          ],
          [
            74.6413113,
            26.4420295
          ]
        ]
      },
      "id": "way/892931906"
    },
    {
      "type": "Feature",
      "properties": {
        "@id": "way/893640193",
        "electrified": "no",
        "gauge": "1676",
        "railway": "rail",
        "service": "siding"
      },
      "geometry": {
        "type": "LineString",
        "coordinates": [
          [
            74.6476204,
            26.4297783
          ],
          [
            74.6473333,
            26.4306348
          ],
          [
            74.6472555,
            26.430851
          ],
          [
            74.6469712,
            26.431425
          ],
          [
            74.6467164,
            26.4318597
          ],
          [
            74.6466398,
            26.4320045
          ]
        ]
      },
      "id": "way/893640193"
    },
    {
      "type": "Feature",
      "properties": {
        "@id": "way/893640194",
        "bridge": "yes",
        "electrified": "no",
        "gauge": "1676",
        "layer": "1",
        "railway": "rail",
        "service": "siding"
      },
      "geometry": {
        "type": "LineString",
        "coordinates": [
          [
            74.6466398,
            26.4320045
          ],
          [
            74.646576,
            26.4321357
          ]
        ]
      },
      "id": "way/893640194"
    },
    {
      "type": "Feature",
      "properties": {
        "@id": "way/910476437",
        "electrified": "contact_line",
        "frequency": "50",
        "gauge": "1676",
        "passenger_lines": "1",
        "railway": "rail",
        "usage": "main",
        "voltage": "25000"
      },
      "geometry": {
        "type": "LineString",
        "coordinates": [
          [
            75.7904118,
            26.9126125
          ],
          [
            75.7904519,
            26.9131277
          ],
          [
            75.790517,
            26.9141485
          ]
        ]
      },
      "id": "way/910476437"
    },
    {
      "type": "Feature",
      "properties": {
        "@id": "way/910476438",
        "gauge": "1676",
        "railway": "rail"
      },
      "geometry": {
        "type": "LineString",
        "coordinates": [
          [
            75.7903412,
            26.9122252
          ],
          [
            75.7903427,
            26.9114235
          ]
        ]
      },
      "id": "way/910476438"
    },
    {
      "type": "Feature",
      "properties": {
        "@id": "way/910476439",
        "gauge": "1676",
        "railway": "rail"
      },
      "geometry": {
        "type": "LineString",
        "coordinates": [
          [
            75.7791952,
            26.9264698
          ],
          [
            75.7794895,
            26.9261745
          ],
          [
            75.7796031,
            26.926084
          ],
          [
            75.7797678,
            26.925948
          ],
          [
            75.7801707,
            26.9255207
          ],
          [
            75.7803453,
            26.9253332
          ],
          [
            75.7805389,
            26.9251444
          ],
          [
            75.780917,
            26.924808
          ],
          [
            75.7812125,
            26.9245573
          ],
          [
            75.7812997,
            26.9244741
          ],
          [
            75.781556,
            26.9242169
          ],
          [
            75.781706,
            26.9240902
          ]
        ]
      },
      "id": "way/910476439"
    },
    {
      "type": "Feature",
      "properties": {
        "@id": "way/910476440",
        "electrified": "no",
        "gauge": "1676",
        "railway": "rail",
        "service": "siding"
      },
      "geometry": {
        "type": "LineString",
        "coordinates": [
          [
            75.781706,
            26.9240902
          ],
          [
            75.7818924,
            26.9239084
          ],
          [
            75.7819662,
            26.9238331
          ],
          [
            75.7820895,
            26.9236932
          ],
          [
            75.7823818,
            26.9233958
          ],
          [
            75.7825482,
            26.9232472
          ],
          [
            75.7875317,
            26.9192329
          ],
          [
            75.7876269,
            26.91916
          ],
          [
            75.787816,
            26.9190285
          ],
          [
            75.7880809,
            26.9188882
          ]
        ]
      },
      "id": "way/910476440"
    },
    {
      "type": "Feature",
      "properties": {
        "@id": "way/910808778",
        "electrified": "contact_line",
        "frequency": "50",
        "gauge": "1676",
        "passenger_lines": "2",
        "railway": "rail",
        "usage": "main",
        "voltage": "25000"
      },
      "geometry": {
        "type": "LineString",
        "coordinates": [
          [
            75.8864616,
            26.8358862
          ],
          [
            75.8961377,
            26.8361135
          ]
        ]
      },
      "id": "way/910808778"
    },
    {
      "type": "Feature",
      "properties": {
        "@id": "way/910808779",
        "electrified": "contact_line",
        "frequency": "50",
        "gauge": "1676",
        "passenger_lines": "2",
        "railway": "rail",
        "usage": "main",
        "voltage": "25000"
      },
      "geometry": {
        "type": "LineString",
        "coordinates": [
          [
            75.8956076,
            26.8360566
          ],
          [
            75.8865299,
            26.8358405
          ]
        ]
      },
      "id": "way/910808779"
    },
    {
      "type": "Feature",
      "properties": {
        "@id": "way/910808780",
        "electrified": "contact_line",
        "frequency": "50",
        "gauge": "1676",
        "passenger_lines": "2",
        "railway": "rail",
        "usage": "main",
        "voltage": "25000"
      },
      "geometry": {
        "type": "LineString",
        "coordinates": [
          [
            75.9207571,
            26.8386786
          ],
          [
            75.9196971,
            26.8379262
          ],
          [
            75.918901,
            26.837442
          ],
          [
            75.9186111,
            26.8372943
          ],
          [
            75.9181203,
            26.8370905
          ],
          [
            75.9176904,
            26.8369457
          ],
          [
            75.9171903,
            26.8368053
          ],
          [
            75.9167353,
            26.836698
          ],
          [
            75.9162734,
            26.8366219
          ],
          [
            75.9156966,
            26.836554
          ],
          [
            75.9151465,
            26.8365228
          ],
          [
            75.9144213,
            26.8364917
          ],
          [
            75.8978886,
            26.8361181
          ],
          [
            75.8957835,
            26.8360628
          ],
          [
            75.8956076,
            26.8360566
          ]
        ]
      },
      "id": "way/910808780"
    },
    {
      "type": "Feature",
      "properties": {
        "@id": "way/910808781",
        "electrified": "contact_line",
        "frequency": "50",
        "gauge": "1676",
        "passenger_lines": "2",
        "railway": "rail",
        "usage": "main",
        "voltage": "25000"
      },
      "geometry": {
        "type": "LineString",
        "coordinates": [
          [
            75.8961377,
            26.8361135
          ],
          [
            75.8967491,
            26.8361326
          ],
          [
            75.8978871,
            26.8361658
          ],
          [
            75.91442,
            26.8365374
          ],
          [
            75.9151424,
            26.8365682
          ],
          [
            75.9156751,
            26.8366009
          ],
          [
            75.9162627,
            26.8366748
          ],
          [
            75.9167072,
            26.8367574
          ],
          [
            75.917187,
            26.8368712
          ],
          [
            75.9176572,
            26.8370195
          ],
          [
            75.9180275,
            26.8371554
          ],
          [
            75.9184824,
            26.8373369
          ],
          [
            75.9191933,
            26.8377226
          ],
          [
            75.9207687,
            26.8388101
          ]
        ]
      },
      "id": "way/910808781"
    },
    {
      "type": "Feature",
      "properties": {
        "@id": "way/910808782",
        "electrified": "contact_line",
        "frequency": "50",
        "gauge": "1676",
        "passenger_lines": "2",
        "railway": "rail",
        "usage": "main",
        "voltage": "25000"
      },
      "geometry": {
        "type": "LineString",
        "coordinates": [
          [
            75.7999718,
            26.8701939
          ],
          [
            75.797619,
            26.878068
          ]
        ]
      },
      "id": "way/910808782"
    },
    {
      "type": "Feature",
      "properties": {
        "@id": "way/910808783",
        "electrified": "contact_line",
        "frequency": "50",
        "gauge": "1676",
        "passenger_lines": "2",
        "railway": "rail",
        "usage": "main",
        "voltage": "25000"
      },
      "geometry": {
        "type": "LineString",
        "coordinates": [
          [
            75.7977944,
            26.8776657
          ],
          [
            75.8002381,
            26.8694796
          ]
        ]
      },
      "id": "way/910808783"
    },
    {
      "type": "Feature",
      "properties": {
        "@id": "way/910808784",
        "electrified": "contact_line",
        "frequency": "50",
        "gauge": "1676",
        "passenger_lines": "2",
        "railway": "rail",
        "usage": "main",
        "voltage": "25000"
      },
      "geometry": {
        "type": "LineString",
        "coordinates": [
          [
            75.7927248,
            26.8944014
          ],
          [
            75.7930828,
            26.8933166
          ],
          [
            75.794023,
            26.8901029
          ],
          [
            75.7940501,
            26.8900103
          ],
          [
            75.7943788,
            26.888892
          ],
          [
            75.7959324,
            26.8838548
          ],
          [
            75.796928,
            26.8806089
          ],
          [
            75.7975896,
            26.8783595
          ],
          [
            75.7977944,
            26.8776657
          ]
        ]
      },
      "id": "way/910808784"
    },
    {
      "type": "Feature",
      "properties": {
        "@id": "way/910808785",
        "electrified": "contact_line",
        "frequency": "50",
        "gauge": "1676",
        "passenger_lines": "2",
        "railway": "rail",
        "usage": "main",
        "voltage": "25000"
      },
      "geometry": {
        "type": "LineString",
        "coordinates": [
          [
            75.8048154,
            26.8601219
          ],
          [
            75.8031408,
            26.8623415
          ],
          [
            75.8024451,
            26.8632612
          ],
          [
            75.8021972,
            26.8636682
          ],
          [
            75.8019284,
            26.864162
          ],
          [
            75.8016916,
            26.8646576
          ],
          [
            75.8014905,
            26.8651302
          ],
          [
            75.8013359,
            26.8656037
          ],
          [
            75.7999718,
            26.8701939
          ]
        ]
      },
      "id": "way/910808785"
    },
    {
      "type": "Feature",
      "properties": {
        "@id": "way/910808790",
        "electrified": "no",
        "gauge": "1676",
        "railway": "rail",
        "service": "siding"
      },
      "geometry": {
        "type": "LineString",
        "coordinates": [
          [
            75.7977944,
            26.8776657
          ],
          [
            75.7980667,
            26.8769114
          ],
          [
            75.7990968,
            26.8734837
          ],
          [
            75.8000033,
            26.8704671
          ],
          [
            75.8000931,
            26.8701429
          ],
          [
            75.8002381,
            26.8694796
          ]
        ]
      },
      "id": "way/910808790"
    },
    {
      "type": "Feature",
      "properties": {
        "@id": "way/910808792",
        "electrified": "no",
        "gauge": "1676",
        "railway": "rail",
        "service": "siding"
      },
      "geometry": {
        "type": "LineString",
        "coordinates": [
          [
            75.7999718,
            26.8701939
          ],
          [
            75.7997659,
            26.8707243
          ],
          [
            75.7996988,
            26.8709217
          ],
          [
            75.7992029,
            26.872581
          ],
          [
            75.7978521,
            26.8771004
          ],
          [
            75.797773,
            26.8774042
          ],
          [
            75.797619,
            26.878068
          ]
        ]
      },
      "id": "way/910808792"
    },
    {
      "type": "Feature",
      "properties": {
        "@id": "way/910808793",
        "electrified": "contact_line",
        "frequency": "50",
        "gauge": "1676",
        "passenger_lines": "2",
        "railway": "rail",
        "usage": "main",
        "voltage": "25000"
      },
      "geometry": {
        "type": "LineString",
        "coordinates": [
          [
            75.8050514,
            26.8599788
          ],
          [
            75.816689,
            26.8448705
          ],
          [
            75.8171298,
            26.8443383
          ],
          [
            75.8173787,
            26.8440869
          ]
        ]
      },
      "id": "way/910808793"
    },
    {
      "type": "Feature",
      "properties": {
        "@id": "way/910808794",
        "bridge": "yes",
        "electrified": "contact_line",
        "frequency": "50",
        "gauge": "1676",
        "layer": "1",
        "passenger_lines": "2",
        "railway": "rail",
        "usage": "main",
        "voltage": "25000"
      },
      "geometry": {
        "type": "LineString",
        "coordinates": [
          [
            75.8048883,
            26.8601905
          ],
          [
            75.8050514,
            26.8599788
          ]
        ]
      },
      "id": "way/910808794"
    },
    {
      "type": "Feature",
      "properties": {
        "@id": "way/910808795",
        "bridge": "yes",
        "electrified": "contact_line",
        "frequency": "50",
        "gauge": "1676",
        "layer": "1",
        "passenger_lines": "2",
        "railway": "rail",
        "usage": "main",
        "voltage": "25000"
      },
      "geometry": {
        "type": "LineString",
        "coordinates": [
          [
            75.8049708,
            26.8599212
          ],
          [
            75.8048154,
            26.8601219
          ]
        ]
      },
      "id": "way/910808795"
    },
    {
      "type": "Feature",
      "properties": {
        "@id": "way/910808796",
        "electrified": "contact_line",
        "frequency": "50",
        "gauge": "1676",
        "passenger_lines": "2",
        "railway": "rail",
        "usage": "main",
        "voltage": "25000"
      },
      "geometry": {
        "type": "LineString",
        "coordinates": [
          [
            75.8173382,
            26.8440618
          ],
          [
            75.8170975,
            26.8443095
          ],
          [
            75.816649,
            26.8448372
          ],
          [
            75.8049708,
            26.8599212
          ]
        ]
      },
      "id": "way/910808796"
    },
    {
      "type": "Feature",
      "properties": {
        "@id": "way/910808797",
        "electrified": "no",
        "gauge": "1676",
        "railway": "rail",
        "service": "crossover"
      },
      "geometry": {
        "type": "LineString",
        "coordinates": [
          [
            75.8854103,
            26.8358676
          ],
          [
            75.8863597,
            26.8358367
          ]
        ]
      },
      "id": "way/910808797"
    },
    {
      "type": "Feature",
      "properties": {
        "@id": "way/910808799",
        "electrified": "no",
        "gauge": "1676",
        "railway": "rail",
        "service": "crossover"
      },
      "geometry": {
        "type": "LineString",
        "coordinates": [
          [
            75.8957835,
            26.8360628
          ],
          [
            75.8967491,
            26.8361326
          ]
        ]
      },
      "id": "way/910808799"
    },
    {
      "type": "Feature",
      "properties": {
        "@id": "way/910808800",
        "electrified": "no",
        "gauge": "1676",
        "railway": "rail",
        "service": "yard"
      },
      "geometry": {
        "type": "LineString",
        "coordinates": [
          [
            75.8875572,
            26.8359572
          ],
          [
            75.8880843,
            26.8360154
          ],
          [
            75.8884183,
            26.8360369
          ],
          [
            75.8893812,
            26.8360573
          ]
        ]
      },
      "id": "way/910808800"
    },
    {
      "type": "Feature",
      "properties": {
        "@id": "way/910808801",
        "electrified": "no",
        "gauge": "1676",
        "railway": "rail",
        "service": "yard"
      },
      "geometry": {
        "type": "LineString",
        "coordinates": [
          [
            75.8874781,
            26.8358212
          ],
          [
            75.8868478,
            26.8358084
          ]
        ]
      },
      "id": "way/910808801"
    },
    {
      "type": "Feature",
      "properties": {
        "@id": "way/910808802",
        "electrified": "no",
        "gauge": "1676",
        "railway": "rail",
        "service": "siding"
      },
      "geometry": {
        "type": "LineString",
        "coordinates": [
          [
            75.8956076,
            26.8360566
          ],
          [
            75.8946168,
            26.8359819
          ],
          [
            75.8911273,
            26.8359033
          ],
          [
            75.8874781,
            26.8358212
          ],
          [
            75.8865299,
            26.8358405
          ]
        ]
      },
      "id": "way/910808802"
    },
    {
      "type": "Feature",
      "properties": {
        "@id": "way/910808803",
        "electrified": "no",
        "gauge": "1676",
        "railway": "rail",
        "service": "yard"
      },
      "geometry": {
        "type": "LineString",
        "coordinates": [
          [
            75.8953652,
            26.8360094
          ],
          [
            75.8946168,
            26.8359819
          ]
        ]
      },
      "id": "way/910808803"
    },
    {
      "type": "Feature",
      "properties": {
        "@id": "way/924057342",
        "bridge": "yes",
        "electrified": "no",
        "gauge": "1676",
        "layer": "1",
        "passenger_lines": "1",
        "railway": "rail",
        "usage": "branch"
      },
      "geometry": {
        "type": "LineString",
        "coordinates": [
          [
            74.6411822,
            26.5489127
          ],
          [
            74.6410285,
            26.5490154
          ]
        ]
      },
      "id": "way/924057342"
    },
    {
      "type": "Feature",
      "properties": {
        "@id": "way/924057343",
        "electrified": "no",
        "gauge": "1676",
        "passenger_lines": "1",
        "railway": "rail",
        "usage": "branch"
      },
      "geometry": {
        "type": "LineString",
        "coordinates": [
          [
            74.6410285,
            26.5490154
          ],
          [
            74.6405221,
            26.5493697
          ],
          [
            74.6397762,
            26.5497692
          ],
          [
            74.6387298,
            26.5502101
          ],
          [
            74.6378343,
            26.5504936
          ],
          [
            74.6368793,
            26.5506655
          ]
        ]
      },
      "id": "way/924057343"
    },
    {
      "type": "Feature",
      "properties": {
        "@id": "way/924057344",
        "bridge": "yes",
        "electrified": "no",
        "gauge": "1676",
        "layer": "1",
        "passenger_lines": "1",
        "railway": "rail",
        "usage": "branch"
      },
      "geometry": {
        "type": "LineString",
        "coordinates": [
          [
            74.6368793,
            26.5506655
          ],
          [
            74.6367453,
            26.5506782
          ]
        ]
      },
      "id": "way/924057344"
    },
    {
      "type": "Feature",
      "properties": {
        "@id": "way/924057345",
        "electrified": "no",
        "gauge": "1676",
        "passenger_lines": "1",
        "railway": "rail",
        "usage": "branch"
      },
      "geometry": {
        "type": "LineString",
        "coordinates": [
          [
            74.6367453,
            26.5506782
          ],
          [
            74.6360391,
            26.550745
          ],
          [
            74.6331288,
            26.5507326
          ],
          [
            74.6319108,
            26.5507188
          ],
          [
            74.6301156,
            26.5507317
          ],
          [
            74.6284957,
            26.5504407
          ],
          [
            74.6266735,
            26.549898
          ],
          [
            74.6262357,
            26.5496959
          ],
          [
            74.6247892,
            26.5486535
          ],
          [
            74.6212792,
            26.545603
          ],
          [
            74.6135689,
            26.5387812
          ],
          [
            74.6065083,
            26.5325149
          ],
          [
            74.5984134,
            26.5252852
          ],
          [
            74.5916556,
            26.5193162
          ],
          [
            74.589944,
            26.5177952
          ],
          [
            74.5882494,
            26.5165949
          ],
          [
            74.5876846,
            26.5162663
          ],
          [
            74.5869926,
            26.5160262
          ],
          [
            74.5865516,
            26.5158907
          ]
        ]
      },
      "id": "way/924057345"
    },
    {
      "type": "Feature",
      "properties": {
        "@id": "way/924644565",
        "bridge": "yes",
        "electrified": "no",
        "gauge": "1676",
        "layer": "1",
        "passenger_lines": "1",
        "railway": "rail",
        "usage": "branch"
      },
      "geometry": {
        "type": "LineString",
        "coordinates": [
          [
            74.6545402,
            26.5364413
          ],
          [
            74.6543127,
            26.536655
          ]
        ]
      },
      "id": "way/924644565"
    },
    {
      "type": "Feature",
      "properties": {
        "@id": "way/924644566",
        "electrified": "no",
        "gauge": "1676",
        "passenger_lines": "1",
        "railway": "rail",
        "usage": "branch"
      },
      "geometry": {
        "type": "LineString",
        "coordinates": [
          [
            74.6543127,
            26.536655
          ],
          [
            74.6531876,
            26.5377119
          ],
          [
            74.6482321,
            26.5423602
          ],
          [
            74.6463575,
            26.5441167
          ]
        ]
      },
      "id": "way/924644566"
    },
    {
      "type": "Feature",
      "properties": {
        "@id": "way/924646982",
        "bridge": "yes",
        "electrified": "no",
        "gauge": "1676",
        "layer": "1",
        "passenger_lines": "1",
        "railway": "rail",
        "usage": "branch"
      },
      "geometry": {
        "type": "LineString",
        "coordinates": [
          [
            74.6689036,
            26.5228876
          ],
          [
            74.6687665,
            26.5230126
          ]
        ]
      },
      "id": "way/924646982"
    },
    {
      "type": "Feature",
      "properties": {
        "@id": "way/924646983",
        "electrified": "no",
        "gauge": "1676",
        "passenger_lines": "1",
        "railway": "rail",
        "usage": "branch"
      },
      "geometry": {
        "type": "LineString",
        "coordinates": [
          [
            74.6687665,
            26.5230126
          ],
          [
            74.6676443,
            26.524084
          ],
          [
            74.6662927,
            26.5253443
          ]
        ]
      },
      "id": "way/924646983"
    },
    {
      "type": "Feature",
      "properties": {
        "@id": "way/924671616",
        "electrified": "no",
        "gauge": "1676",
        "passenger_lines": "1",
        "railway": "rail",
        "usage": "branch"
      },
      "geometry": {
        "type": "LineString",
        "coordinates": [
          [
            74.6622006,
            26.5292035
          ],
          [
            74.6545402,
            26.5364413
          ]
        ]
      },
      "id": "way/924671616"
    },
    {
      "type": "Feature",
      "properties": {
        "@id": "way/924671617",
        "bridge": "yes",
        "electrified": "no",
        "gauge": "1676",
        "layer": "1",
        "passenger_lines": "1",
        "railway": "rail",
        "usage": "branch"
      },
      "geometry": {
        "type": "LineString",
        "coordinates": [
          [
            74.6624135,
            26.5289974
          ],
          [
            74.6622006,
            26.5292035
          ]
        ]
      },
      "id": "way/924671617"
    },
    {
      "type": "Feature",
      "properties": {
        "@id": "way/924677481",
        "electrified": "no",
        "gauge": "1676",
        "passenger_lines": "1",
        "railway": "rail",
        "usage": "branch"
      },
      "geometry": {
        "type": "LineString",
        "coordinates": [
          [
            74.666163,
            26.5254706
          ],
          [
            74.665329,
            26.5262827
          ],
          [
            74.6633937,
            26.5280901
          ]
        ]
      },
      "id": "way/924677481"
    },
    {
      "type": "Feature",
      "properties": {
        "@id": "way/924677482",
        "bridge": "yes",
        "electrified": "no",
        "gauge": "1676",
        "layer": "1",
        "passenger_lines": "1",
        "railway": "rail",
        "usage": "branch"
      },
      "geometry": {
        "type": "LineString",
        "coordinates": [
          [
            74.6662927,
            26.5253443
          ],
          [
            74.666163,
            26.5254706
          ]
        ]
      },
      "id": "way/924677482"
    },
    {
      "type": "Feature",
      "properties": {
        "@id": "way/925519281",
        "bridge": "yes",
        "electrified": "no",
        "gauge": "1676",
        "layer": "1",
        "passenger_lines": "1",
        "railway": "rail",
        "usage": "branch"
      },
      "geometry": {
        "type": "LineString",
        "coordinates": [
          [
            74.6951203,
            26.4835391
          ],
          [
            74.6950128,
            26.4836875
          ]
        ]
      },
      "id": "way/925519281"
    },
    {
      "type": "Feature",
      "properties": {
        "@id": "way/925519282",
        "electrified": "no",
        "gauge": "1676",
        "passenger_lines": "1",
        "railway": "rail",
        "usage": "branch"
      },
      "geometry": {
        "type": "LineString",
        "coordinates": [
          [
            74.6950128,
            26.4836875
          ],
          [
            74.6943693,
            26.4845761
          ],
          [
            74.690315,
            26.4903753
          ],
          [
            74.6891314,
            26.492079
          ],
          [
            74.6884376,
            26.4929239
          ],
          [
            74.6876688,
            26.4936536
          ],
          [
            74.6864405,
            26.4945545
          ],
          [
            74.6834099,
            26.4966324
          ]
        ]
      },
      "id": "way/925519282"
    },
    {
      "type": "Feature",
      "properties": {
        "@id": "way/926127581",
        "bridge": "yes",
        "electrified": "no",
        "gauge": "1676",
        "layer": "1",
        "passenger_lines": "1",
        "railway": "rail",
        "usage": "branch"
      },
      "geometry": {
        "type": "LineString",
        "coordinates": [
          [
            74.6760145,
            26.51594
          ],
          [
            74.6759173,
            26.5160806
          ]
        ]
      },
      "id": "way/926127581"
    },
    {
      "type": "Feature",
      "properties": {
        "@id": "way/926127582",
        "electrified": "no",
        "gauge": "1676",
        "passenger_lines": "1",
        "railway": "rail",
        "usage": "branch"
      },
      "geometry": {
        "type": "LineString",
        "coordinates": [
          [
            74.6759173,
            26.5160806
          ],
          [
            74.6753594,
            26.5167807
          ],
          [
            74.6740647,
            26.5180609
          ]
        ]
      },
      "id": "way/926127582"
    },
    {
      "type": "Feature",
      "properties": {
        "@id": "way/926137570",
        "bridge": "yes",
        "electrified": "no",
        "gauge": "1676",
        "layer": "1",
        "passenger_lines": "1",
        "railway": "rail",
        "usage": "branch"
      },
      "geometry": {
        "type": "LineString",
        "coordinates": [
          [
            74.6740647,
            26.5180609
          ],
          [
            74.6739019,
            26.5182218
          ]
        ]
      },
      "id": "way/926137570"
    },
    {
      "type": "Feature",
      "properties": {
        "@id": "way/926137571",
        "electrified": "no",
        "gauge": "1676",
        "passenger_lines": "1",
        "railway": "rail",
        "usage": "branch"
      },
      "geometry": {
        "type": "LineString",
        "coordinates": [
          [
            74.6739019,
            26.5182218
          ],
          [
            74.6738273,
            26.5182956
          ],
          [
            74.6717167,
            26.5202892
          ],
          [
            74.6712122,
            26.5207471
          ],
          [
            74.6689036,
            26.5228876
          ]
        ]
      },
      "id": "way/926137571"
    },
    {
      "type": "Feature",
      "properties": {
        "@id": "way/939734233",
        "electrified": "contact_line",
        "frequency": "50",
        "gauge": "1676",
        "passenger_lines": "2",
        "railway": "rail",
        "usage": "main",
        "voltage": "25000"
      },
      "geometry": {
        "type": "LineString",
        "coordinates": [
          [
            74.7520224,
            26.5225051
          ],
          [
            74.757983,
            26.5270086
          ],
          [
            74.7659471,
            26.533054
          ]
        ]
      },
      "id": "way/939734233"
    },
    {
      "type": "Feature",
      "properties": {
        "@id": "way/939734234",
        "bridge": "yes",
        "electrified": "contact_line",
        "frequency": "50",
        "gauge": "1676",
        "layer": "1",
        "passenger_lines": "2",
        "railway": "rail",
        "usage": "main",
        "voltage": "25000"
      },
      "geometry": {
        "type": "LineString",
        "coordinates": [
          [
            74.7659471,
            26.533054
          ],
          [
            74.7661938,
            26.5332414
          ]
        ]
      },
      "id": "way/939734234"
    },
    {
      "type": "Feature",
      "properties": {
        "@id": "way/939734235",
        "electrified": "contact_line",
        "frequency": "50",
        "gauge": "1676",
        "passenger_lines": "2",
        "railway": "rail",
        "usage": "main",
        "voltage": "25000"
      },
      "geometry": {
        "type": "LineString",
        "coordinates": [
          [
            74.7659478,
            26.5329925
          ],
          [
            74.7580194,
            26.5269804
          ],
          [
            74.7520672,
            26.5224772
          ]
        ]
      },
      "id": "way/939734235"
    },
    {
      "type": "Feature",
      "properties": {
        "@id": "way/939734236",
        "bridge": "yes",
        "electrified": "contact_line",
        "frequency": "50",
        "gauge": "1676",
        "layer": "1",
        "passenger_lines": "2",
        "railway": "rail",
        "usage": "main",
        "voltage": "25000"
      },
      "geometry": {
        "type": "LineString",
        "coordinates": [
          [
            74.7662013,
            26.5331848
          ],
          [
            74.7659478,
            26.5329925
          ]
        ]
      },
      "id": "way/939734236"
    },
    {
      "type": "Feature",
      "properties": {
        "@id": "way/1067885673",
        "electrified": "no",
        "gauge": "1676",
        "railway": "rail",
        "service": "yard"
      },
      "geometry": {
        "type": "LineString",
        "coordinates": [
          [
            74.6243562,
            26.402024
          ],
          [
            74.624151,
            26.4017261
          ],
          [
            74.6238466,
            26.4013273
          ]
        ]
      },
      "id": "way/1067885673"
    },
    {
      "type": "Feature",
      "properties": {
        "@id": "way/1067885674",
        "electrified": "no",
        "gauge": "1676",
        "railway": "rail",
        "service": "yard"
      },
      "geometry": {
        "type": "LineString",
        "coordinates": [
          [
            74.6232484,
            26.4003628
          ],
          [
            74.6238908,
            26.4013117
          ]
        ]
      },
      "id": "way/1067885674"
    },
    {
      "type": "Feature",
      "properties": {
        "@id": "way/1067885675",
        "electrified": "contact_line",
        "frequency": "50",
        "gauge": "1676",
        "railway": "rail",
        "service": "siding",
        "voltage": "25000"
      },
      "geometry": {
        "type": "LineString",
        "coordinates": [
          [
            74.6232243,
            26.4004528
          ],
          [
            74.6236642,
            26.401152
          ]
        ]
      },
      "id": "way/1067885675"
    },
    {
      "type": "Feature",
      "properties": {
        "@id": "way/1067885678",
        "electrified": "contact_line",
        "frequency": "50",
        "gauge": "1676",
        "railway": "rail",
        "service": "crossover",
        "voltage": "25000"
      },
      "geometry": {
        "type": "LineString",
        "coordinates": [
          [
            74.6391579,
            26.4513685
          ],
          [
            74.6392666,
            26.4509575
          ],
          [
            74.6393289,
            26.4506527
          ]
        ]
      },
      "id": "way/1067885678"
    },
    {
      "type": "Feature",
      "properties": {
        "@id": "way/1067885679",
        "electrified": "contact_line",
        "frequency": "50",
        "gauge": "1676",
        "railway": "rail",
        "service": "crossover",
        "voltage": "25000"
      },
      "geometry": {
        "type": "LineString",
        "coordinates": [
          [
            74.6398322,
            26.4483602
          ],
          [
            74.6399204,
            26.4477128
          ]
        ]
      },
      "id": "way/1067885679"
    },
    {
      "type": "Feature",
      "properties": {
        "@id": "way/1067885680",
        "electrified": "contact_line",
        "frequency": "50",
        "gauge": "1676",
        "railway": "rail",
        "service": "crossover",
        "voltage": "25000"
      },
      "geometry": {
        "type": "LineString",
        "coordinates": [
          [
            74.6394128,
            26.4500413
          ],
          [
            74.6396403,
            26.4492725
          ]
        ]
      },
      "id": "way/1067885680"
    },
    {
      "type": "Feature",
      "properties": {
        "@id": "way/1067885681",
        "electrified": "contact_line",
        "frequency": "50",
        "gauge": "1676",
        "passenger_lines": "2",
        "railway": "rail",
        "usage": "main",
        "voltage": "25000"
      },
      "geometry": {
        "type": "LineString",
        "coordinates": [
          [
            74.6388099,
            26.4515946
          ],
          [
            74.6386431,
            26.451909
          ],
          [
            74.6385072,
            26.4521545
          ],
          [
            74.6383355,
            26.4524764
          ]
        ]
      },
      "id": "way/1067885681"
    },
    {
      "type": "Feature",
      "properties": {
        "@id": "way/1067885683",
        "electrified": "contact_line",
        "frequency": "50",
        "gauge": "1676",
        "railway": "rail",
        "service": "crossover",
        "voltage": "25000"
      },
      "geometry": {
        "type": "LineString",
        "coordinates": [
          [
            74.6397182,
            26.4489369
          ],
          [
            74.6399245,
            26.4481541
          ]
        ]
      },
      "id": "way/1067885683"
    },
    {
      "type": "Feature",
      "properties": {
        "@id": "way/1067885684",
        "electrified": "no",
        "gauge": "1676",
        "railway": "rail",
        "service": "yard"
      },
      "geometry": {
        "type": "LineString",
        "coordinates": [
          [
            74.6402051,
            26.4471434
          ],
          [
            74.6402768,
            26.4468143
          ],
          [
            74.6412292,
            26.4424024
          ],
          [
            74.6413113,
            26.4420295
          ],
          [
            74.6420772,
            26.4385519
          ]
        ]
      },
      "id": "way/1067885684"
    },
    {
      "type": "Feature",
      "properties": {
        "@id": "way/1067885685",
        "electrified": "no",
        "gauge": "1676",
        "railway": "rail",
        "service": "yard"
      },
      "geometry": {
        "type": "LineString",
        "coordinates": [
          [
            74.6405138,
            26.4464871
          ],
          [
            74.6404682,
            26.4466012
          ],
          [
            74.6404092,
            26.4467105
          ],
          [
            74.6402979,
            26.4469146
          ],
          [
            74.6402389,
            26.4470593
          ],
          [
            74.6402051,
            26.4471434
          ],
          [
            74.6401396,
            26.4473343
          ],
          [
            74.6400894,
            26.4474558
          ],
          [
            74.6399887,
            26.447855
          ]
        ]
      },
      "id": "way/1067885685"
    },
    {
      "type": "Feature",
      "properties": {
        "@id": "way/1067885686",
        "electrified": "contact_line",
        "frequency": "50",
        "gauge": "1676",
        "railway": "rail",
        "service": "crossover",
        "voltage": "25000"
      },
      "geometry": {
        "type": "LineString",
        "coordinates": [
          [
            74.6254474,
            26.4038357
          ],
          [
            74.6249481,
            26.4030379
          ]
        ]
      },
      "id": "way/1067885686"
    },
    {
      "type": "Feature",
      "properties": {
        "@id": "way/1067885687",
        "electrified": "contact_line",
        "frequency": "50",
        "gauge": "1676",
        "passenger_lines": "2",
        "railway": "rail",
        "usage": "main",
        "voltage": "25000"
      },
      "geometry": {
        "type": "LineString",
        "coordinates": [
          [
            74.6399353,
            26.4478391
          ],
          [
            74.640018,
            26.4474606
          ],
          [
            74.6417828,
            26.4394757
          ],
          [
            74.6418814,
            26.4389865
          ]
        ]
      },
      "id": "way/1067885687"
    },
    {
      "type": "Feature",
      "properties": {
        "@id": "way/1067887631",
        "electrified": "contact_line",
        "frequency": "50",
        "gauge": "1676",
        "passenger_lines": "2",
        "railway": "rail",
        "usage": "main",
        "voltage": "25000"
      },
      "geometry": {
        "type": "LineString",
        "coordinates": [
          [
            74.6373528,
            26.4589215
          ],
          [
            74.6374266,
            26.4586298
          ],
          [
            74.6374843,
            26.4583572
          ],
          [
            74.6375325,
            26.4580985
          ],
          [
            74.6376516,
            26.4573908
          ],
          [
            74.6381722,
            26.4541309
          ],
          [
            74.6382253,
            26.4537439
          ],
          [
            74.6382771,
            26.4534857
          ],
          [
            74.6383931,
            26.4529818
          ]
        ]
      },
      "id": "way/1067887631"
    },
    {
      "type": "Feature",
      "properties": {
        "@id": "way/1067887632",
        "electrified": "contact_line",
        "frequency": "50",
        "gauge": "1676",
        "railway": "rail",
        "service": "crossover",
        "voltage": "25000"
      },
      "geometry": {
        "type": "LineString",
        "coordinates": [
          [
            74.6387074,
            26.4524019
          ],
          [
            74.6388187,
            26.4520549
          ],
          [
            74.6389541,
            26.4516707
          ],
          [
            74.639046,
            26.4514316
          ]
        ]
      },
      "id": "way/1067887632"
    },
    {
      "type": "Feature",
      "properties": {
        "@id": "way/1067897274",
        "electrified": "contact_line",
        "frequency": "50",
        "gauge": "1676",
        "passenger_lines": "1",
        "railway": "rail",
        "usage": "main",
        "voltage": "25000"
      },
      "geometry": {
        "type": "LineString",
        "coordinates": [
          [
            74.6506761,
            26.4209596
          ],
          [
            74.6476204,
            26.4297783
          ],
          [
            74.647303,
            26.4305895
          ],
          [
            74.6470624,
            26.4310455
          ],
          [
            74.6467699,
            26.4315024
          ],
          [
            74.6464506,
            26.4318703
          ],
          [
            74.6462343,
            26.4321583
          ],
          [
            74.6458282,
            26.4325235
          ],
          [
            74.6451546,
            26.4330609
          ],
          [
            74.6443886,
            26.4336236
          ],
          [
            74.6440276,
            26.4339244
          ],
          [
            74.6435531,
            26.4344375
          ],
          [
            74.6431574,
            26.4349679
          ],
          [
            74.6428955,
            26.4354674
          ],
          [
            74.6428211,
            26.4356093
          ],
          [
            74.6427395,
            26.4357944
          ],
          [
            74.6425916,
            26.4362345
          ],
          [
            74.6425294,
            26.436469
          ],
          [
            74.6421862,
            26.4378639
          ],
          [
            74.6421375,
            26.4380956
          ],
          [
            74.6420945,
            26.4382874
          ],
          [
            74.6419434,
            26.4389894
          ],
          [
            74.6400596,
            26.4474615
          ],
          [
            74.6399887,
            26.447855
          ],
          [
            74.6399245,
            26.4481541
          ],
          [
            74.639759,
            26.4489519
          ],
          [
            74.6394554,
            26.4502905
          ],
          [
            74.6393672,
            26.4506645
          ],
          [
            74.6392974,
            26.4509298
          ],
          [
            74.6392103,
            26.4512204
          ],
          [
            74.6391579,
            26.4513685
          ],
          [
            74.6391432,
            26.4514102
          ],
          [
            74.6390212,
            26.4516767
          ],
          [
            74.6388495,
            26.4520549
          ],
          [
            74.6387074,
            26.4524019
          ],
          [
            74.6386457,
            26.4525772
          ],
          [
            74.6385665,
            26.452875
          ],
          [
            74.6384673,
            26.4533553
          ],
          [
            74.6384338,
            26.453557
          ],
          [
            74.638411,
            26.4537431
          ],
          [
            74.6383747,
            26.4542125
          ],
          [
            74.6383546,
            26.4543986
          ],
          [
            74.6383211,
            26.454652
          ],
          [
            74.6382889,
            26.4548909
          ],
          [
            74.6377833,
            26.4580715
          ],
          [
            74.6377216,
            26.4583836
          ],
          [
            74.6376237,
            26.4586717
          ],
          [
            74.6374333,
            26.4592468
          ],
          [
            74.6374105,
            26.4593741
          ],
          [
            74.6373997,
            26.4595351
          ],
          [
            74.6374024,
            26.4596972
          ],
          [
            74.6374118,
            26.4598148
          ],
          [
            74.637444,
            26.4599408
          ],
          [
            74.6374983,
            26.4601053
          ],
          [
            74.6375862,
            26.4602986
          ],
          [
            74.6377847,
            26.46066
          ],
          [
            74.6378785,
            26.4608125
          ],
          [
            74.6380167,
            26.4609842
          ],
          [
            74.6381696,
            26.4611583
          ],
          [
            74.6383412,
            26.4613263
          ],
          [
            74.6385343,
            26.4615004
          ],
          [
            74.6386805,
            26.4616205
          ],
          [
            74.6388763,
            26.4617568
          ],
          [
            74.6391459,
            26.4619086
          ]
        ]
      },
      "id": "way/1067897274"
    },
    {
      "type": "Feature",
      "properties": {
        "@id": "way/1067897275",
        "gauge": "1676",
        "railway": "rail",
        "service": "yard"
      },
      "geometry": {
        "type": "LineString",
        "coordinates": [
          [
            74.637845,
            26.4604139
          ],
          [
            74.637908,
            26.4604835
          ],
          [
            74.6380515,
            26.460642
          ],
          [
            74.6381628,
            26.4607753
          ],
          [
            74.6382876,
            26.4609253
          ],
          [
            74.6384056,
            26.4610778
          ],
          [
            74.6385786,
            26.4612951
          ],
          [
            74.6387999,
            26.4615689
          ],
          [
            74.6389052,
            26.4616787
          ],
          [
            74.6391258,
            26.4618462
          ]
        ]
      },
      "id": "way/1067897275"
    },
    {
      "type": "Feature",
      "properties": {
        "@id": "way/1067897276",
        "gauge": "1676",
        "railway": "rail",
        "service": "yard"
      },
      "geometry": {
        "type": "LineString",
        "coordinates": [
          [
            74.6378343,
            26.4605315
          ],
          [
            74.6387315,
            26.461498
          ],
          [
            74.6387999,
            26.4615689
          ]
        ]
      },
      "id": "way/1067897276"
    },
    {
      "type": "Feature",
      "properties": {
        "@id": "way/1067897277",
        "gauge": "1676",
        "railway": "rail",
        "service": "yard"
      },
      "geometry": {
        "type": "LineString",
        "coordinates": [
          [
            74.6379845,
            26.4607741
          ],
          [
            74.6381186,
            26.4609734
          ],
          [
            74.638242,
            26.4611282
          ],
          [
            74.6384056,
            26.4612963
          ],
          [
            74.6385786,
            26.4614524
          ],
          [
            74.6387315,
            26.4615689
          ],
          [
            74.6389246,
            26.4617153
          ],
          [
            74.6391258,
            26.4618462
          ],
          [
            74.6394061,
            26.4620119
          ],
          [
            74.6396501,
            26.4621307
          ]
        ]
      },
      "id": "way/1067897277"
    },
    {
      "type": "Feature",
      "properties": {
        "@id": "way/1067897280",
        "electrified": "no",
        "gauge": "1676",
        "railway": "rail",
        "service": "siding"
      },
      "geometry": {
        "type": "LineString",
        "coordinates": [
          [
            74.638612,
            26.452335
          ],
          [
            74.6385276,
            26.4526336
          ],
          [
            74.6384512,
            26.4529411
          ],
          [
            74.6383264,
            26.4535065
          ],
          [
            74.6382929,
            26.4536927
          ],
          [
            74.6382782,
            26.4538187
          ],
          [
            74.6382742,
            26.4539124
          ],
          [
            74.6382634,
            26.4543854
          ],
          [
            74.638246,
            26.45464
          ],
          [
            74.6382094,
            26.4548614
          ],
          [
            74.6380006,
            26.4561515
          ],
          [
            74.6377851,
            26.4574067
          ],
          [
            74.6376911,
            26.4580714
          ],
          [
            74.6376346,
            26.4583691
          ],
          [
            74.6375527,
            26.4586502
          ],
          [
            74.6374061,
            26.4590609
          ],
          [
            74.6373394,
            26.4592733
          ],
          [
            74.6373206,
            26.4594378
          ],
          [
            74.6373233,
            26.4595902
          ],
          [
            74.6373381,
            26.4597439
          ],
          [
            74.6373796,
            26.4599528
          ],
          [
            74.6374467,
            26.4601593
          ],
          [
            74.6375379,
            26.4603767
          ],
          [
            74.6376277,
            26.4605504
          ],
          [
            74.637723,
            26.4607068
          ],
          [
            74.6378303,
            26.4608533
          ],
          [
            74.637967,
            26.4610262
          ],
          [
            74.6381173,
            26.4611919
          ],
          [
            74.6382929,
            26.4613684
          ],
          [
            74.6384941,
            26.4615196
          ],
          [
            74.6386577,
            26.4616349
          ],
          [
            74.638871,
            26.4617706
          ],
          [
            74.6391459,
            26.4619086
          ]
        ]
      },
      "id": "way/1067897280"
    },
    {
      "type": "Feature",
      "properties": {
        "@id": "way/1067897281",
        "gauge": "1676",
        "railway": "rail",
        "service": "yard"
      },
      "geometry": {
        "type": "LineString",
        "coordinates": [
          [
            74.6481541,
            26.4602206
          ],
          [
            74.6479543,
            26.4603406
          ],
          [
            74.6477142,
            26.4604667
          ],
          [
            74.6469873,
            26.4608149
          ],
          [
            74.6466024,
            26.4610022
          ],
          [
            74.6450642,
            26.4617297
          ],
          [
            74.6447879,
            26.4618534
          ],
          [
            74.6444835,
            26.4619579
          ],
          [
            74.6441697,
            26.4620383
          ],
          [
            74.6438907,
            26.4621055
          ]
        ]
      },
      "id": "way/1067897281"
    },
    {
      "type": "Feature",
      "properties": {
        "@id": "way/1067897282",
        "gauge": "1676",
        "railway": "rail",
        "service": "yard"
      },
      "geometry": {
        "type": "LineString",
        "coordinates": [
          [
            74.6424275,
            26.4623249
          ],
          [
            74.6425825,
            26.462288
          ],
          [
            74.6427434,
            26.4622442
          ],
          [
            74.6430512,
            26.4621512
          ],
          [
            74.643196,
            26.4621091
          ],
          [
            74.6433194,
            26.4620815
          ],
          [
            74.6434334,
            26.4620551
          ],
          [
            74.6435608,
            26.4620347
          ],
          [
            74.643715,
            26.4620215
          ],
          [
            74.6438733,
            26.4620119
          ],
          [
            74.6440141,
            26.4619915
          ],
          [
            74.6441455,
            26.4619615
          ],
          [
            74.644289,
            26.4619278
          ],
          [
            74.644458,
            26.461875
          ],
          [
            74.6447611,
            26.461773
          ],
          [
            74.645028,
            26.4616637
          ],
          [
            74.6465729,
            26.4609241
          ],
          [
            74.6469538,
            26.4607428
          ],
          [
            74.6476968,
            26.4603899
          ],
          [
            74.6479221,
            26.4602674
          ],
          [
            74.6481138,
            26.4601449
          ]
        ]
      },
      "id": "way/1067897282"
    },
    {
      "type": "Feature",
      "properties": {
        "@id": "way/1067897283",
        "electrified": "contact_line",
        "frequency": "50",
        "gauge": "1676",
        "railway": "rail",
        "service": "crossover",
        "voltage": "25000"
      },
      "geometry": {
        "type": "LineString",
        "coordinates": [
          [
            74.6416041,
            26.4624465
          ],
          [
            74.642339,
            26.4623408
          ]
        ]
      },
      "id": "way/1067897283"
    },
    {
      "type": "Feature",
      "properties": {
        "@id": "way/1067897284",
        "gauge": "1676",
        "railway": "rail",
        "service": "yard"
      },
      "geometry": {
        "type": "LineString",
        "coordinates": [
          [
            74.6432038,
            26.4621883
          ],
          [
            74.6435983,
            26.4621223
          ],
          [
            74.6439202,
            26.4620635
          ],
          [
            74.644175,
            26.4620011
          ],
          [
            74.6444687,
            26.4619206
          ],
          [
            74.6447732,
            26.4618174
          ],
          [
            74.6450454,
            26.4617033
          ],
          [
            74.646589,
            26.4609662
          ],
          [
            74.6469712,
            26.4607837
          ],
          [
            74.6477035,
            26.4604307
          ],
          [
            74.6479368,
            26.4603058
          ],
          [
            74.6481299,
            26.4601894
          ]
        ]
      },
      "id": "way/1067897284"
    },
    {
      "type": "Feature",
      "properties": {
        "@id": "way/1067897285",
        "electrified": "contact_line",
        "frequency": "50",
        "gauge": "1676",
        "railway": "rail",
        "service": "crossover",
        "voltage": "25000"
      },
      "geometry": {
        "type": "LineString",
        "coordinates": [
          [
            74.6409554,
            26.4624415
          ],
          [
            74.6413761,
            26.4624681
          ],
          [
            74.6418737,
            26.4625053
          ],
          [
            74.6422166,
            26.4625052
          ]
        ]
      },
      "id": "way/1067897285"
    },
    {
      "type": "Feature",
      "properties": {
        "@id": "way/1067897286",
        "electrified": "contact_line",
        "frequency": "50",
        "gauge": "1676",
        "passenger_lines": "2",
        "railway": "rail",
        "usage": "main",
        "voltage": "25000"
      },
      "geometry": {
        "type": "LineString",
        "coordinates": [
          [
            74.6380749,
            26.4612212
          ],
          [
            74.6379215,
            26.4610508
          ],
          [
            74.63778,
            26.4608707
          ],
          [
            74.6376874,
            26.460738
          ]
        ]
      },
      "id": "way/1067897286"
    },
    {
      "type": "Feature",
      "properties": {
        "@id": "way/1067897287",
        "electrified": "contact_line",
        "frequency": "50",
        "gauge": "1676",
        "passenger_lines": "2",
        "railway": "rail",
        "usage": "main",
        "voltage": "25000"
      },
      "geometry": {
        "type": "LineString",
        "coordinates": [
          [
            74.6376874,
            26.460738
          ],
          [
            74.6375808,
            26.46057
          ],
          [
            74.6374883,
            26.4603887
          ],
          [
            74.6374014,
            26.4601704
          ],
          [
            74.6373349,
            26.4599625
          ],
          [
            74.6372843,
            26.459744
          ],
          [
            74.6372683,
            26.4595926
          ],
          [
            74.6372683,
            26.4594455
          ],
          [
            74.6372912,
            26.4592264
          ],
          [
            74.6373528,
            26.4589215
          ]
        ]
      },
      "id": "way/1067897287"
    },
    {
      "type": "Feature",
      "properties": {
        "@id": "way/1067905016",
        "bridge": "yes",
        "electrified": "contact_line",
        "frequency": "50",
        "gauge": "1676",
        "layer": "1",
        "name": "Western Dedicated Freight Corridor",
        "railway": "rail",
        "railway:traffic_mode": "freight",
        "usage": "main",
        "voltage": "25000"
      },
      "geometry": {
        "type": "LineString",
        "coordinates": [
          [
            74.6361847,
            26.4196434
          ],
          [
            74.6361371,
            26.4195263
          ]
        ]
      },
      "id": "way/1067905016"
    },
    {
      "type": "Feature",
      "properties": {
        "@id": "way/1067905017",
        "bridge": "yes",
        "electrified": "contact_line",
        "frequency": "50",
        "gauge": "1676",
        "layer": "1",
        "name": "Western Dedicated Freight Corridor",
        "railway": "rail",
        "railway:traffic_mode": "freight",
        "usage": "main",
        "voltage": "25000"
      },
      "geometry": {
        "type": "LineString",
        "coordinates": [
          [
            74.6360789,
            26.4195467
          ],
          [
            74.6361308,
            26.4196673
          ]
        ]
      },
      "id": "way/1067905017"
    },
    {
      "type": "Feature",
      "properties": {
        "@id": "way/1067905018",
        "bridge": "yes",
        "electrified": "contact_line",
        "frequency": "50",
        "gauge": "1676",
        "layer": "1",
        "passenger_lines": "1",
        "railway": "rail",
        "usage": "main",
        "voltage": "25000"
      },
      "geometry": {
        "type": "LineString",
        "coordinates": [
          [
            74.6360297,
            26.4195541
          ],
          [
            74.636079,
            26.4196725
          ]
        ]
      },
      "id": "way/1067905018"
    },
    {
      "type": "Feature",
      "properties": {
        "@id": "way/1067905019",
        "electrified": "contact_line",
        "frequency": "50",
        "gauge": "1676",
        "passenger_lines": "1",
        "railway": "rail",
        "usage": "main",
        "voltage": "25000"
      },
      "geometry": {
        "type": "LineString",
        "coordinates": [
          [
            74.6242703,
            26.4019988
          ],
          [
            74.6289509,
            26.408562
          ],
          [
            74.634231,
            26.4160247
          ],
          [
            74.6344176,
            26.4162942
          ],
          [
            74.6345989,
            26.4165624
          ],
          [
            74.6347659,
            26.4168156
          ],
          [
            74.634936,
            26.4170997
          ],
          [
            74.6350883,
            26.4173931
          ],
          [
            74.6352349,
            26.417693
          ],
          [
            74.6353749,
            26.4179955
          ],
          [
            74.6360297,
            26.4195541
          ]
        ]
      },
      "id": "way/1067905019"
    },
    {
      "type": "Feature",
      "properties": {
        "@id": "way/1067905020",
        "electrified": "contact_line",
        "frequency": "50",
        "gauge": "1676",
        "passenger_lines": "2",
        "railway": "rail",
        "usage": "main",
        "voltage": "25000"
      },
      "geometry": {
        "type": "LineString",
        "coordinates": [
          [
            74.6359809,
            26.4195702
          ],
          [
            74.6353304,
            26.4180112
          ],
          [
            74.635191,
            26.4177097
          ],
          [
            74.6350448,
            26.4174107
          ],
          [
            74.6348932,
            26.4171188
          ],
          [
            74.6347243,
            26.4168366
          ],
          [
            74.634558,
            26.4165843
          ],
          [
            74.6343769,
            26.4163165
          ],
          [
            74.6341905,
            26.4160475
          ],
          [
            74.6289106,
            26.4085849
          ],
          [
            74.625808,
            26.4042718
          ],
          [
            74.6249481,
            26.4030379
          ],
          [
            74.6230084,
            26.4003243
          ],
          [
            74.6218525,
            26.3986761
          ],
          [
            74.6194021,
            26.3952101
          ],
          [
            74.6187839,
            26.3943204
          ],
          [
            74.6180581,
            26.3931872
          ],
          [
            74.6172361,
            26.3918932
          ],
          [
            74.6165787,
            26.3908474
          ],
          [
            74.616496,
            26.3907272
          ],
          [
            74.615289,
            26.3888303
          ],
          [
            74.6136641,
            26.3862899
          ]
        ]
      },
      "id": "way/1067905020"
    },
    {
      "type": "Feature",
      "properties": {
        "@id": "way/1067905021",
        "bridge": "yes",
        "electrified": "contact_line",
        "frequency": "50",
        "gauge": "1676",
        "layer": "1",
        "passenger_lines": "2",
        "railway": "rail",
        "usage": "main",
        "voltage": "25000"
      },
      "geometry": {
        "type": "LineString",
        "coordinates": [
          [
            74.6360252,
            26.419677
          ],
          [
            74.6359809,
            26.4195702
          ]
        ]
      },
      "id": "way/1067905021"
    },
    {
      "type": "Feature",
      "properties": {
        "@id": "way/1067905022",
        "bridge": "yes",
        "electrified": "contact_line",
        "frequency": "50",
        "gauge": "1676",
        "layer": "1",
        "passenger_lines": "2",
        "railway": "rail",
        "usage": "main",
        "voltage": "25000"
      },
      "geometry": {
        "type": "LineString",
        "coordinates": [
          [
            74.6359236,
            26.4195923
          ],
          [
            74.6359664,
            26.4196911
          ]
        ]
      },
      "id": "way/1067905022"
    },
    {
      "type": "Feature",
      "properties": {
        "@id": "way/1067905023",
        "electrified": "contact_line",
        "frequency": "50",
        "gauge": "1676",
        "passenger_lines": "2",
        "railway": "rail",
        "usage": "main",
        "voltage": "25000"
      },
      "geometry": {
        "type": "LineString",
        "coordinates": [
          [
            74.6135992,
            26.386341
          ],
          [
            74.6152487,
            26.3888627
          ],
          [
            74.6160131,
            26.3900616
          ],
          [
            74.6169833,
            26.3915885
          ],
          [
            74.6170304,
            26.3916634
          ],
          [
            74.6180155,
            26.3932065
          ],
          [
            74.6187423,
            26.3943348
          ],
          [
            74.6193512,
            26.3952243
          ],
          [
            74.6218089,
            26.3986944
          ],
          [
            74.6229654,
            26.4003255
          ],
          [
            74.6254474,
            26.4038357
          ],
          [
            74.6254943,
            26.4039028
          ],
          [
            74.6288638,
            26.4086115
          ],
          [
            74.6341435,
            26.4160738
          ],
          [
            74.6343297,
            26.4163424
          ],
          [
            74.6345104,
            26.4166098
          ],
          [
            74.634676,
            26.4168609
          ],
          [
            74.6348437,
            26.417141
          ],
          [
            74.6349943,
            26.4174311
          ],
          [
            74.63514,
            26.4177292
          ],
          [
            74.6352789,
            26.4180294
          ],
          [
            74.6359236,
            26.4195923
          ]
        ]
      },
      "id": "way/1067905023"
    },
    {
      "type": "Feature",
      "properties": {
        "@id": "way/1096330098",
        "electrified": "contact_line",
        "frequency": "50",
        "gauge": "1676",
        "name": "Western Dedicated Freight Corridor",
        "railway": "rail",
        "railway:traffic_mode": "freight",
        "usage": "main",
        "voltage": "25000"
      },
      "geometry": {
        "type": "LineString",
        "coordinates": [
          [
            75.2108498,
            26.8200492
          ],
          [
            75.2106565,
            26.8196987
          ],
          [
            75.2097332,
            26.8179888
          ],
          [
            75.2094495,
            26.8174662
          ],
          [
            75.2091803,
            26.8170134
          ],
          [
            75.2089199,
            26.8166052
          ],
          [
            75.2086353,
            26.8162272
          ],
          [
            75.2072536,
            26.8144912
          ],
          [
            75.2070264,
            26.8142026
          ],
          [
            75.2067758,
            26.8138528
          ],
          [
            75.2065651,
            26.8135267
          ],
          [
            75.206381,
            26.8132172
          ],
          [
            75.2061723,
            26.8128327
          ],
          [
            75.1997156,
            26.800924
          ],
          [
            75.1994375,
            26.8004686
          ],
          [
            75.1991104,
            26.8000173
          ],
          [
            75.1988016,
            26.799662
          ],
          [
            75.1984257,
            26.7992902
          ],
          [
            75.1979309,
            26.7988727
          ],
          [
            75.1973853,
            26.7984966
          ],
          [
            75.1966696,
            26.7980618
          ],
          [
            75.1874364,
            26.7928108
          ],
          [
            75.1822944,
            26.7899447
          ],
          [
            75.166814,
            26.7813537
          ]
        ]
      },
      "id": "way/1096330098"
    },
    {
      "type": "Feature",
      "properties": {
        "@id": "way/1096330099",
        "electrified": "contact_line",
        "frequency": "50",
        "gauge": "1676",
        "name": "Western Dedicated Freight Corridor",
        "railway": "rail",
        "railway:traffic_mode": "freight",
        "usage": "main",
        "voltage": "25000"
      },
      "geometry": {
        "type": "LineString",
        "coordinates": [
          [
            75.166782,
            26.7813993
          ],
          [
            75.1822624,
            26.7899905
          ],
          [
            75.1874042,
            26.7928564
          ],
          [
            75.1966363,
            26.7981069
          ],
          [
            75.1973498,
            26.7985402
          ],
          [
            75.1978916,
            26.7989137
          ],
          [
            75.1983824,
            26.7993279
          ],
          [
            75.1987553,
            26.7996966
          ],
          [
            75.199061,
            26.8000485
          ],
          [
            75.1993856,
            26.8004962
          ],
          [
            75.1996618,
            26.8009487
          ],
          [
            75.2061179,
            26.8128562
          ],
          [
            75.2063271,
            26.8132416
          ],
          [
            75.2065122,
            26.8135528
          ],
          [
            75.2067241,
            26.8138808
          ],
          [
            75.2069762,
            26.8142327
          ],
          [
            75.2072042,
            26.8145223
          ],
          [
            75.2085856,
            26.8162578
          ],
          [
            75.2088685,
            26.8166336
          ],
          [
            75.2091274,
            26.8170394
          ],
          [
            75.2093956,
            26.8174906
          ],
          [
            75.2100394,
            26.8186767
          ],
          [
            75.2102689,
            26.8190996
          ],
          [
            75.2104855,
            26.8194985
          ]
        ]
      },
      "id": "way/1096330099"
    },
    {
      "type": "Feature",
      "properties": {
        "@id": "way/1096330100",
        "electrified": "contact_line",
        "frequency": "50",
        "gauge": "1676",
        "railway": "rail",
        "service": "yard",
        "voltage": "25000"
      },
      "geometry": {
        "type": "LineString",
        "coordinates": [
          [
            75.2202921,
            26.8376668
          ],
          [
            75.2208332,
            26.8386644
          ]
        ]
      },
      "id": "way/1096330100"
    },
    {
      "type": "Feature",
      "properties": {
        "@id": "way/1096331205",
        "electrified": "contact_line",
        "frequency": "50",
        "gauge": "1676",
        "railway": "rail",
        "service": "yard",
        "voltage": "25000"
      },
      "geometry": {
        "type": "LineString",
        "coordinates": [
          [
            75.2212442,
            26.8390532
          ],
          [
            75.2207457,
            26.8381207
          ]
        ]
      },
      "id": "way/1096331205"
    },
    {
      "type": "Feature",
      "properties": {
        "@id": "way/1096370391",
        "electrified": "contact_line",
        "frequency": "50",
        "gauge": "1676",
        "name": "Western Dedicated Freight Corridor",
        "railway": "rail",
        "railway:traffic_mode": "freight",
        "usage": "main",
        "voltage": "25000"
      },
      "geometry": {
        "type": "LineString",
        "coordinates": [
          [
            75.2154261,
            26.8283734
          ],
          [
            75.2108498,
            26.8200492
          ]
        ]
      },
      "id": "way/1096370391"
    },
    {
      "type": "Feature",
      "properties": {
        "@id": "way/1158504096",
        "electrified": "contact_line",
        "frequency": "50",
        "gauge": "1676",
        "railway": "rail",
        "service": "crossover",
        "voltage": "25000"
      },
      "geometry": {
        "type": "LineString",
        "coordinates": [
          [
            75.3205737,
            26.884635
          ],
          [
            75.3216098,
            26.8848471
          ]
        ]
      },
      "id": "way/1158504096"
    },
    {
      "type": "Feature",
      "properties": {
        "@id": "way/1158504097",
        "gauge": "1676",
        "railway": "rail",
        "service": "yard"
      },
      "geometry": {
        "type": "LineString",
        "coordinates": [
          [
            75.3194604,
            26.8844552
          ],
          [
            75.3199871,
            26.8845037
          ],
          [
            75.3201158,
            26.8845144
          ],
          [
            75.3204833,
            26.8845766
          ]
        ]
      },
      "id": "way/1158504097"
    },
    {
      "type": "Feature",
      "properties": {
        "@id": "way/1158504098",
        "electrified": "contact_line",
        "frequency": "50",
        "gauge": "1676",
        "railway": "rail",
        "service": "crossover",
        "voltage": "25000"
      },
      "geometry": {
        "type": "LineString",
        "coordinates": [
          [
            75.3244677,
            26.8852394
          ],
          [
            75.3235658,
            26.8851516
          ]
        ]
      },
      "id": "way/1158504098"
    },
    {
      "type": "Feature",
      "properties": {
        "@id": "way/1158508474",
        "gauge": "1676",
        "railway": "rail",
        "service": "yard"
      },
      "geometry": {
        "type": "LineString",
        "coordinates": [
          [
            75.2187297,
            26.8365527
          ],
          [
            75.2192889,
            26.8375878
          ]
        ]
      },
      "id": "way/1158508474"
    },
    {
      "type": "Feature",
      "properties": {
        "@id": "way/1158508475",
        "gauge": "1676",
        "railway": "rail",
        "service": "yard"
      },
      "geometry": {
        "type": "LineString",
        "coordinates": [
          [
            75.2149424,
            26.8296202
          ],
          [
            75.2154882,
            26.8306243
          ]
        ]
      },
      "id": "way/1158508475"
    },
    {
      "type": "Feature",
      "properties": {
        "@id": "way/1158508476",
        "electrified": "contact_line",
        "frequency": "50",
        "gauge": "1676",
        "railway": "rail",
        "service": "siding",
        "voltage": "25000"
      },
      "geometry": {
        "type": "LineString",
        "coordinates": [
          [
            75.2151263,
            26.8298415
          ],
          [
            75.2154882,
            26.8306243
          ],
          [
            75.2187297,
            26.8365527
          ],
          [
            75.2191972,
            26.8372996
          ]
        ]
      },
      "id": "way/1158508476"
    },
    {
      "type": "Feature",
      "properties": {
        "@id": "way/1158508477",
        "electrified": "contact_line",
        "frequency": "50",
        "gauge": "1676",
        "railway": "rail",
        "service": "crossover",
        "voltage": "25000"
      },
      "geometry": {
        "type": "LineString",
        "coordinates": [
          [
            75.2193456,
            26.8373693
          ],
          [
            75.219939,
            26.8386572
          ]
        ]
      },
      "id": "way/1158508477"
    },
    {
      "type": "Feature",
      "properties": {
        "@id": "way/1158508478",
        "gauge": "1676",
        "railway": "rail",
        "service": "yard"
      },
      "geometry": {
        "type": "LineString",
        "coordinates": [
          [
            75.2194674,
            26.8374603
          ],
          [
            75.2197811,
            26.8379049
          ],
          [
            75.2199541,
            26.8381801
          ],
          [
            75.2203792,
            26.838879
          ],
          [
            75.2213462,
            26.8406536
          ]
        ]
      },
      "id": "way/1158508478"
    },
    {
      "type": "Feature",
      "properties": {
        "@id": "way/1158508479",
        "gauge": "1676",
        "railway": "rail",
        "service": "yard"
      },
      "geometry": {
        "type": "LineString",
        "coordinates": [
          [
            75.2219966,
            26.8419663
          ],
          [
            75.2203256,
            26.8388814
          ],
          [
            75.2202129,
            26.8386971
          ],
          [
            75.2199522,
            26.838318
          ]
        ]
      },
      "id": "way/1158508479"
    },
    {
      "type": "Feature",
      "properties": {
        "@id": "way/1158508480",
        "gauge": "1676",
        "railway": "rail",
        "service": "yard"
      },
      "geometry": {
        "type": "LineString",
        "coordinates": [
          [
            75.218778,
            26.8362128
          ],
          [
            75.2193385,
            26.8372324
          ],
          [
            75.2194674,
            26.8374603
          ],
          [
            75.2199522,
            26.838318
          ],
          [
            75.2222595,
            26.8425502
          ]
        ]
      },
      "id": "way/1158508480"
    },
    {
      "type": "Feature",
      "properties": {
        "@id": "way/1158508481",
        "electrified": "contact_line",
        "frequency": "50",
        "gauge": "1676",
        "railway": "rail",
        "service": "siding",
        "voltage": "25000"
      },
      "geometry": {
        "type": "LineString",
        "coordinates": [
          [
            75.2191479,
            26.8370015
          ],
          [
            75.218778,
            26.8362128
          ],
          [
            75.2152857,
            26.8298177
          ],
          [
            75.2148105,
            26.8290711
          ]
        ]
      },
      "id": "way/1158508481"
    },
    {
      "type": "Feature",
      "properties": {
        "@id": "way/1158508482",
        "electrified": "contact_line",
        "frequency": "50",
        "gauge": "1676",
        "railway": "rail",
        "service": "crossover",
        "voltage": "25000"
      },
      "geometry": {
        "type": "LineString",
        "coordinates": [
          [
            75.2147383,
            26.828938
          ],
          [
            75.2139824,
            26.8277436
          ]
        ]
      },
      "id": "way/1158508482"
    },
    {
      "type": "Feature",
      "properties": {
        "@id": "way/1165082070",
        "railway": "rail",
        "service": "yard"
      },
      "geometry": {
        "type": "LineString",
        "coordinates": [
          [
            75.7813448,
            26.9248838
          ],
          [
            75.7817522,
            26.9246408
          ],
          [
            75.7822189,
            26.9243681
          ],
          [
            75.7824609,
            26.9242182
          ],
          [
            75.7829055,
            26.9238941
          ],
          [
            75.7830817,
            26.9237536
          ],
          [
            75.7860818,
            26.9213379
          ]
        ]
      },
      "id": "way/1165082070"
    },
    {
      "type": "Feature",
      "properties": {
        "@id": "way/1165189424",
        "railway": "rail",
        "service": "yard"
      },
      "geometry": {
        "type": "LineString",
        "coordinates": [
          [
            75.782799,
            26.9240163
          ],
          [
            75.7830052,
            26.9238962
          ],
          [
            75.7831429,
            26.9238049
          ],
          [
            75.7832878,
            26.9237007
          ],
          [
            75.7856633,
            26.9217867
          ]
        ]
      },
      "id": "way/1165189424"
    },
    {
      "type": "Feature",
      "properties": {
        "@id": "way/1165223889",
        "electrified": "contact_line",
        "frequency": "50",
        "gauge": "1676",
        "railway": "rail",
        "voltage": "25000"
      },
      "geometry": {
        "type": "LineString",
        "coordinates": [
          [
            75.7797994,
            26.9260396
          ],
          [
            75.7801804,
            26.9257754
          ],
          [
            75.7806793,
            26.9253666
          ],
          [
            75.7810333,
            26.925131
          ],
          [
            75.7813448,
            26.9248838
          ],
          [
            75.7816699,
            26.9246346
          ],
          [
            75.7818231,
            26.9245249
          ],
          [
            75.7819253,
            26.9244553
          ],
          [
            75.7820486,
            26.9243817
          ],
          [
            75.7823971,
            26.9241934
          ],
          [
            75.7825531,
            26.9240975
          ],
          [
            75.7827137,
            26.9239891
          ],
          [
            75.7828921,
            26.9238623
          ],
          [
            75.7860538,
            26.9213154
          ]
        ]
      },
      "id": "way/1165223889"
    },
    {
      "type": "Feature",
      "properties": {
        "@id": "way/1231656889",
        "railway": "rail",
        "service": "yard"
      },
      "geometry": {
        "type": "LineString",
        "coordinates": [
          [
            75.7861098,
            26.9213731
          ],
          [
            75.7831169,
            26.9237782
          ],
          [
            75.783007,
            26.9238613
          ],
          [
            75.782799,
            26.9240163
          ],
          [
            75.7824609,
            26.9242182
          ]
        ]
      },
      "id": "way/1231656889"
    },
    {
      "type": "Feature",
      "properties": {
        "@id": "way/1231742121",
        "electrified": "contact_line",
        "frequency": "50",
        "gauge": "1676",
        "railway": "rail",
        "voltage": "25000"
      },
      "geometry": {
        "type": "LineString",
        "coordinates": [
          [
            75.7642883,
            26.9472163
          ],
          [
            75.7661453,
            26.943306
          ],
          [
            75.7662114,
            26.9431851
          ],
          [
            75.7662946,
            26.9430559
          ],
          [
            75.7668015,
            26.9422549
          ]
        ]
      },
      "id": "way/1231742121"
    },
    {
      "type": "Feature",
      "properties": {
        "@id": "way/1231742122",
        "electrified": "contact_line",
        "frequency": "50",
        "gauge": "1676",
        "railway": "rail",
        "voltage": "25000"
      },
      "geometry": {
        "type": "LineString",
        "coordinates": [
          [
            75.7676929,
            26.9404865
          ],
          [
            75.7676008,
            26.940794
          ],
          [
            75.7644117,
            26.9475248
          ],
          [
            75.7641538,
            26.9479617
          ]
        ]
      },
      "id": "way/1231742122"
    },
    {
      "type": "Feature",
      "properties": {
        "@id": "way/1231742123",
        "electrified": "contact_line",
        "frequency": "50",
        "gauge": "1676",
        "railway": "rail",
        "voltage": "25000"
      },
      "geometry": {
        "type": "LineString",
        "coordinates": [
          [
            75.7635058,
            26.9493155
          ],
          [
            75.7636955,
            26.9487968
          ],
          [
            75.7668015,
            26.9422549
          ],
          [
            75.767743,
            26.9402727
          ],
          [
            75.7679311,
            26.9399724
          ]
        ]
      },
      "id": "way/1231742123"
    },
    {
      "type": "Feature",
      "properties": {
        "@id": "way/1231742124",
        "railway": "rail",
        "service": "yard"
      },
      "geometry": {
        "type": "LineString",
        "coordinates": [
          [
            75.7802126,
            26.9258023
          ],
          [
            75.7810333,
            26.925131
          ]
        ]
      },
      "id": "way/1231742124"
    },
    {
      "type": "Feature",
      "properties": {
        "@id": "way/1231742126",
        "railway": "rail"
      },
      "geometry": {
        "type": "LineString",
        "coordinates": [
          [
            75.7905542,
            26.914732
          ],
          [
            75.7907134,
            26.9156629
          ]
        ]
      },
      "id": "way/1231742126"
    },
    {
      "type": "Feature",
      "properties": {
        "@id": "way/1311306093",
        "electrified": "contact_line",
        "frequency": "50",
        "gauge": "1676",
        "passenger_lines": "2",
        "railway": "rail",
        "usage": "main",
        "voltage": "25000"
      },
      "geometry": {
        "type": "LineString",
        "coordinates": [
          [
            75.7907687,
            26.915682
          ],
          [
            75.7906491,
            26.9136921
          ],
          [
            75.7905927,
            26.9131109
          ],
          [
            75.7905015,
            26.9122188
          ],
          [
            75.7904554,
            26.9116403
          ],
          [
            75.7904047,
            26.9108085
          ]
        ]
      },
      "id": "way/1311306093"
    },
    {
      "type": "Feature",
      "properties": {
        "@id": "way/1311306094",
        "gauge": "1676",
        "passenger_lines": "2",
        "railway": "rail"
      },
      "geometry": {
        "type": "LineString",
        "coordinates": [
          [
            75.7903985,
            26.9114747
          ],
          [
            75.7904148,
            26.9117514
          ]
        ]
      },
      "id": "way/1311306094"
    },
    {
      "type": "Feature",
      "properties": {
        "@id": "way/1311306095",
        "gauge": "1676",
        "passenger_lines": "2",
        "railway": "rail"
      },
      "geometry": {
        "type": "LineString",
        "coordinates": [
          [
            75.7903363,
            26.9104205
          ],
          [
            75.7903985,
            26.9114747
          ]
        ]
      },
      "id": "way/1311306095"
    },
    {
      "type": "Feature",
      "properties": {
        "@id": "way/1311306096",
        "electrified": "contact_line",
        "frequency": "50",
        "gauge": "1676",
        "passenger_lines": "1",
        "railway": "rail",
        "usage": "main",
        "voltage": "25000"
      },
      "geometry": {
        "type": "LineString",
        "coordinates": [
          [
            75.7903427,
            26.9114235
          ],
          [
            75.7904118,
            26.9126125
          ]
        ]
      },
      "id": "way/1311306096"
    },
    {
      "type": "Feature",
      "properties": {
        "@id": "way/1311306097",
        "electrified": "contact_line",
        "frequency": "50",
        "gauge": "1676",
        "passenger_lines": "1",
        "railway": "rail",
        "usage": "main",
        "voltage": "25000"
      },
      "geometry": {
        "type": "LineString",
        "coordinates": [
          [
            75.790517,
            26.9141485
          ],
          [
            75.7905542,
            26.914732
          ]
        ]
      },
      "id": "way/1311306097"
    },
    {
      "type": "Feature",
      "properties": {
        "@id": "way/1311306098",
        "electrified": "contact_line",
        "frequency": "50",
        "gauge": "1676",
        "railway": "rail",
        "voltage": "25000"
      },
      "geometry": {
        "type": "LineString",
        "coordinates": [
          [
            75.7905124,
            26.914849
          ],
          [
            75.7903489,
            26.912342
          ],
          [
            75.7903412,
            26.9122252
          ]
        ]
      },
      "id": "way/1311306098"
    },
    {
      "type": "Feature",
      "properties": {
        "@id": "way/1311306099",
        "electrified": "contact_line",
        "frequency": "50",
        "gauge": "1676",
        "railway": "rail",
        "service": "crossover",
        "voltage": "25000"
      },
      "geometry": {
        "type": "LineString",
        "coordinates": [
          [
            75.7905124,
            26.914849
          ],
          [
            75.790517,
            26.9141485
          ]
        ]
      },
      "id": "way/1311306099"
    },
    {
      "type": "Feature",
      "properties": {
        "@id": "way/1311306100",
        "electrified": "contact_line",
        "frequency": "50",
        "gauge": "1676",
        "railway": "rail",
        "service": "crossover",
        "voltage": "25000"
      },
      "geometry": {
        "type": "LineString",
        "coordinates": [
          [
            75.7904047,
            26.9108085
          ],
          [
            75.7903985,
            26.9114747
          ]
        ]
      },
      "id": "way/1311306100"
    },
    {
      "type": "Feature",
      "properties": {
        "@id": "way/1311306101",
        "electrified": "contact_line",
        "frequency": "50",
        "gauge": "1676",
        "railway": "rail",
        "service": "crossover",
        "voltage": "25000"
      },
      "geometry": {
        "type": "LineString",
        "coordinates": [
          [
            75.7903961,
            26.9106678
          ],
          [
            75.790301,
            26.909868
          ]
        ]
      },
      "id": "way/1311306101"
    },
    {
      "type": "Feature",
      "properties": {
        "@id": "way/1311306102",
        "electrified": "contact_line",
        "frequency": "50",
        "gauge": "1676",
        "passenger_lines": "1",
        "railway": "rail",
        "usage": "main",
        "voltage": "25000"
      },
      "geometry": {
        "type": "LineString",
        "coordinates": [
          [
            75.7903427,
            26.9114235
          ],
          [
            75.7903342,
            26.9112831
          ]
        ]
      },
      "id": "way/1311306102"
    },
    {
      "type": "Feature",
      "properties": {
        "@id": "way/1311306103",
        "electrified": "contact_line",
        "frequency": "50",
        "gauge": "1676",
        "railway": "rail",
        "service": "crossover",
        "voltage": "25000"
      },
      "geometry": {
        "type": "LineString",
        "coordinates": [
          [
            75.7904118,
            26.9126125
          ],
          [
            75.7904148,
            26.9117514
          ]
        ]
      },
      "id": "way/1311306103"
    },
    {
      "type": "Feature",
      "properties": {
        "@id": "way/1311306104",
        "electrified": "contact_line",
        "frequency": "50",
        "gauge": "1676",
        "railway": "rail",
        "service": "crossover",
        "voltage": "25000"
      },
      "geometry": {
        "type": "LineString",
        "coordinates": [
          [
            75.7904519,
            26.9131277
          ],
          [
            75.7903489,
            26.912342
          ]
        ]
      },
      "id": "way/1311306104"
    },
    {
      "type": "Feature",
      "properties": {
        "@id": "way/1311306105",
        "electrified": "contact_line",
        "frequency": "50",
        "gauge": "1676",
        "railway": "rail",
        "voltage": "25000"
      },
      "geometry": {
        "type": "LineString",
        "coordinates": [
          [
            75.781706,
            26.9240902
          ],
          [
            75.7821587,
            26.9237223
          ],
          [
            75.7822573,
            26.9236324
          ],
          [
            75.7825311,
            26.923345
          ],
          [
            75.7826502,
            26.9232289
          ],
          [
            75.7827573,
            26.9231389
          ],
          [
            75.7863643,
            26.9202441
          ]
        ]
      },
      "id": "way/1311306105"
    },
    {
      "type": "Feature",
      "properties": {
        "@id": "way/1314755328",
        "electrified": "contact_line",
        "frequency": "50",
        "gauge": "1676",
        "passenger_lines": "2",
        "railway": "rail",
        "usage": "main",
        "voltage": "25000"
      },
      "geometry": {
        "type": "LineString",
        "coordinates": [
          [
            74.6383931,
            26.4529818
          ],
          [
            74.6385114,
            26.4526112
          ],
          [
            74.638612,
            26.452335
          ]
        ]
      },
      "id": "way/1314755328"
    },
    {
      "type": "Feature",
      "properties": {
        "@id": "way/1314755329",
        "electrified": "contact_line",
        "frequency": "50",
        "gauge": "1676",
        "passenger_lines": "1",
        "railway": "rail",
        "usage": "main",
        "voltage": "25000"
      },
      "geometry": {
        "type": "LineString",
        "coordinates": [
          [
            74.6391459,
            26.4619086
          ],
          [
            74.639343,
            26.4620023
          ],
          [
            74.6396501,
            26.4621307
          ],
          [
            74.6397842,
            26.4621764
          ],
          [
            74.640082,
            26.46227
          ],
          [
            74.6403556,
            26.462336
          ],
          [
            74.6406198,
            26.4623781
          ],
          [
            74.640947,
            26.4623961
          ],
          [
            74.6412984,
            26.4623985
          ],
          [
            74.6416551,
            26.4623853
          ],
          [
            74.642339,
            26.4623408
          ],
          [
            74.6424275,
            26.4623249
          ],
          [
            74.6429305,
            26.462234
          ],
          [
            74.6432038,
            26.4621883
          ],
          [
            74.6435943,
            26.4621524
          ],
          [
            74.6438907,
            26.4621055
          ],
          [
            74.6441951,
            26.4620575
          ],
          [
            74.6446285,
            26.4619642
          ]
        ]
      },
      "id": "way/1314755329"
    },
    {
      "type": "Feature",
      "properties": {
        "@id": "way/1314755330",
        "electrified": "contact_line",
        "frequency": "50",
        "gauge": "1676",
        "passenger_lines": "2",
        "railway": "rail",
        "usage": "main",
        "voltage": "25000"
      },
      "geometry": {
        "type": "LineString",
        "coordinates": [
          [
            74.6446285,
            26.4619642
          ],
          [
            74.6444178,
            26.4620323
          ],
          [
            74.6441687,
            26.4621038
          ],
          [
            74.6438977,
            26.4621592
          ],
          [
            74.6436842,
            26.4621896
          ],
          [
            74.643199,
            26.4622419
          ],
          [
            74.6429184,
            26.4622844
          ],
          [
            74.642351,
            26.4623852
          ],
          [
            74.6419243,
            26.4624265
          ],
          [
            74.6416041,
            26.4624465
          ],
          [
            74.641234,
            26.46245
          ],
          [
            74.6409554,
            26.4624415
          ],
          [
            74.6405913,
            26.4624098
          ],
          [
            74.6403395,
            26.4623709
          ],
          [
            74.6400486,
            26.4623102
          ],
          [
            74.6399816,
            26.4622923
          ],
          [
            74.6397749,
            26.4622304
          ],
          [
            74.6395312,
            26.462137
          ],
          [
            74.6393258,
            26.4620481
          ],
          [
            74.6388623,
            26.4618149
          ]
        ]
      },
      "id": "way/1314755330"
    },
    {
      "type": "Feature",
      "properties": {
        "@id": "way/1315817860",
        "bridge": "yes",
        "bridge:structure": "beam",
        "electrified": "contact_line",
        "frequency": "50",
        "gauge": "1676",
        "layer": "1",
        "name": "Jaipur to Sawai Madhopur Line",
        "railway": "rail",
        "source": "Esri World Imagery (2024-09-15)",
        "usage": "main",
        "voltage": "25000"
      },
      "geometry": {
        "type": "LineString",
        "coordinates": [
          [
            75.7862681,
            26.8470397
          ],
          [
            75.7862647,
            26.8469823
          ]
        ]
      },
      "id": "way/1315817860"
    },
    {
      "type": "Feature",
      "properties": {
        "@id": "way/1315817861",
        "electrified": "contact_line",
        "frequency": "50",
        "gauge": "1676",
        "name": "Jaipur to Sawai Madhopur Line",
        "railway": "rail",
        "source": "Esri World Imagery (2024-09-15)",
        "usage": "main",
        "voltage": "25000"
      },
      "geometry": {
        "type": "LineString",
        "coordinates": [
          [
            75.7865276,
            26.8513911
          ],
          [
            75.7862681,
            26.8470397
          ]
        ]
      },
      "id": "way/1315817861"
    },
    {
      "type": "Feature",
      "properties": {
        "@id": "way/1315817862",
        "electrified": "no",
        "railway": "rail",
        "service": "siding"
      },
      "geometry": {
        "type": "LineString",
        "coordinates": [
          [
            75.7865263,
            26.8522563
          ],
          [
            75.786457,
            26.8514129
          ]
        ]
      },
      "id": "way/1315817862"
    },
    {
      "type": "Feature",
      "properties": {
        "@id": "way/1315817863",
        "electrified": "no",
        "railway": "rail",
        "service": "siding"
      },
      "geometry": {
        "type": "LineString",
        "coordinates": [
          [
            75.7870609,
            26.8606365
          ],
          [
            75.78713,
            26.8618497
          ]
        ]
      },
      "id": "way/1315817863"
    },
    {
      "type": "Feature",
      "properties": {
        "@id": "way/1315817864",
        "electrified": "contact_line",
        "frequency": "50",
        "gauge": "1676",
        "name": "Jaipur to Sawai Madhopur Line",
        "railway": "rail",
        "source": "Esri World Imagery (2024-09-15)",
        "usage": "main",
        "voltage": "25000"
      },
      "geometry": {
        "type": "LineString",
        "coordinates": [
          [
            75.7871579,
            26.8614794
          ],
          [
            75.7865276,
            26.8513911
          ]
        ]
      },
      "id": "way/1315817864"
    },
    {
      "type": "Feature",
      "properties": {
        "@id": "way/1316767120",
        "electrified": "contact_line",
        "frequency": "50",
        "gauge": "1676",
        "railway": "rail",
        "voltage": "25000"
      },
      "geometry": {
        "type": "LineString",
        "coordinates": [
          [
            75.780917,
            26.924808
          ],
          [
            75.7812784,
            26.9245658
          ],
          [
            75.7817188,
            26.9242117
          ],
          [
            75.7819245,
            26.9240322
          ],
          [
            75.7823696,
            26.9236238
          ],
          [
            75.7825682,
            26.9234486
          ],
          [
            75.7826685,
            26.9233649
          ],
          [
            75.786465,
            26.9203278
          ]
        ]
      },
      "id": "way/1316767120"
    },
    {
      "type": "Feature",
      "properties": {
        "@id": "way/1316767122",
        "electrified": "contact_line",
        "frequency": "50",
        "gauge": "1676",
        "passenger_lines": "2",
        "railway": "rail",
        "usage": "main",
        "voltage": "25000"
      },
      "geometry": {
        "type": "LineString",
        "coordinates": [
          [
            75.7888732,
            26.9186563
          ],
          [
            75.7866071,
            26.9204689
          ]
        ]
      },
      "id": "way/1316767122"
    },
    {
      "type": "Feature",
      "properties": {
        "@id": "way/1327840726",
        "electrified": "contact_line",
        "frequency": "50",
        "gauge": "1676",
        "name": "Jaipur to Sawai Madhopur Line",
        "railway": "rail",
        "source": "Esri World Imagery (2024-09-15)",
        "usage": "main",
        "voltage": "25000"
      },
      "geometry": {
        "type": "LineString",
        "coordinates": [
          [
            75.7851051,
            26.8388104
          ],
          [
            75.7850245,
            26.8386194
          ],
          [
            75.7848149,
            26.8381702
          ],
          [
            75.7845794,
            26.8377086
          ],
          [
            75.7841846,
            26.8370306
          ],
          [
            75.7839652,
            26.8366786
          ],
          [
            75.7817273,
            26.8332712
          ]
        ]
      },
      "id": "way/1327840726"
    },
    {
      "type": "Feature",
      "properties": {
        "@id": "way/1327840727",
        "bridge": "yes",
        "electrified": "contact_line",
        "frequency": "50",
        "gauge": "1676",
        "layer": "1",
        "name": "Jaipur to Sawai Madhopur Line",
        "railway": "rail",
        "source": "Esri World Imagery (2024-09-15)",
        "usage": "main",
        "voltage": "25000"
      },
      "geometry": {
        "type": "LineString",
        "coordinates": [
          [
            75.7851617,
            26.8389445
          ],
          [
            75.7851051,
            26.8388104
          ]
        ]
      },
      "id": "way/1327840727"
    },
    {
      "type": "Feature",
      "properties": {
        "@id": "way/1381088093",
        "railway": "rail",
        "service": "spur"
      },
      "geometry": {
        "type": "LineString",
        "coordinates": [
          [
            75.2510115,
            26.8734454
          ],
          [
            75.252808,
            26.8740942
          ],
          [
            75.2532707,
            26.8742248
          ],
          [
            75.2535794,
            26.874306
          ],
          [
            75.2537372,
            26.8743436
          ],
          [
            75.254017,
            26.8744101
          ],
          [
            75.2542273,
            26.8744564
          ],
          [
            75.2543973,
            26.874482
          ],
          [
            75.2547531,
            26.8745356
          ]
        ]
      },
      "id": "way/1381088093"
    },
    {
      "type": "Feature",
      "properties": {
        "@id": "way/1381088094",
        "railway": "rail",
        "service": "spur"
      },
      "geometry": {
        "type": "LineString",
        "coordinates": [
          [
            75.2537372,
            26.8743436
          ],
          [
            75.2534884,
            26.8742467
          ],
          [
            75.2518276,
            26.8736103
          ]
        ]
      },
      "id": "way/1381088094"
    },
    {
      "type": "Feature",
      "properties": {
        "@id": "way/1381088095",
        "railway": "rail",
        "service": "spur"
      },
      "geometry": {
        "type": "LineString",
        "coordinates": [
          [
            75.2518552,
            26.8735523
          ],
          [
            75.2537279,
            26.8742709
          ],
          [
            75.2540667,
            26.8743949
          ],
          [
            75.2543973,
            26.874482
          ]
        ]
      },
      "id": "way/1381088095"
    },
    {
      "type": "Feature",
      "properties": {
        "@id": "way/1387993824",
        "electrified": "contact_line",
        "frequency": "50",
        "gauge": "1676",
        "passenger_lines": "2",
        "railway": "rail",
        "usage": "main",
        "voltage": "25000"
      },
      "geometry": {
        "type": "LineString",
        "coordinates": [
          [
            75.492292,
            26.9051136
          ],
          [
            75.4989857,
            26.9059005
          ],
          [
            75.5021768,
            26.9062695
          ],
          [
            75.5050188,
            26.9065963
          ],
          [
            75.5054451,
            26.9066453
          ],
          [
            75.521572,
            26.9085075
          ],
          [
            75.5239746,
            26.9087908
          ],
          [
            75.5256465,
            26.9089893
          ],
          [
            75.5344721,
            26.9099989
          ],
          [
            75.5433513,
            26.9110287
          ],
          [
            75.5460096,
            26.9113311
          ],
          [
            75.5487552,
            26.9116533
          ],
          [
            75.5512967,
            26.9119438
          ],
          [
            75.5514422,
            26.9119604
          ],
          [
            75.5548327,
            26.9123624
          ],
          [
            75.5581709,
            26.9127418
          ],
          [
            75.5614003,
            26.9131005
          ],
          [
            75.561955,
            26.9131649
          ],
          [
            75.5680244,
            26.9138698
          ],
          [
            75.5745309,
            26.9146184
          ],
          [
            75.5811048,
            26.9153841
          ],
          [
            75.5876935,
            26.9161364
          ],
          [
            75.5920654,
            26.9166484
          ],
          [
            75.5965558,
            26.9171543
          ],
          [
            75.598809,
            26.9174237
          ],
          [
            75.6010119,
            26.9176613
          ],
          [
            75.605526,
            26.9182056
          ],
          [
            75.6094494,
            26.9186535
          ],
          [
            75.6095544,
            26.9186654
          ],
          [
            75.6105359,
            26.9187772
          ],
          [
            75.6132933,
            26.9190911
          ],
          [
            75.6169423,
            26.9195143
          ],
          [
            75.6206205,
            26.9199353
          ],
          [
            75.6212034,
            26.9200024
          ]
        ]
      },
      "id": "way/1387993824"
    },
    {
      "type": "Feature",
      "properties": {
        "@id": "way/1387993825",
        "bridge": "yes",
        "electrified": "contact_line",
        "frequency": "50",
        "gauge": "1676",
        "layer": "1",
        "passenger_lines": "2",
        "railway": "rail",
        "usage": "main",
        "voltage": "25000"
      },
      "geometry": {
        "type": "LineString",
        "coordinates": [
          [
            75.6212034,
            26.9200024
          ],
          [
            75.6212789,
            26.9200111
          ]
        ]
      },
      "id": "way/1387993825"
    },
    {
      "type": "Feature",
      "properties": {
        "@id": "way/1387993826",
        "electrified": "contact_line",
        "frequency": "50",
        "gauge": "1676",
        "passenger_lines": "2",
        "railway": "rail",
        "usage": "main",
        "voltage": "25000"
      },
      "geometry": {
        "type": "LineString",
        "coordinates": [
          [
            75.7744618,
            26.9294319
          ],
          [
            75.7737885,
            26.9298304
          ],
          [
            75.7733687,
            26.9300954
          ],
          [
            75.773112,
            26.930253
          ],
          [
            75.7719372,
            26.9309586
          ],
          [
            75.7715474,
            26.9311853
          ],
          [
            75.7704714,
            26.9317707
          ],
          [
            75.7697635,
            26.9321003
          ],
          [
            75.7692189,
            26.9323336
          ],
          [
            75.7687761,
            26.932513
          ],
          [
            75.7681141,
            26.9327474
          ],
          [
            75.7675844,
            26.9329218
          ],
          [
            75.7672562,
            26.9330203
          ],
          [
            75.7667544,
            26.9331483
          ],
          [
            75.766392,
            26.933239
          ],
          [
            75.7660498,
            26.9333311
          ],
          [
            75.7653136,
            26.9334829
          ],
          [
            75.7646433,
            26.9335939
          ],
          [
            75.7639437,
            26.9336854
          ],
          [
            75.7631141,
            26.9337621
          ],
          [
            75.7618121,
            26.9338339
          ],
          [
            75.7604422,
            26.9339156
          ],
          [
            75.7573436,
            26.9341099
          ],
          [
            75.7537249,
            26.9343319
          ],
          [
            75.7521573,
            26.9344217
          ],
          [
            75.7509598,
            26.9344974
          ],
          [
            75.7500948,
            26.9345355
          ],
          [
            75.7493062,
            26.9345413
          ],
          [
            75.7486173,
            26.9345205
          ],
          [
            75.7480177,
            26.9344801
          ],
          [
            75.7474674,
            26.9344259
          ],
          [
            75.7433818,
            26.9339652
          ],
          [
            75.7394296,
            26.9335115
          ],
          [
            75.7334379,
            26.9328315
          ],
          [
            75.7303624,
            26.9324782
          ],
          [
            75.7283643,
            26.9322496
          ],
          [
            75.7271988,
            26.9321146
          ],
          [
            75.7248122,
            26.9318444
          ],
          [
            75.7194046,
            26.9312028
          ],
          [
            75.7183694,
            26.9310842
          ],
          [
            75.7182833,
            26.9310743
          ],
          [
            75.7143765,
            26.9306267
          ],
          [
            75.7125982,
            26.9304115
          ],
          [
            75.7110585,
            26.9302441
          ],
          [
            75.7069815,
            26.9297825
          ],
          [
            75.7067219,
            26.9297531
          ],
          [
            75.7065651,
            26.9297412
          ],
          [
            75.705972,
            26.9296901
          ],
          [
            75.7008133,
            26.9291013
          ],
          [
            75.6982856,
            26.9288046
          ],
          [
            75.6957371,
            26.9285171
          ],
          [
            75.6955116,
            26.9284913
          ],
          [
            75.6944927,
            26.9283751
          ],
          [
            75.6931874,
            26.928225
          ],
          [
            75.6913792,
            26.9280084
          ],
          [
            75.6906803,
            26.9279375
          ],
          [
            75.6852029,
            26.9273107
          ],
          [
            75.6798449,
            26.9266942
          ],
          [
            75.6765734,
            26.9263223
          ],
          [
            75.6749403,
            26.9261366
          ],
          [
            75.6701283,
            26.9255841
          ],
          [
            75.6648307,
            26.9249743
          ],
          [
            75.6595823,
            26.9243713
          ],
          [
            75.6580986,
            26.9242008
          ],
          [
            75.6555071,
            26.923903
          ],
          [
            75.6515584,
            26.9234532
          ],
          [
            75.6478366,
            26.9230287
          ],
          [
            75.6441694,
            26.9226009
          ],
          [
            75.638683,
            26.9219708
          ],
          [
            75.6332084,
            26.9213461
          ],
          [
            75.6306195,
            26.9210427
          ],
          [
            75.628119,
            26.9207642
          ],
          [
            75.6243804,
            26.920329
          ],
          [
            75.6212843,
            26.9199764
          ]
        ]
      },
      "id": "way/1387993826"
    },
    {
      "type": "Feature",
      "properties": {
        "@id": "way/1387993827",
        "bridge": "yes",
        "electrified": "contact_line",
        "frequency": "50",
        "gauge": "1676",
        "layer": "1",
        "passenger_lines": "2",
        "railway": "rail",
        "usage": "main",
        "voltage": "25000"
      },
      "geometry": {
        "type": "LineString",
        "coordinates": [
          [
            75.6212843,
            26.9199764
          ],
          [
            75.6212154,
            26.9199686
          ]
        ]
      },
      "id": "way/1387993827"
    },
    {
      "type": "Feature",
      "properties": {
        "@id": "way/1545902111",
        "electrified": "contact_line",
        "frequency": "50",
        "gauge": "1676",
        "historic:gauge": "1000",
        "historic:railway": "narrow_gauge",
        "passenger_lines": "1",
        "railway": "rail",
        "usage": "branch",
        "voltage": "25000"
      },
      "geometry": {
        "type": "LineString",
        "coordinates": [
          [
            75.7697874,
            26.9361045
          ],
          [
            75.7710688,
            26.9333987
          ],
          [
            75.7713051,
            26.9329034
          ],
          [
            75.7715265,
            26.9324289
          ],
          [
            75.7716306,
            26.9322055
          ],
          [
            75.7717406,
            26.9319877
          ],
          [
            75.7718421,
            26.9318064
          ],
          [
            75.7719502,
            26.9316222
          ],
          [
            75.7720174,
            26.9315176
          ],
          [
            75.7721555,
            26.9313234
          ],
          [
            75.7723307,
            26.9310967
          ],
          [
            75.7725187,
            26.9308965
          ],
          [
            75.7726814,
            26.9307387
          ],
          [
            75.7728303,
            26.9306031
          ],
          [
            75.7729422,
            26.9305155
          ],
          [
            75.7730502,
            26.9304294
          ],
          [
            75.7731873,
            26.9303336
          ],
          [
            75.7733872,
            26.9301953
          ],
          [
            75.7738927,
            26.9298863
          ],
          [
            75.7745161,
            26.9295053
          ]
        ]
      },
      "id": "way/1545902111"
    },
    {
      "type": "Feature",
      "properties": {
        "@id": "way/1545902118",
        "bridge": "yes",
        "electrified": "contact_line",
        "frequency": "50",
        "gauge": "1676",
        "historic:gauge": "1000",
        "historic:railway": "narrow_gauge",
        "layer": "1",
        "passenger_lines": "1",
        "railway": "rail",
        "usage": "branch",
        "voltage": "25000"
      },
      "geometry": {
        "type": "LineString",
        "coordinates": [
          [
            75.7697625,
            26.9361575
          ],
          [
            75.7697874,
            26.9361045
          ]
        ]
      },
      "id": "way/1545902118"
    },
    {
      "type": "Feature",
      "properties": {
        "@id": "way/1545902124",
        "electrified": "contact_line",
        "frequency": "50",
        "gauge": "1676",
        "railway": "rail",
        "service": "crossover",
        "voltage": "25000"
      },
      "geometry": {
        "type": "LineString",
        "coordinates": [
          [
            75.7755049,
            26.9289081
          ],
          [
            75.7759177,
            26.9286086
          ]
        ]
      },
      "id": "way/1545902124"
    },
    {
      "type": "Feature",
      "properties": {
        "@id": "node/316672539",
        "railway": "switch"
      },
      "geometry": {
        "type": "Point",
        "coordinates": [
          75.776489,
          26.9282618
        ]
      },
      "id": "node/316672539"
    },
    {
      "type": "Feature",
      "properties": {
        "@id": "node/316673866",
        "addr:postcode": "302017",
        "internet_access": "no",
        "name": "Getor Jagatpura",
        "name:de": "Gator Jaradpura",
        "network": "IR",
        "operator": "NWR",
        "public_transport": "station",
        "railway": "station",
        "ref": "GTJT",
        "train": "yes",
        "wikidata": "Q24949506",
        "wikipedia": "en:Getor Jagatpura railway station"
      },
      "geometry": {
        "type": "Point",
        "coordinates": [
          75.8320226,
          26.837001
        ]
      },
      "id": "node/316673866"
    },
    {
      "type": "Feature",
      "properties": {
        "@id": "node/316681502",
        "internet_access": "no",
        "name": "Dahar-Ka-Balaji",
        "network": "IR",
        "operator": "NWR",
        "public_transport": "station",
        "railway": "station",
        "ref": "DKBJ",
        "train": "yes",
        "wikidata": "Q24949507",
        "wikipedia": "en:Dahar Ka Balaji railway station"
      },
      "geometry": {
        "type": "Point",
        "coordinates": [
          75.766114,
          26.9445145
        ]
      },
      "id": "node/316681502"
    },
    {
      "type": "Feature",
      "properties": {
        "@id": "node/360619620",
        "internet_access": "no",
        "name": "Bidiyad",
        "network": "IR",
        "operator": "NWR",
        "public_transport": "station",
        "railway": "station",
        "ref": "BIDD",
        "train": "yes",
        "wikidata": "Q104527771"
      },
      "geometry": {
        "type": "Point",
        "coordinates": [
          74.7037141,
          26.9809136
        ]
      },
      "id": "node/360619620"
    },
    {
      "type": "Feature",
      "properties": {
        "@id": "node/1064270917",
        "construction": "station",
        "disused:railway": "station",
        "name": "Ambabadi Metro (u/c)",
        "network": "Jaipur Metro",
        "note": "Contributors are requested to not edit the \"network\" and the \"operator\" tags. (2023/11/08)",
        "operator": "Jaipur Metro Rail Corporation Limited",
        "public_transport": "station",
        "railway": "station",
        "station": "subway",
        "subway": "yes"
      },
      "geometry": {
        "type": "Point",
        "coordinates": [
          75.7777965,
          26.9397287
        ]
      },
      "id": "node/1064270917"
    },
    {
      "type": "Feature",
      "properties": {
        "@id": "node/1720156510",
        "internet_access": "no",
        "name": "Peeplee Ka Bas",
        "network": "IR",
        "operator": "NWR",
        "public_transport": "station",
        "railway": "station",
        "ref": "PKBS",
        "train": "yes",
        "wikidata": "Q63356916"
      },
      "geometry": {
        "type": "Point",
        "coordinates": [
          75.2689244,
          26.9106442
        ]
      },
      "id": "node/1720156510"
    },
    {
      "type": "Feature",
      "properties": {
        "@id": "node/1720587134",
        "internet_access": "no",
        "name": "Bhanwsa",
        "network": "IR",
        "operator": "NWR",
        "public_transport": "station",
        "railway": "station",
        "ref": "BNWS",
        "train": "yes",
        "wikidata": "Q63368992"
      },
      "geometry": {
        "type": "Point",
        "coordinates": [
          75.2173514,
          26.8331161
        ]
      },
      "id": "node/1720587134"
    },
    {
      "type": "Feature",
      "properties": {
        "@id": "node/1753726590",
        "internet_access": "no",
        "name": "Gandhi Nagar Jaipur",
        "name:de": "Gandhinagar Jaipur",
        "network": "Indian Railways",
        "operator": "North Western Railway",
        "public_transport": "station",
        "railway": "station",
        "ref": "GADJ",
        "train": "yes",
        "wikidata": "Q5520716",
        "wikipedia": "en:Gandhinagar Jaipur railway station"
      },
      "geometry": {
        "type": "Point",
        "coordinates": [
          75.7992199,
          26.8728017
        ]
      },
      "id": "node/1753726590"
    },
    {
      "type": "Feature",
      "properties": {
        "@id": "node/1844564358",
        "internet_access": "no",
        "name": "Adarshnagar",
        "network": "IR",
        "operator": "NWR",
        "public_transport": "station",
        "railway": "station",
        "ref": "AHO",
        "train": "yes",
        "wikidata": "Q24948110",
        "wikipedia": "en:Adarshnagar railway station"
      },
      "geometry": {
        "type": "Point",
        "coordinates": [
          74.6535336,
          26.4109424
        ]
      },
      "id": "node/1844564358"
    },
    {
      "type": "Feature",
      "properties": {
        "@id": "node/1942875741",
        "internet_access": "no",
        "name": "Phulera Junction",
        "name:hi": "फुलेरा जंकशन",
        "network": "IR",
        "operator": "NWR",
        "public_transport": "station",
        "railway": "station",
        "ref": "FL",
        "train": "yes",
        "wikidata": "Q24949894",
        "wikipedia": "en:Phulera Junction railway station"
      },
      "geometry": {
        "type": "Point",
        "coordinates": [
          75.2460237,
          26.8736095
        ]
      },
      "id": "node/1942875741"
    },
    {
      "type": "Feature",
      "properties": {
        "@id": "node/1946919383",
        "internet_access": "no",
        "name": "Bais Godam",
        "network": "IR",
        "operator": "NWR",
        "public_transport": "station",
        "railway": "station",
        "ref": "BSGD",
        "train": "no",
        "wikidata": "Q24949515",
        "wikipedia": "en:Bais Godam railway station"
      },
      "geometry": {
        "type": "Point",
        "coordinates": [
          75.7895065,
          26.9017919
        ]
      },
      "id": "node/1946919383"
    },
    {
      "type": "Feature",
      "properties": {
        "@id": "node/1946937441",
        "historic:ref": "KKUF",
        "internet_access": "no",
        "name": "Kanakpura",
        "network": "IR",
        "operator": "NWR",
        "public_transport": "station",
        "railway": "station",
        "ref": "KKU",
        "train": "yes",
        "wikidata": "Q24949546",
        "wikipedia": "en:Kanakpura railway station"
      },
      "geometry": {
        "type": "Point",
        "coordinates": [
          75.703282,
          26.9291996
        ]
      },
      "id": "node/1946937441"
    },
    {
      "type": "Feature",
      "properties": {
        "@id": "node/1946937461",
        "historic:ref": "BDYF",
        "internet_access": "no",
        "name": "Bindayaka",
        "network": "IR",
        "operator": "NWR",
        "public_transport": "station",
        "railway": "station",
        "ref": "BDYK",
        "train": "yes",
        "wikidata": "Q63371786"
      },
      "geometry": {
        "type": "Point",
        "coordinates": [
          75.6515943,
          26.923616
        ]
      },
      "id": "node/1946937461"
    },
    {
      "type": "Feature",
      "properties": {
        "@id": "node/1947132915",
        "internet_access": "no",
        "name": "Khandel",
        "network": "IR",
        "operator": "NWR",
        "public_transport": "station",
        "railway": "station",
        "ref": "KNDL",
        "train": "yes",
        "wikidata": "Q63356523"
      },
      "geometry": {
        "type": "Point",
        "coordinates": [
          75.2795753,
          26.9526596
        ]
      },
      "id": "node/1947132915"
    },
    {
      "type": "Feature",
      "properties": {
        "@id": "node/2187740310",
        "internet_access": "no",
        "name": "Khatipura",
        "name:de": "Khatipura",
        "network": "IR",
        "operator": "NWR",
        "public_transport": "station",
        "railway": "station",
        "ref": "KWP",
        "train": "yes",
        "wikidata": "Q63371308"
      },
      "geometry": {
        "type": "Point",
        "coordinates": [
          75.8910715,
          26.8361206
        ]
      },
      "id": "node/2187740310"
    },
    {
      "type": "Feature",
      "properties": {
        "@id": "node/2187740661",
        "railway": "switch"
      },
      "geometry": {
        "type": "Point",
        "coordinates": [
          75.7903363,
          26.9104205
        ]
      },
      "id": "node/2187740661"
    },
    {
      "type": "Feature",
      "properties": {
        "@id": "node/2187740663",
        "railway": "switch"
      },
      "geometry": {
        "type": "Point",
        "coordinates": [
          75.7904148,
          26.9117514
        ]
      },
      "id": "node/2187740663"
    },
    {
      "type": "Feature",
      "properties": {
        "@id": "node/2187740665",
        "railway": "switch"
      },
      "geometry": {
        "type": "Point",
        "coordinates": [
          75.7903342,
          26.9112831
        ]
      },
      "id": "node/2187740665"
    },
    {
      "type": "Feature",
      "properties": {
        "@id": "node/2187760676",
        "railway": "switch"
      },
      "geometry": {
        "type": "Point",
        "coordinates": [
          75.7768744,
          26.927986
        ]
      },
      "id": "node/2187760676"
    },
    {
      "type": "Feature",
      "properties": {
        "@id": "node/2187794615",
        "historic:ref": "BOBF",
        "internet_access": "no",
        "name": "Bobas",
        "network": "IR",
        "operator": "NWR",
        "public_transport": "station",
        "railway": "station",
        "ref": "BOBS",
        "train": "yes",
        "wikidata": "Q25549447"
      },
      "geometry": {
        "type": "Point",
        "coordinates": [
          75.4984928,
          26.9060036
        ]
      },
      "id": "node/2187794615"
    },
    {
      "type": "Feature",
      "properties": {
        "@id": "node/2187794616",
        "historic:ref": "SHNF",
        "internet_access": "no",
        "name": "Sheo Singh Pura",
        "network": "IR",
        "operator": "NWR",
        "public_transport": "station",
        "railway": "station",
        "ref": "SHNX",
        "train": "yes",
        "wikidata": "Q63371754"
      },
      "geometry": {
        "type": "Point",
        "coordinates": [
          75.5676741,
          26.9135978
        ]
      },
      "id": "node/2187794616"
    },
    {
      "type": "Feature",
      "properties": {
        "@id": "node/2187794617",
        "historic:ref": "DNKF",
        "internet_access": "no",
        "name": "Dhanakya",
        "network": "IR",
        "operator": "NWR",
        "public_transport": "station",
        "railway": "station",
        "ref": "DNK",
        "train": "yes",
        "wikidata": "Q31293368"
      },
      "geometry": {
        "type": "Point",
        "coordinates": [
          75.6054696,
          26.9184279
        ]
      },
      "id": "node/2187794617"
    },
    {
      "type": "Feature",
      "properties": {
        "@id": "node/2187794618",
        "historic:ref": "JOBF",
        "internet_access": "no",
        "name": "AsaIpur Jobner",
        "network": "IR",
        "operator": "NWR",
        "public_transport": "station",
        "railway": "station",
        "ref": "JOB",
        "train": "yes",
        "wikidata": "Q63371753"
      },
      "geometry": {
        "type": "Point",
        "coordinates": [
          75.4243582,
          26.9005527
        ]
      },
      "id": "node/2187794618"
    },
    {
      "type": "Feature",
      "properties": {
        "@id": "node/2187795019",
        "railway": "switch"
      },
      "geometry": {
        "type": "Point",
        "coordinates": [
          75.6937238,
          26.9283214
        ]
      },
      "id": "node/2187795019"
    },
    {
      "type": "Feature",
      "properties": {
        "@id": "node/2187795024",
        "railway": "switch"
      },
      "geometry": {
        "type": "Point",
        "coordinates": [
          75.6955116,
          26.9284913
        ]
      },
      "id": "node/2187795024"
    },
    {
      "type": "Feature",
      "properties": {
        "@id": "node/2187795026",
        "railway": "switch"
      },
      "geometry": {
        "type": "Point",
        "coordinates": [
          75.6950571,
          26.9285312
        ]
      },
      "id": "node/2187795026"
    },
    {
      "type": "Feature",
      "properties": {
        "@id": "node/2188100751",
        "internet_access": "yes",
        "name": "Ajmer Junction",
        "name:hi": "अजमेर जंक्शन",
        "network": "IR",
        "operator": "NWR",
        "public_transport": "station",
        "railway": "station",
        "ref": "AII",
        "train": "yes",
        "wikidata": "Q12413238",
        "wikipedia": "en:Ajmer Junction railway station"
      },
      "geometry": {
        "type": "Point",
        "coordinates": [
          74.6373478,
          26.4563356
        ]
      },
      "id": "node/2188100751"
    },
    {
      "type": "Feature",
      "properties": {
        "@id": "node/2188100752",
        "internet_access": "no",
        "name": "Gahlota",
        "network": "IR",
        "operator": "NWR",
        "public_transport": "station",
        "railway": "station",
        "ref": "GLTA",
        "train": "yes",
        "wikidata": "Q63356302"
      },
      "geometry": {
        "type": "Point",
        "coordinates": [
          74.9709133,
          26.6741903
        ]
      },
      "id": "node/2188100752"
    },
    {
      "type": "Feature",
      "properties": {
        "@id": "node/2188100753",
        "internet_access": "no",
        "name": "Gegal Akhri",
        "network": "IR",
        "operator": "NWR",
        "public_transport": "station",
        "railway": "station",
        "ref": "GEK",
        "train": "yes",
        "wikidata": "Q63368994"
      },
      "geometry": {
        "type": "Point",
        "coordinates": [
          74.7777295,
          26.5422102
        ]
      },
      "id": "node/2188100753"
    },
    {
      "type": "Feature",
      "properties": {
        "@id": "node/2188100755",
        "internet_access": "no",
        "name": "Ladpura",
        "network": "IR",
        "operator": "NWR",
        "public_transport": "station",
        "railway": "station",
        "ref": "LR",
        "train": "yes",
        "wikidata": "Q63358078"
      },
      "geometry": {
        "type": "Point",
        "coordinates": [
          74.7345929,
          26.5092418
        ]
      },
      "id": "node/2188100755"
    },
    {
      "type": "Feature",
      "properties": {
        "@id": "node/2188100757",
        "historic:ref": "MD",
        "internet_access": "no",
        "name": "Madar Junction",
        "network": "IR",
        "operator": "NWR",
        "public_transport": "station",
        "railway": "station",
        "ref": "MDJN",
        "train": "yes",
        "wikidata": "Q24949811",
        "wikipedia": "en:Khwaja Garib Nawaz Madar Junction railway station"
      },
      "geometry": {
        "type": "Point",
        "coordinates": [
          74.6850428,
          26.4628698
        ]
      },
      "id": "node/2188100757"
    },
    {
      "type": "Feature",
      "properties": {
        "@id": "node/2188100760",
        "internet_access": "no",
        "name": "Naraina",
        "network": "IR",
        "operator": "NWR",
        "public_transport": "station",
        "railway": "station",
        "ref": "NRI",
        "train": "yes",
        "wikidata": "Q24948640",
        "wikipedia": "en:Naraina railway station"
      },
      "geometry": {
        "type": "Point",
        "coordinates": [
          75.1922947,
          26.7961467
        ]
      },
      "id": "node/2188100760"
    },
    {
      "type": "Feature",
      "properties": {
        "@id": "node/2188101057",
        "internet_access": "no",
        "name": "Mandawariya",
        "network": "IR",
        "operator": "NWR",
        "public_transport": "station",
        "railway": "station",
        "ref": "MNDV",
        "train": "yes",
        "wikidata": "Q63361335"
      },
      "geometry": {
        "type": "Point",
        "coordinates": [
          74.8961518,
          26.62501
        ]
      },
      "id": "node/2188101057"
    },
    {
      "type": "Feature",
      "properties": {
        "@id": "node/2188101099",
        "internet_access": "no",
        "name": "Dantra",
        "network": "IR",
        "operator": "NWR",
        "public_transport": "station",
        "railway": "station",
        "ref": "DTRA",
        "train": "yes",
        "wikidata": "Q63356621"
      },
      "geometry": {
        "type": "Point",
        "coordinates": [
          75.1539994,
          26.774786
        ]
      },
      "id": "node/2188101099"
    },
    {
      "type": "Feature",
      "properties": {
        "@id": "node/2188101125",
        "internet_access": "no",
        "name": "Sakhun",
        "network": "IR",
        "operator": "NWR",
        "public_transport": "station",
        "railway": "station",
        "ref": "SK",
        "train": "yes",
        "wikidata": "Q63355496"
      },
      "geometry": {
        "type": "Point",
        "coordinates": [
          75.0912301,
          26.7378132
        ]
      },
      "id": "node/2188101125"
    },
    {
      "type": "Feature",
      "properties": {
        "@id": "node/2188101126",
        "internet_access": "no",
        "name": "Sali",
        "network": "IR",
        "operator": "NWR",
        "public_transport": "station",
        "railway": "station",
        "ref": "SALI",
        "train": "yes",
        "wikidata": "Q63357024"
      },
      "geometry": {
        "type": "Point",
        "coordinates": [
          75.0320355,
          26.7064414
        ]
      },
      "id": "node/2188101126"
    },
    {
      "type": "Feature",
      "properties": {
        "@id": "node/2188101127",
        "internet_access": "no",
        "name": "Tilonia",
        "network": "IR",
        "operator": "NWR",
        "public_transport": "station",
        "railway": "station",
        "ref": "TL",
        "train": "yes",
        "wikidata": "Q64232178"
      },
      "geometry": {
        "type": "Point",
        "coordinates": [
          74.9345921,
          26.6530619
        ]
      },
      "id": "node/2188101127"
    },
    {
      "type": "Feature",
      "properties": {
        "@id": "node/2188691233",
        "internet_access": "no",
        "name": "Durgapura",
        "network": "IR",
        "operator": "NWR",
        "public_transport": "station",
        "railway": "station",
        "ref": "DPA",
        "train": "yes",
        "wikidata": "Q17052166",
        "wikipedia": "en:Durgapura railway station"
      },
      "geometry": {
        "type": "Point",
        "coordinates": [
          75.7870163,
          26.855093
        ]
      },
      "id": "node/2188691233"
    },
    {
      "type": "Feature",
      "properties": {
        "@id": "node/2188691283",
        "internet_access": "no",
        "name": "Sanganer",
        "network": "IR",
        "operator": "NWR",
        "public_transport": "station",
        "railway": "station",
        "ref": "SNGN",
        "train": "yes",
        "wikidata": "Q63371819"
      },
      "geometry": {
        "type": "Point",
        "coordinates": [
          75.7731874,
          26.8146217
        ]
      },
      "id": "node/2188691283"
    },
    {
      "type": "Feature",
      "properties": {
        "@id": "node/2188691284",
        "internet_access": "no",
        "name": "Sheodaspura Padampura",
        "network": "IR",
        "operator": "NWR",
        "public_transport": "station",
        "railway": "station",
        "ref": "SAS",
        "train": "yes",
        "wikidata": "Q63371811"
      },
      "geometry": {
        "type": "Point",
        "coordinates": [
          75.8846872,
          26.7098709
        ]
      },
      "id": "node/2188691284"
    },
    {
      "type": "Feature",
      "properties": {
        "@id": "node/2188700290",
        "internet_access": "no",
        "name": "Gudha",
        "network": "IR",
        "operator": "NWR",
        "public_transport": "station",
        "railway": "station",
        "ref": "GA",
        "train": "yes",
        "wikidata": "Q31295656"
      },
      "geometry": {
        "type": "Point",
        "coordinates": [
          75.1287503,
          26.9504896
        ]
      },
      "id": "node/2188700290"
    },
    {
      "type": "Feature",
      "properties": {
        "@id": "node/2188700295",
        "internet_access": "no",
        "name": "Parbatsar City",
        "network": "IR",
        "operator": "NWR",
        "public_transport": "station",
        "railway": "station",
        "ref": "PBC",
        "train": "yes",
        "wikidata": "Q85792209",
        "wikipedia": "en:Parbatsar City railway station"
      },
      "geometry": {
        "type": "Point",
        "coordinates": [
          74.762621,
          26.8885329
        ]
      },
      "id": "node/2188700295"
    },
    {
      "type": "Feature",
      "properties": {
        "@id": "node/2188700343",
        "internet_access": "no",
        "name": "Sambhar Lake",
        "network": "IR",
        "operator": "NWR",
        "public_transport": "station",
        "railway": "station",
        "ref": "SBR",
        "train": "yes",
        "wikidata": "Q24949895",
        "wikipedia": "en:Sambhar Lake Town railway station"
      },
      "geometry": {
        "type": "Point",
        "coordinates": [
          75.1798971,
          26.9038913
        ]
      },
      "id": "node/2188700343"
    },
    {
      "type": "Feature",
      "properties": {
        "@id": "node/2669084994",
        "internet_access": "wlan",
        "name": "Jaipur Junction",
        "name:bh": "जयपुर जंक्शन",
        "name:bn": "জয়পুর জংশন",
        "name:en": "Jaipur Junction",
        "name:hi": "जयपुर जंक्शन",
        "name:kn": "ಜೈಪುರ ಜಂಕ್ಷನ್",
        "name:mr": "जयपूर जंक्शन",
        "network": "IR",
        "operator": "NWR",
        "public_transport": "station",
        "railway": "station",
        "railway:ref": "JP",
        "ref": "JP",
        "short_name": "Jaipur Jn.",
        "short_name:en": "Jaipur Jn.",
        "train": "yes",
        "wheelchair": "yes",
        "wikidata": "Q6124154"
      },
      "geometry": {
        "type": "Point",
        "coordinates": [
          75.7866539,
          26.9207888
        ]
      },
      "id": "node/2669084994"
    },
    {
      "type": "Feature",
      "properties": {
        "@id": "node/3800133391",
        "historic:ref": "HDAF",
        "internet_access": "no",
        "name": "Hirnoda",
        "network": "IR",
        "operator": "NWR",
        "public_transport": "station",
        "railway": "station",
        "ref": "HDA",
        "train": "yes",
        "wikidata": "Q31296594"
      },
      "geometry": {
        "type": "Point",
        "coordinates": [
          75.3284938,
          26.8857175
        ]
      },
      "id": "node/3800133391"
    },
    {
      "type": "Feature",
      "properties": {
        "@id": "node/5391526672",
        "name": "Sindhi Camp",
        "name:en": "Sindhi Camp",
        "name:hi": "सिन्धी कैंप",
        "network": "Jaipur Metro",
        "note": "Contributors are requested to not edit the \"network\" and the \"operator\" tags. (2023/11/08)",
        "official_name": "abhibus Sindhi Camp",
        "official_name:en": "abhibus Sindhi Camp",
        "official_name:hi": "अभीबस सिंधी कैंप",
        "operator": "Jaipur Metro Rail Corporation Limited",
        "public_transport": "station",
        "public_transport:version": "2",
        "railway": "station",
        "ref": "SICP",
        "shelter": "yes",
        "station": "subway",
        "subway": "yes",
        "wheelchair": "yes",
        "wikidata": "Q28180440",
        "wikipedia": "en:Sindhi Camp metro station"
      },
      "geometry": {
        "type": "Point",
        "coordinates": [
          75.799635,
          26.9224737
        ]
      },
      "id": "node/5391526672"
    },
    {
      "type": "Feature",
      "properties": {
        "@id": "node/5391527174",
        "name": "Railway Station",
        "name:hi": "रेलवे स्टेशन",
        "network": "Jaipur Metro",
        "note": "Contributors are requested to not edit the \"network\" and the \"operator\" tags. (2023/11/08)",
        "operator": "Jaipur Metro Rail Corporation Limited",
        "public_transport": "station",
        "public_transport:version": "2",
        "railway": "station",
        "ref": "MRSN",
        "shelter": "yes",
        "station": "subway",
        "subway": "yes",
        "wheelchair": "yes",
        "wikidata": "Q28180437",
        "wikipedia": "en:Railway Station metro station"
      },
      "geometry": {
        "type": "Point",
        "coordinates": [
          75.790129,
          26.9181132
        ]
      },
      "id": "node/5391527174"
    },
    {
      "type": "Feature",
      "properties": {
        "@id": "node/5587298144",
        "historic:ref": "KSGF",
        "internet_access": "no",
        "name": "Kishangarh",
        "network": "IR",
        "operator": "NWR",
        "public_transport": "station",
        "railway": "station",
        "ref": "KSG",
        "train": "yes",
        "wikidata": "Q62004800"
      },
      "geometry": {
        "type": "Point",
        "coordinates": [
          74.8248771,
          26.575597
        ]
      },
      "id": "node/5587298144"
    },
    {
      "type": "Feature",
      "properties": {
        "@id": "node/6427042948",
        "internet_access": "no",
        "name": "Parvatsar Mela",
        "network": "IR",
        "operator": "NWR",
        "public_transport": "station",
        "railway": "station",
        "ref": "PRCY",
        "train": "yes"
      },
      "geometry": {
        "type": "Point",
        "coordinates": [
          74.74762,
          26.9028121
        ]
      },
      "id": "node/6427042948"
    },
    {
      "type": "Feature",
      "properties": {
        "@id": "node/6700271266",
        "internet_access": "no",
        "name": "Shitala Road",
        "network": "IR",
        "operator": "NWR",
        "public_transport": "station",
        "railway": "station",
        "ref": "STRD",
        "train": "yes",
        "wikidata": "Q87746126"
      },
      "geometry": {
        "type": "Point",
        "coordinates": [
          75.8976613,
          26.6475689
        ]
      },
      "id": "node/6700271266"
    },
    {
      "type": "Feature",
      "properties": {
        "@id": "node/6717816740",
        "historic:ref": "DHNF",
        "internet_access": "no",
        "name": "Dhinda",
        "network": "IR",
        "operator": "NWR",
        "public_transport": "station",
        "railway": "station",
        "ref": "DHND",
        "train": "yes",
        "wikidata": "Q31293605"
      },
      "geometry": {
        "type": "Point",
        "coordinates": [
          75.370295,
          26.8921491
        ]
      },
      "id": "node/6717816740"
    },
    {
      "type": "Feature",
      "properties": {
        "@id": "node/6783208321",
        "name": "Civil Lines",
        "name:hi": "सिविल लाइन्स",
        "network": "Jaipur Metro",
        "note": "Contributors are requested to not edit the \"network\" and the \"operator\" tags. (2023/11/08)",
        "operator": "Jaipur Metro Rail Corporation Limited",
        "public_transport": "station",
        "public_transport:version": "2",
        "railway": "station",
        "ref": "CLJP",
        "shelter": "yes",
        "station": "subway",
        "subway": "yes",
        "wheelchair": "yes",
        "wikidata": "Q28180430",
        "wikipedia": "en:Civil Lines metro station (Jaipur)"
      },
      "geometry": {
        "type": "Point",
        "coordinates": [
          75.7812494,
          26.9096783
        ]
      },
      "id": "node/6783208321"
    },
    {
      "type": "Feature",
      "properties": {
        "@id": "node/7475555042",
        "railway": "switch"
      },
      "geometry": {
        "type": "Point",
        "coordinates": [
          75.790301,
          26.909868
        ]
      },
      "id": "node/7475555042"
    },
    {
      "type": "Feature",
      "properties": {
        "@id": "node/8043763876",
        "railway": "switch",
        "source": "Esri World Imagery (2024-09-15)"
      },
      "geometry": {
        "type": "Point",
        "coordinates": [
          75.7871579,
          26.8614794
        ]
      },
      "id": "node/8043763876"
    },
    {
      "type": "Feature",
      "properties": {
        "@id": "node/8043763878",
        "railway": "switch",
        "source": "Esri World Imagery (2024-09-15)"
      },
      "geometry": {
        "type": "Point",
        "coordinates": [
          75.7870609,
          26.8606365
        ]
      },
      "id": "node/8043763878"
    },
    {
      "type": "Feature",
      "properties": {
        "@id": "node/8043797785",
        "railway": "switch",
        "source": "Esri World Imagery (2024-09-15)"
      },
      "geometry": {
        "type": "Point",
        "coordinates": [
          75.7865276,
          26.8513911
        ]
      },
      "id": "node/8043797785"
    },
    {
      "type": "Feature",
      "properties": {
        "@id": "node/8043797795",
        "railway": "switch"
      },
      "geometry": {
        "type": "Point",
        "coordinates": [
          75.7865311,
          26.8523303
        ]
      },
      "id": "node/8043797795"
    },
    {
      "type": "Feature",
      "properties": {
        "@id": "node/8043797796",
        "railway": "switch"
      },
      "geometry": {
        "type": "Point",
        "coordinates": [
          75.7865263,
          26.8522563
        ]
      },
      "id": "node/8043797796"
    },
    {
      "type": "Feature",
      "properties": {
        "@id": "node/8043797812",
        "railway": "switch",
        "source": "Esri World Imagery (2024-09-15)"
      },
      "geometry": {
        "type": "Point",
        "coordinates": [
          75.78705,
          26.8604826
        ]
      },
      "id": "node/8043797812"
    },
    {
      "type": "Feature",
      "properties": {
        "@id": "node/8044083221",
        "name": "Chandpole",
        "name:hi": "चांदपोल",
        "network": "Jaipur Metro",
        "note": "Contributors are requested to not edit the \"network\" and the \"operator\" tags. (2023/11/08)",
        "operator": "Jaipur Metro Rail Corporation Limited",
        "public_transport": "station",
        "public_transport:version": "2",
        "railway": "station",
        "ref": "CDPE",
        "shelter": "yes",
        "station": "subway",
        "subway": "yes",
        "wheelchair": "yes",
        "wikidata": "Q28180449",
        "wikipedia": "en:Chandpole metro station"
      },
      "geometry": {
        "type": "Point",
        "coordinates": [
          75.807892,
          26.9266005
        ]
      },
      "id": "node/8044083221"
    },
    {
      "type": "Feature",
      "properties": {
        "@id": "node/8044083222",
        "name": "Choti Chaupar",
        "name:hi": "छोटी चौपड़",
        "network": "Jaipur Metro",
        "note": "Contributors are requested to not edit the \"network\" and the \"operator\" tags. (2023/11/08)",
        "operator": "Jaipur Metro Rail Corporation Limited",
        "public_transport": "station",
        "public_transport:version": "2",
        "railway": "station",
        "ref": "CDPE",
        "shelter": "yes",
        "station": "subway",
        "subway": "yes",
        "wheelchair": "yes",
        "wikidata": "Q20717371",
        "wikipedia": "en:Chhoti Chaupar metro station"
      },
      "geometry": {
        "type": "Point",
        "coordinates": [
          75.8184589,
          26.9247317
        ]
      },
      "id": "node/8044083222"
    },
    {
      "type": "Feature",
      "properties": {
        "@id": "node/8044083223",
        "name": "Badi Chaupar",
        "name:hi": "बड़ी चौपड़",
        "network": "Jaipur Metro",
        "note": "Contributors are requested to not edit the \"network\" and the \"operator\" tags. (2023/11/08)",
        "operator": "Jaipur Metro Rail Corporation Limited",
        "public_transport": "station",
        "public_transport:version": "2",
        "railway": "station",
        "shelter": "yes",
        "station": "subway",
        "subway": "yes",
        "wheelchair": "yes",
        "wikidata": "Q20311991",
        "wikipedia": "en:Badi Chaupar metro station"
      },
      "geometry": {
        "type": "Point",
        "coordinates": [
          75.8268223,
          26.9229585
        ]
      },
      "id": "node/8044083223"
    },
    {
      "type": "Feature",
      "properties": {
        "@id": "node/8140108469",
        "name": "Manasarovar",
        "name:hi": "मानसरोवर",
        "network": "Jaipur Metro",
        "note": "Contributors are requested to not edit the \"network\" and the \"operator\" tags. (2023/11/08)",
        "operator": "Jaipur Metro Rail Corporation Limited",
        "public_transport": "station",
        "public_transport:version": "2",
        "railway": "station",
        "ref": "MSOR",
        "shelter": "yes",
        "station": "subway",
        "subway": "yes",
        "wheelchair": "yes",
        "wikidata": "Q28180399",
        "wikipedia": "en:Mansarovar metro station"
      },
      "geometry": {
        "type": "Point",
        "coordinates": [
          75.7502389,
          26.8794402
        ]
      },
      "id": "node/8140108469"
    },
    {
      "type": "Feature",
      "properties": {
        "@id": "node/8149193787",
        "name": "Shyam Nagar",
        "name:hi": "श्याम नगर",
        "network": "Jaipur Metro",
        "note": "Contributors are requested to not edit the \"network\" and the \"operator\" tags. (2023/11/08)",
        "operator": "Jaipur Metro Rail Corporation Limited",
        "public_transport": "station",
        "public_transport:version": "2",
        "railway": "station",
        "ref": "SMNR",
        "shelter": "yes",
        "station": "subway",
        "subway": "yes",
        "wheelchair": "yes",
        "wikidata": "Q28180421",
        "wikipedia": "en:Shyam Nagar metro station"
      },
      "geometry": {
        "type": "Point",
        "coordinates": [
          75.7706279,
          26.8964768
        ]
      },
      "id": "node/8149193787"
    },
    {
      "type": "Feature",
      "properties": {
        "@id": "node/8149193788",
        "name": "Vivek Vihar",
        "name:hi": "विवेक विहार",
        "network": "Jaipur Metro",
        "note": "Contributors are requested to not edit the \"network\" and the \"operator\" tags. (2023/11/08)",
        "operator": "Jaipur Metro Rail Corporation Limited",
        "public_transport": "station",
        "public_transport:version": "2",
        "railway": "station",
        "ref": "VKVR",
        "shelter": "yes",
        "station": "subway",
        "subway": "yes",
        "wheelchair": "yes",
        "wikidata": "Q28180413",
        "wikipedia": "en:Vivek Vihar metro station"
      },
      "geometry": {
        "type": "Point",
        "coordinates": [
          75.768407,
          26.8884539
        ]
      },
      "id": "node/8149193788"
    },
    {
      "type": "Feature",
      "properties": {
        "@id": "node/8149193789",
        "name": "New Aatish Market",
        "name:hi": "नया आतिश मार्केट",
        "network": "Jaipur Metro",
        "note": "Contributors are requested to not edit the \"network\" and the \"operator\" tags. (2023/11/08)",
        "operator": "Jaipur Metro Rail Corporation Limited",
        "public_transport": "station",
        "public_transport:version": "2",
        "railway": "station",
        "ref": "NAMT",
        "shelter": "yes",
        "station": "subway",
        "subway": "yes",
        "wheelchair": "yes",
        "wikidata": "Q28180408",
        "wikipedia": "en:New Aatish Market metro station"
      },
      "geometry": {
        "type": "Point",
        "coordinates": [
          75.764466,
          26.880154
        ]
      },
      "id": "node/8149193789"
    },
    {
      "type": "Feature",
      "properties": {
        "@id": "node/8454127082",
        "railway": "switch"
      },
      "geometry": {
        "type": "Point",
        "coordinates": [
          75.7903427,
          26.9114235
        ]
      },
      "id": "node/8454127082"
    },
    {
      "type": "Feature",
      "properties": {
        "@id": "node/8454127083",
        "railway": "switch"
      },
      "geometry": {
        "type": "Point",
        "coordinates": [
          75.7903412,
          26.9122252
        ]
      },
      "id": "node/8454127083"
    },
    {
      "type": "Feature",
      "properties": {
        "@id": "node/12138161657",
        "railway": "switch"
      },
      "geometry": {
        "type": "Point",
        "coordinates": [
          75.790517,
          26.9141485
        ]
      },
      "id": "node/12138161657"
    },
    {
      "type": "Feature",
      "properties": {
        "@id": "node/12138161658",
        "railway": "switch"
      },
      "geometry": {
        "type": "Point",
        "coordinates": [
          75.7905124,
          26.914849
        ]
      },
      "id": "node/12138161658"
    },
    {
      "type": "Feature",
      "properties": {
        "@id": "node/12138161659",
        "railway": "switch"
      },
      "geometry": {
        "type": "Point",
        "coordinates": [
          75.7903985,
          26.9114747
        ]
      },
      "id": "node/12138161659"
    },
    {
      "type": "Feature",
      "properties": {
        "@id": "node/12138161660",
        "railway": "switch"
      },
      "geometry": {
        "type": "Point",
        "coordinates": [
          75.7904047,
          26.9108085
        ]
      },
      "id": "node/12138161660"
    },
    {
      "type": "Feature",
      "properties": {
        "@id": "node/12138161661",
        "railway": "switch"
      },
      "geometry": {
        "type": "Point",
        "coordinates": [
          75.7903961,
          26.9106678
        ]
      },
      "id": "node/12138161661"
    },
    {
      "type": "Feature",
      "properties": {
        "@id": "node/12138161662",
        "railway": "switch"
      },
      "geometry": {
        "type": "Point",
        "coordinates": [
          75.7904118,
          26.9126125
        ]
      },
      "id": "node/12138161662"
    },
    {
      "type": "Feature",
      "properties": {
        "@id": "node/12138161663",
        "railway": "switch"
      },
      "geometry": {
        "type": "Point",
        "coordinates": [
          75.7903489,
          26.912342
        ]
      },
      "id": "node/12138161663"
    },
    {
      "type": "Feature",
      "properties": {
        "@id": "node/12138161664",
        "railway": "switch"
      },
      "geometry": {
        "type": "Point",
        "coordinates": [
          75.7904519,
          26.9131277
        ]
      },
      "id": "node/12138161664"
    },
    {
      "type": "Feature",
      "properties": {
        "@id": "node/12596432689",
        "public_transport": "station",
        "railway": "station",
        "train": "yes"
      },
      "geometry": {
        "type": "Point",
        "coordinates": [
          75.7733027,
          26.8150426
        ]
      },
      "id": "node/12596432689"
    },
    {
      "type": "Feature",
      "properties": {
        "@id": "node/14060545962",
        "railway": "switch"
      },
      "geometry": {
        "type": "Point",
        "coordinates": [
          75.7759177,
          26.9286086
        ]
      },
      "id": "node/14060545962"
    },
    {
      "type": "Feature",
      "properties": {
        "@id": "node/14060548268",
        "railway": "switch"
      },
      "geometry": {
        "type": "Point",
        "coordinates": [
          75.7755049,
          26.9289081
        ]
      },
      "id": "node/14060548268"
    }
  ]
}